tarih,istasyon,sicaklik_ort_c,bagil_nem_ort_yuzde,yagis_toplam_mm,basinc_ort_hpa,ruzgar_u_ort_ms,ruzgar_v_ort_ms,ruzgar_hizi_ort_ms,saat_sayisi
2024-01-01,alanya,9.787343,87.56937,1.827526138754365,957.17096,-1.039128,-0.12389755,1.6382736,24
2024-01-02,alanya,11.040843,90.417656,15.387410065159202,955.58075,-1.4011415,0.6314984,1.7122546,24
2024-01-03,alanya,11.18217,82.94645,1.170980918686837,954.07544,-0.5111529,-0.126429,1.2529737,24
2024-01-04,alanya,11.445363,88.648865,10.258883296046406,952.65576,-1.1714491,0.72083837,1.4572029,24
2024-01-05,alanya,12.545685,83.17797,7.757559418678284,952.94727,0.1507899,-0.33971885,1.4747597,24
2024-01-06,alanya,11.0998125,71.653145,0.0009715556643641321,958.28876,-1.0758297,-0.40637624,1.794981,24
2024-01-07,alanya,11.610118,77.83187,4.952448420226574,953.9382,-2.1805546,1.7123976,2.9831543,24
2024-01-08,alanya,11.730998,91.153625,17.545336857438087,952.21875,-0.78047115,1.5458117,1.8856262,24
2024-01-09,alanya,10.454366,90.381165,23.661306127905846,949.65674,-1.4398174,1.2460871,2.0426805,24
2024-01-10,alanya,8.571797,86.68435,9.261628612875938,947.8889,-0.9644992,-0.009397428,1.2851552,24
2024-01-11,alanya,9.0503435,74.69465,0.01948513090610504,949.7049,-0.19967206,-0.5337403,1.3811668,24
2024-01-12,alanya,8.857188,78.345726,1.0696053504943848,946.06757,-0.23392868,-0.44207835,1.2183387,24
2024-01-13,alanya,6.9432883,67.65003,0.0027418136596679688,945.03986,-1.0138906,-1.2537341,1.8924664,24
2024-01-14,alanya,6.6928506,55.391933,0.0008642672923997452,949.58,-1.0519606,-0.7748731,1.8933586,24
2024-01-15,alanya,7.999817,79.540726,6.559938192424397,954.3794,-1.202273,0.57981616,1.677825,24
2024-01-16,alanya,10.122792,93.720764,59.999823570251465,954.0179,-0.023681244,2.35966,2.5024054,24
2024-01-17,alanya,11.6649475,86.1753,8.946093963459134,953.98553,-0.7113907,0.44159564,1.4756342,24
2024-01-18,alanya,10.4328,87.19706,1.0833382839336991,957.23773,-1.0986614,0.48905504,1.5474056,24
2024-01-19,alanya,11.163157,91.39569,17.43599772453308,956.1967,-1.2013885,0.94535446,1.8691493,24
2024-01-20,alanya,12.26241,82.525215,1.6558468341827393,956.01196,-1.7723392,0.9262986,2.190925,24
2024-01-21,alanya,10.33551,81.33283,6.2420666217803955,953.3724,-1.6579499,-0.65271336,1.8970104,24
2024-01-22,alanya,9.469747,59.43217,0.002595061232568696,952.02997,-2.408102,-2.6493034,3.5823896,24
2024-01-23,alanya,9.292104,60.2681,0.0008512009799233056,952.3193,-0.7734198,-1.3771948,2.3987958,24
2024-01-24,alanya,7.93986,57.016453,0.0,952.6226,-0.9207136,-1.4177946,2.0426512,24
2024-01-25,alanya,7.742096,70.37741,0.03998279498773627,952.2354,-0.92301875,-0.25985146,1.5604545,24
2024-01-26,alanya,7.2891946,69.83367,6.997257460170658,948.22626,0.12618764,-1.5105114,1.7322065,24
2024-01-27,alanya,5.286123,56.26412,0.0002086162567138672,951.87335,-0.25703683,-2.0462403,2.1474369,24
2024-01-28,alanya,5.2094827,60.113537,0.07751882367301732,954.3973,-0.7721341,-0.71036404,1.728774,24
2024-01-29,alanya,5.1846313,54.52629,0.1515537514933385,954.668,-1.3926712,-1.4210876,2.023125,24
2024-01-30,alanya,4.3070374,61.86816,7.371199033514131,951.8814,-1.2576351,-1.8022232,2.2510636,24
2024-01-31,alanya,5.649119,65.57707,1.6294007073156536,953.89136,-0.83014107,-1.5147413,1.7607971,24
2024-02-01,alanya,6.7710876,66.60435,0.086251187894959,954.96893,-0.58348364,-0.90446764,1.520114,24
2024-02-02,alanya,6.4030457,67.340294,0.0021338462374842493,953.08545,-0.7100274,-0.7711435,1.7992045,24
2024-02-03,alanya,6.480204,79.94038,1.004846183832342,954.48315,-1.2287045,0.009042104,1.8057243,24
2024-02-04,alanya,7.495768,76.76919,0.004366040229797363,955.56903,-0.29125512,-0.5085303,1.586675,24
2024-02-05,alanya,8.485158,67.48516,0.0017166130419354886,955.0457,0.14537652,-1.3961964,2.1203127,24
2024-02-06,alanya,10.131378,68.55284,0.0008553266184208042,958.675,-0.19949023,-1.0171397,1.7578092,24
2024-02-07,alanya,10.050801,79.41926,0.7742434972897172,959.08844,-0.30931473,0.20623283,1.4502206,24
2024-02-08,alanya,9.719513,87.37386,1.4035161002539098,957.0018,-0.86337596,0.48097146,1.3980259,24
2024-02-09,alanya,9.491374,86.04189,5.713981343433261,953.4864,-0.7766393,0.4506805,1.289997,24
2024-02-10,alanya,9.304891,82.667046,0.04298389103496447,956.2314,-0.4010614,-0.1621973,1.4544679,24
2024-02-11,alanya,10.224233,79.33712,0.001043081283569336,958.9399,-0.8068262,0.04038326,1.562305,24
2024-02-12,alanya,12.475688,65.24419,0.008199020157917403,954.4145,-1.2886187,0.68007964,1.933592,24
2024-02-13,alanya,13.483531,56.79347,1.726140499158646,946.6795,-2.7102463,1.0018166,3.1669567,24
2024-02-14,alanya,9.294495,84.10284,10.41383109986782,942.39844,-0.06497375,-0.9709606,1.6491972,24
2024-02-15,alanya,8.95815,80.26653,2.7252594009041786,946.5241,-1.0210994,0.128486,1.804997,24
2024-02-16,alanya,9.482076,78.522514,5.467206239700317,949.388,0.3371844,-0.43393645,1.1627265,24
2024-02-17,alanya,9.799652,74.64008,1.0139166843146086,953.4238,0.077383675,-0.678572,1.5066695,24
2024-02-18,alanya,8.854655,77.75892,2.9639452695846558,955.24194,-0.32411274,-0.84180397,1.5254059,24
2024-02-19,alanya,8.998637,68.34353,0.0017232223399332725,954.0586,-0.21850665,-0.80392,1.5987955,24
2024-02-20,alanya,8.849498,67.82132,0.005587310624832753,955.30835,-0.5207698,-0.36779153,1.5500387,24
2024-02-21,alanya,9.064525,75.21751,0.1361114154860843,956.7742,-0.51740646,0.052878022,1.383976,24
2024-02-22,alanya,9.358002,79.31371,0.05688071178155951,956.7348,-0.2166074,-0.1970917,1.4297504,24
2024-02-23,alanya,9.883514,73.93276,0.0012755390343954787,956.8443,0.03439649,-0.59691066,1.5188417,24
2024-02-24,alanya,10.172069,71.16686,0.026986895136360545,957.36053,0.110879265,-0.6691815,1.5692323,24
2024-02-25,alanya,11.237152,69.74319,0.0008377668336834176,955.83966,-0.25228664,-0.6505603,1.7430342,24
2024-02-26,alanya,10.546509,75.06544,0.21022980217821896,951.71246,-1.1496048,0.4216151,1.6820703,24
2024-02-27,alanya,10.739614,70.84966,0.03393035149201751,953.22,0.0874995,-0.5891749,1.6356276,24
2024-02-28,alanya,10.9332075,73.51313,0.0,958.3643,-0.02439948,-0.2834848,1.4006834,24
2024-02-29,alanya,11.034434,77.87063,0.0,959.16815,-0.18356831,-0.49506378,1.5840608,24
2024-03-01,alanya,10.893535,78.03467,0.000852346317969932,954.8006,-0.079660416,-0.7878113,1.9695139,24
2024-03-02,alanya,11.493602,66.48284,0.006818771169037063,949.55194,-0.051322937,-0.43380138,1.534757,24
2024-03-03,alanya,10.893352,65.378235,0.005104432148073101,949.57916,-0.06982867,-0.00586013,1.3657812,24
2024-03-04,alanya,10.215016,77.813896,0.703018915373832,951.3357,-0.22900772,-0.22034772,1.4854566,24
2024-03-05,alanya,10.224091,81.444176,13.959567993879318,951.0506,-1.1890888,1.5189809,2.5949636,24
2024-03-06,alanya,10.216309,85.73954,15.05357213318348,947.8503,-0.21120135,0.5588006,1.6046275,24
2024-03-07,alanya,9.737529,69.77529,0.000852346317969932,951.00684,0.20696767,-0.75842553,1.8619522,24
2024-03-08,alanya,8.159129,80.74383,5.609157495200634,951.43976,-1.0908979,0.15052497,1.862678,24
2024-03-09,alanya,9.199971,70.44949,0.016003847122192383,950.3789,0.49113083,-0.73024315,1.8243958,24
2024-03-10,alanya,9.3809,63.139294,0.008049606549320742,952.45233,-0.460392,-0.7716592,1.9067168,24
2024-03-11,alanya,9.483887,67.84473,0.0004351138045421976,958.54315,-0.12482604,-0.5358575,1.7604855,24
2024-03-12,alanya,10.519836,73.07775,0.002831732274444221,957.4118,-0.2294553,-0.19252138,1.4558438,24
2024-03-13,alanya,12.666097,61.12885,0.32570958137512207,951.67163,-0.23493862,0.014359157,1.0704621,24
2024-03-14,alanya,10.464966,70.75087,1.1791468132287264,950.3648,0.02652506,-0.102987014,1.426744,24
2024-03-15,alanya,10.385498,73.79722,0.9074561530724168,950.8045,0.14284618,-0.098992385,1.3550102,24
2024-03-16,alanya,10.484151,72.10345,0.023846165277063847,952.9808,-0.17917748,-0.3893725,1.7066802,24
2024-03-17,alanya,9.902598,76.864784,0.16179680824279785,952.1656,-0.49645677,0.16955638,1.6383077,24
2024-03-18,alanya,11.030823,71.78333,1.7406292899977416,946.09845,0.12270037,-0.95706177,1.6545721,24
2024-03-19,alanya,11.1145935,69.706566,0.08614659600425512,944.4922,0.21379662,-0.6040687,2.0023038,24
2024-03-20,alanya,10.555593,78.5867,5.494889846886508,947.9585,-0.77284557,0.80180246,1.8190533,24
2024-03-21,alanya,9.662486,83.054474,9.03822761029005,948.23944,-0.5720073,-0.20633762,1.3460468,24
2024-03-22,alanya,8.37206,54.916443,0.002133845555363223,947.178,1.0506516,-1.8774363,2.8547084,24
2024-03-23,alanya,8.399486,54.35646,0.000852346317969932,949.46484,-0.28791618,-0.65816236,1.9615394,24
2024-03-24,alanya,8.6640625,67.49348,0.000852346317969932,948.2681,0.3534379,-0.45683178,1.8308252,24
2024-03-25,alanya,9.980336,79.08434,18.46626028418541,947.533,-0.03848521,0.97152835,2.196012,24
2024-03-26,alanya,13.669118,74.44881,10.751500725746155,949.8564,1.2741299,-0.0871286,2.0975416,24
2024-03-27,alanya,13.941365,69.58193,0.0017583370208740234,954.7504,-0.43386588,0.17781997,1.3168823,24
2024-03-28,alanya,13.391255,70.127174,0.0008821486972010462,954.8413,-0.3228391,-0.4898336,1.6472975,24
2024-03-29,alanya,16.15922,63.545197,0.002294778823852539,953.769,-0.0731312,-0.66724926,1.5461932,24
2024-03-30,alanya,16.370169,68.31486,0.000852346317969932,956.13116,-0.4009622,-0.63083935,1.7971023,24
2024-03-31,alanya,17.229471,67.28136,0.0017074116840376519,958.1311,-0.25190863,-0.83748245,1.908595,24
2024-04-01,alanya,17.087412,69.33403,0.0,956.2059,-0.2864457,-0.53707224,1.7450494,24
2024-04-02,alanya,17.798594,71.18003,0.0021412958517430525,952.894,-0.18125351,-0.554443,1.8211051,24
2024-04-03,alanya,17.651724,71.14999,0.0,951.16644,-0.35418764,-0.13981903,1.5710601,24
2024-04-04,alanya,15.548096,70.10432,0.016712601791368797,951.4185,-0.60191196,0.59536237,1.7163955,24
2024-04-05,alanya,15.656047,72.85668,1.322704596532276,951.4974,0.28684172,0.1681978,1.3192481,24
2024-04-06,alanya,14.040975,67.76264,4.02404647320509,950.4981,-0.38399315,-0.730614,1.7600745,24
2024-04-07,alanya,14.411102,54.064404,0.04369644375401549,946.2675,-0.50843495,-0.79900074,1.9067234,24
2024-04-08,alanya,13.105489,64.59667,4.580712320603197,946.62225,-0.90717506,-0.6102672,1.8221885,24
2024-04-09,alanya,13.195699,72.89226,3.1616236083209515,947.5686,0.13024203,-0.39776573,1.2304846,24
2024-04-10,alanya,14.858296,81.18566,19.021884072571993,948.72174,-0.13360088,0.42837465,1.0334902,24
2024-04-11,alanya,14.840352,84.033714,11.407852172851562,952.34845,0.022092184,-0.21568425,1.4438475,24
2024-04-12,alanya,15.295674,83.58609,11.860489845275879,953.6658,-0.014813741,-0.3222214,1.4637953,24
2024-04-13,alanya,16.71222,77.400795,8.390376344323158,952.57623,-0.11038145,-0.3934021,1.3035423,24
2024-04-14,alanya,16.912546,67.15709,2.195680048316717,950.8784,-0.65474576,-1.236126,1.7149094,24
2024-04-15,alanya,17.514181,56.160202,0.0008642672355563263,952.96796,-0.24196117,-0.8998367,1.7861806,24
2024-04-16,alanya,17.184296,59.026077,0.00042915337417070987,953.7014,-0.4144001,-0.29540625,1.7848816,24
2024-04-17,alanya,17.451508,57.102345,0.003697105057653971,948.46014,-1.0004692,0.39131165,1.9912893,24
2024-04-18,alanya,17.306223,69.930916,0.14778971672058105,945.7674,-0.3760451,1.9055456,2.1290905,24
2024-04-19,alanya,15.460826,77.56005,0.3796994569711387,948.883,-0.12146187,1.030681,1.4634992,24
2024-04-20,alanya,13.604329,83.40906,14.491260051727295,947.5286,-0.898098,1.5319468,2.3451657,24
2024-04-21,alanya,14.109813,76.502396,0.08760392665863037,950.92236,-0.22189903,0.4804584,1.632646,24
2024-04-22,alanya,15.498993,75.12542,0.0020116567611694336,955.82697,0.5808881,-0.08129486,1.3601378,24
2024-04-23,alanya,18.17958,61.460297,0.0025548131361574633,955.9148,-0.3470281,-0.42542008,1.4359937,24
2024-04-24,alanya,21.543966,44.48936,0.0017306650761383935,950.5686,-0.95571965,-0.4771202,1.7824134,24
2024-04-25,alanya,23.321218,40.908184,0.06096362994867377,946.13354,-0.5422682,0.008328517,1.5945812,24
2024-04-26,alanya,20.877157,53.003098,0.0,946.852,-0.20443566,0.3817853,1.2134751,24
2024-04-27,alanya,18.475098,65.03903,0.038933755320158525,948.4515,-0.3962743,-0.58534646,1.6814786,24
2024-04-28,alanya,20.11323,66.754845,0.003823414544967818,949.5737,-0.26161957,-0.016988754,1.6728044,24
2024-04-29,alanya,19.66871,68.05505,0.0025779005454751314,949.7747,-0.1071612,-0.12877782,1.6566306,24
2024-04-30,alanya,19.562256,73.58525,4.213949008430973,948.9471,-0.422369,-0.7349598,1.7828768,24
2024-05-01,alanya,20.105509,72.35355,0.996279704850167,947.4997,-0.5626094,0.030561605,1.6821352,24
2024-05-02,alanya,18.621805,77.49203,0.6800770643167198,945.2236,0.08819262,0.12624311,1.6514908,24
2024-05-03,alanya,18.0837,71.49766,0.0,943.8227,0.7622426,-0.1562887,2.042625,24
2024-05-04,alanya,16.178946,80.647545,9.94072575122118,942.8951,0.28280893,1.2926656,1.9560674,24
2024-05-05,alanya,14.3619995,73.2996,7.45802465826273,943.13055,0.34840837,0.02295939,1.2631785,24
2024-05-06,alanya,15.339152,63.25717,1.0443031787872314,946.9819,0.32847914,-0.50161505,1.6488832,24
2024-05-07,alanya,15.436717,61.751312,0.0008702277796146518,950.63763,0.1674722,-0.20056915,1.9017249,24
2024-05-08,alanya,16.365072,73.50687,0.0023931265786814038,953.23145,-0.076908745,0.3631804,1.5481726,24
2024-05-09,alanya,16.678741,68.50539,0.0013619651326735038,950.92633,0.10747465,-0.33617756,1.4636675,24
2024-05-10,alanya,19.290487,59.318176,0.3661334631033242,945.7,-0.4455382,0.25441352,2.153187,24
2024-05-11,alanya,15.774791,82.80192,6.862342299427837,945.5129,-0.4170958,1.4109386,1.8706708,24
2024-05-12,alanya,16.140787,79.2817,6.366074085235596,946.5114,0.5210864,0.11276277,1.1527698,24
2024-05-13,alanya,16.61084,69.011696,2.635093405842781,946.4956,0.36898994,-0.330196,1.4162697,24
2024-05-14,alanya,16.113607,63.535732,4.6566128730773926e-07,948.43036,0.06955973,-0.12093369,1.8248132,24
2024-05-15,alanya,16.851807,69.8492,0.5697568412870169,951.37604,0.10584005,0.49371645,1.2862748,24
2024-05-16,alanya,17.39096,69.45655,0.2128830528818071,954.87555,0.7016652,-0.11864591,1.5997807,24
2024-05-17,alanya,18.559378,75.55456,0.0012949021765962243,955.4792,0.4735031,-0.10211575,1.5264292,24
2024-05-18,alanya,20.342072,71.684265,0.0,952.94684,0.48855782,0.08094553,1.481197,24
2024-05-19,alanya,20.703094,72.09333,0.000852346317969932,950.22833,0.07172712,-0.059360225,1.526338,24
2024-05-20,alanya,20.999949,72.901085,0.0,947.51666,0.28195572,0.022273183,1.4778461,24
2024-05-21,alanya,22.137482,71.6366,0.01395310118823545,948.8593,0.20625305,-0.21535115,1.7140619,24
2024-05-22,alanya,22.240835,71.71191,0.0008583068620282575,949.8391,0.048065186,-0.143079,1.6559016,24
2024-05-23,alanya,20.655344,74.450035,0.14138221740722656,947.2282,-0.45166907,1.0375661,2.0445044,24
2024-05-24,alanya,19.059448,66.1488,1.7070651083486155,944.5455,1.19074,-0.9685815,1.9546794,24
2024-05-25,alanya,19.726593,62.49844,2.184748649597168,946.1257,0.48698553,-0.31612015,1.5613416,24
2024-05-26,alanya,18.942932,73.28884,0.8023083209991455,948.237,-0.49558067,0.7385909,1.8439862,24
2024-05-27,alanya,19.57846,68.36895,2.9144943691790104,947.6258,0.7364178,-0.32744053,1.5197598,24
2024-05-28,alanya,18.820292,72.38366,1.0009240359067917,948.1324,0.102772236,0.51541775,1.4754891,24
2024-05-29,alanya,18.874338,79.875114,2.280622720718384,949.4598,0.106105804,0.61220807,1.1948456,24
2024-05-30,alanya,17.880066,78.890755,1.4870583545416594,949.8315,0.3108139,0.44723284,1.385313,24
2024-05-31,alanya,18.450104,77.89243,0.21085143089294434,952.8089,0.78249425,-0.06923866,1.5326835,24
2024-06-01,alanya,20.573221,74.2483,0.01677274667599704,955.6313,0.6166261,-0.11106491,1.6464424,24
2024-06-02,alanya,23.022583,65.90952,0.0,953.4592,0.4114348,-0.19289207,1.7089225,24
2024-06-03,alanya,25.28299,55.530537,0.0017195934560731985,950.53876,-0.13870303,-0.37104097,1.7202325,24
2024-06-04,alanya,26.246735,53.654903,0.0,948.8475,-0.2683108,-0.49209785,2.0233977,24
2024-06-05,alanya,27.817535,48.39922,1.4219582080841064,948.15607,-0.62385917,-0.54404896,1.9699634,24
2024-06-06,alanya,28.368979,45.067448,0.0,948.44574,-0.80070263,-0.7634824,1.9147754,24
2024-06-07,alanya,27.858377,45.957203,1.515916036339604,948.1635,-0.09083494,-1.2746168,2.2044017,24
2024-06-08,alanya,26.343628,49.934185,2.34338641166687,944.7928,-0.03866132,-0.5891285,1.8947262,24
2024-06-09,alanya,25.292074,54.68219,0.0,944.1902,-0.46460596,-0.44145966,1.9939762,24
2024-06-10,alanya,25.1185,51.360058,0.000852346317969932,947.35645,-0.058832806,-0.24747129,2.0131888,24
2024-06-11,alanya,25.21992,57.748188,0.0008523463748133508,948.7258,0.05357361,0.16692972,1.7908062,24
2024-06-12,alanya,26.885681,59.56011,0.0017132691141341638,950.0197,0.09991328,0.0296729,1.6291103,24
2024-06-13,alanya,28.177145,56.01857,0.000852346317969932,950.73883,0.07671547,-0.41628134,1.7564931,24
2024-06-14,alanya,29.171875,50.12553,0.2930426374518902,948.6223,-0.39017233,-0.34743395,2.0631676,24
2024-06-15,alanya,27.717417,51.008648,0.0012785349099431187,943.7762,-0.20467441,0.9123414,1.6521912,24
2024-06-16,alanya,25.266287,67.19839,0.0017106531231547706,945.0537,-0.13571484,0.6696198,1.7506012,24
2024-06-17,alanya,25.40325,74.75147,0.5212753894738853,947.99677,0.5708594,0.5341504,1.4255582,24
2024-06-18,alanya,25.943909,71.556435,0.008930032890930306,948.8054,0.62556916,0.32750574,1.4671229,24
2024-06-19,alanya,26.444702,65.1186,0.0,947.9187,0.4125576,0.15121524,1.5901431,24
2024-06-20,alanya,26.594309,64.27415,0.0,947.13324,0.43020377,0.15626018,1.5584356,24
2024-06-21,alanya,26.401785,64.55518,1.1518895159383646,945.31537,0.23109226,0.49671745,1.3585213,24
2024-06-22,alanya,25.740519,68.92687,6.303461268544197,942.44354,0.22344069,0.64982873,1.3240722,24
2024-06-23,alanya,26.229807,67.664604,0.0,942.1141,0.34958586,0.32959667,1.4696378,24
2024-06-24,alanya,25.996511,67.29003,0.0004410743486005231,944.60126,0.3619728,0.32299092,1.6372976,24
2024-06-25,alanya,26.71235,70.76047,0.0012516975402832031,945.15875,0.75191814,0.28102013,1.4874868,24
2024-06-26,alanya,27.473764,67.52291,0.7547348968728329,944.2518,0.20417087,0.18300013,1.580691,24
2024-06-27,alanya,27.131327,64.98932,0.015154480934143066,944.9024,0.19182777,0.2759571,1.7147446,24
2024-06-28,alanya,26.897543,64.90855,0.20298025629017502,943.1264,0.15603955,0.45156097,1.5846978,24
2024-06-29,alanya,25.758871,67.89394,4.813939624000341,940.52216,-0.0848554,0.60491467,1.3507586,24
2024-06-30,alanya,26.565186,46.69676,0.0012891123333247378,942.5131,-0.31700453,-0.24609332,1.8964702,24
2024-07-01,alanya,26.837534,47.072433,1.979060471057892e-06,943.1516,-0.22432835,-0.60522676,1.6954722,24
2024-07-02,alanya,26.862326,49.83076,0.000852346317969932,942.1302,0.04982376,-0.056237657,1.8472238,24
2024-07-03,alanya,26.404245,55.09788,0.026285648345947266,942.18335,-0.16386795,1.1690477,1.7984146,24
2024-07-04,alanya,24.311981,69.764496,0.33171818358823657,944.3659,0.19818878,1.5692221,1.7543887,24
2024-07-05,alanya,23.528036,73.055504,2.640507882460952,945.6424,0.95105934,0.47771585,1.3886572,24
2024-07-06,alanya,26.962973,54.66154,0.0021571058823610656,943.75555,0.0503877,-0.08425633,1.3677691,24
2024-07-07,alanya,28.344248,48.82726,0.0,942.7015,-0.7121174,-0.68637824,1.4202367,24
2024-07-08,alanya,28.588114,50.84416,0.0,942.4507,-0.37329355,-0.17654042,1.8434014,24
2024-07-09,alanya,28.279877,58.85332,3.480160236335905,943.0975,-0.41682115,0.33320192,1.651348,24
2024-07-10,alanya,27.368612,66.71708,2.4409592151641846,944.9666,0.15958977,0.19674599,1.5786966,24
2024-07-11,alanya,27.022196,66.62357,0.6703317048959434,946.94,0.35963914,0.5267868,1.5554575,24
2024-07-12,alanya,26.841806,64.89466,0.0008583068620282575,946.2649,0.6900336,0.3249806,1.6342888,24
2024-07-13,alanya,26.399567,67.747154,0.6487369537353516,943.81055,0.751517,0.5863295,1.4090171,24
2024-07-14,alanya,27.125732,69.472466,9.822214022278786,942.1867,0.834507,0.07160199,1.1760635,24
2024-07-15,alanya,27.262613,67.68086,0.07101893424987793,942.0573,0.105900444,0.17808454,1.5227685,24
2024-07-16,alanya,27.023245,70.61479,0.7550597219960764,943.8769,0.349795,0.26027656,1.499373,24
2024-07-17,alanya,27.174765,70.7261,0.0020563602447509766,945.3741,0.5917937,0.26583633,1.6155553,24
2024-07-18,alanya,27.663645,70.17702,0.009673834028944839,945.3006,0.43590736,-0.011192759,1.6074721,24
2024-07-19,alanya,29.24176,58.81361,0.0021398063836386427,942.8355,-0.25916353,-0.10845121,1.3630501,24
2024-07-20,alanya,29.426077,46.839092,0.0008595657732257678,941.7945,-0.5245431,-0.5964481,1.8755931,24
2024-07-21,alanya,28.502045,54.30339,0.002580881073299679,943.81146,-0.25565657,0.22854976,1.8447837,24
2024-07-22,alanya,28.12626,64.25256,0.000852346317969932,944.26764,0.14319737,0.28543565,1.5059047,24
2024-07-23,alanya,28.339874,74.66794,0.028520822525024414,944.2221,0.28769112,0.49518105,1.4131268,24
2024-07-24,alanya,27.86144,75.850266,0.009912252608046401,941.57697,0.38384566,0.6038087,1.3998599,24
2024-07-25,alanya,26.440725,81.24541,3.3450245382482535,939.8504,0.31397438,0.8792136,1.2547987,24
2024-07-26,alanya,26.236868,79.52346,3.7030577659606934,940.5035,1.1737919,0.21152027,1.3815109,24
2024-07-27,alanya,27.55538,57.355442,0.0,945.001,-0.14710426,-0.065049015,1.8607258,24
2024-07-28,alanya,27.790762,49.479473,0.0008583068620282575,948.1369,-0.4211,-0.6340396,1.6977473,24
2024-07-29,alanya,28.523855,46.751038,0.0021427867977763526,944.81805,-0.0559241,-0.42574397,2.1200356,24
2024-07-30,alanya,27.246511,59.63112,0.0008523463748133508,941.3559,0.12305959,0.22807086,1.6727062,24
2024-07-31,alanya,27.815125,52.4153,0.000852346317969932,943.47876,-0.47509256,0.0700353,1.9374884,24
2024-08-01,alanya,27.721222,53.446274,0.0021312280296115205,944.9112,0.16434605,0.22415797,1.8151375,24
2024-08-02,alanya,27.326487,57.970463,0.001716613724056515,944.2612,0.5232493,0.35530916,1.7289553,24
2024-08-03,alanya,26.803812,71.1775,0.027437561584520154,943.21466,0.59002304,0.7523086,1.4639939,24
2024-08-04,alanya,27.27711,70.4761,0.40584802627563477,944.1739,0.49268532,0.57114536,1.3076292,24
2024-08-05,alanya,26.8479,69.52652,0.04087388515472412,944.2392,0.8687846,0.26694402,1.6302992,24
2024-08-06,alanya,26.967936,70.16412,0.007316470146179199,944.0643,0.79978627,0.39839044,1.4845691,24
2024-08-07,alanya,27.04065,71.26597,0.9993910789489746,944.35693,0.45192146,0.51144725,1.3601274,24
2024-08-08,alanya,27.358511,69.58489,0.045239925384521484,945.83624,0.367534,0.63444734,1.2939261,24
2024-08-09,alanya,26.942688,72.18946,0.0,946.5647,0.74959373,0.51322097,1.4185015,24
2024-08-10,alanya,26.670572,75.51028,0.9540915489196777,946.9937,0.90581447,0.49732706,1.4147755,24
2024-08-11,alanya,27.78599,66.572586,2.542638685554266,946.0493,0.49812904,0.09137329,1.3774319,24
2024-08-12,alanya,28.47351,47.781475,0.0008583068620282575,945.0212,-0.4353784,-0.4523499,1.6932548,24
2024-08-13,alanya,28.614645,43.0354,0.0,945.79956,-0.071930565,-0.08742563,2.0425231,24
2024-08-14,alanya,27.641418,56.102646,0.0,946.5877,0.035114925,0.36295918,1.6820098,24
2024-08-15,alanya,27.532999,62.07622,0.6893575191497803,946.1504,-0.017669043,0.3176788,1.4529476,24
2024-08-16,alanya,28.43695,47.196003,0.0008583068620282575,943.88007,-0.55300266,-0.40756467,1.540423,24
2024-08-17,alanya,28.283274,36.836277,0.0,942.4758,-0.58729935,-0.6169917,2.1962507,24
2024-08-18,alanya,27.092337,46.260956,0.0008583068620282575,944.43024,-0.2561086,0.25963593,1.8658534,24
2024-08-19,alanya,26.657309,52.698612,0.0,946.95575,0.42569923,0.18155384,1.5808002,24
2024-08-20,alanya,26.420889,61.53905,0.0008546918479623855,947.2165,0.5864966,0.19007449,1.5614125,24
2024-08-21,alanya,27.256418,62.561993,0.021905341668571054,944.5756,0.13851695,0.83883524,1.5522114,24
2024-08-22,alanya,25.11555,73.578636,0.17848874267656356,944.0018,-0.09996291,1.3609605,1.7192599,24
2024-08-23,alanya,25.416016,79.84011,3.3048258628696203,946.8006,0.7862651,0.6006015,1.2189349,24
2024-08-24,alanya,27.086508,66.453766,4.162788391113281,946.69965,0.48623657,-0.11597967,1.0528871,24
2024-08-25,alanya,26.252676,66.09617,1.091453479602933,945.0552,-0.18894832,0.059099954,1.6181011,24
2024-08-26,alanya,26.057434,64.82436,0.0,946.37695,0.15274875,0.44723395,1.5651217,24
2024-08-27,alanya,25.666077,71.03051,1.042485237121582,947.7464,0.34705672,0.5165666,1.3102933,24
2024-08-28,alanya,25.552805,72.69109,0.4169285239186138,949.0828,0.7200432,0.3039446,1.3788996,24
2024-08-29,alanya,25.431946,74.01357,2.15126876719296,948.1076,0.6068942,0.455719,1.2361561,24
2024-08-30,alanya,25.114328,73.88034,2.2065192461013794,947.14154,0.49764824,0.23248418,1.3947176,24
2024-08-31,alanya,24.931437,72.420845,0.7216364028863609,946.6199,0.14664078,0.45872378,1.379847,24
2024-09-01,alanya,23.94274,74.82675,0.9249031427316368,946.3581,-0.18842697,0.9453328,1.5260483,24
2024-09-02,alanya,22.422323,75.604515,2.2847293876111507,949.98364,-0.27273688,1.0810477,1.3391052,24
2024-09-03,alanya,23.155142,79.87234,5.8043478056788445,950.59546,0.61600304,-0.03959437,1.1561445,24
2024-09-04,alanya,24.836609,74.768456,1.0827661026269197,948.11115,0.48789704,-0.0037425358,1.2482287,24
2024-09-05,alanya,25.499613,70.80648,0.34305453300476074,946.70184,0.41340923,0.04592411,1.4551411,24
2024-09-06,alanya,25.700317,67.19193,0.7844865322113037,947.1023,-0.0678641,-0.030672709,1.5220667,24
2024-09-07,alanya,26.071371,61.587345,0.0,947.8537,-0.018174132,0.06576856,1.6737018,24
2024-09-08,alanya,24.477417,69.10102,1.276995940031611,947.03546,-0.61481875,0.6111217,1.7685385,24
2024-09-09,alanya,24.069223,72.333336,0.12115827121306211,947.9078,-0.18110783,0.53975517,1.337866,24
2024-09-10,alanya,23.315207,76.393585,0.19278838590253145,947.4664,-0.23994307,1.0104913,1.6276697,24
2024-09-11,alanya,23.172049,69.80319,0.13993978791404516,948.7037,0.11491839,0.37087432,1.1856662,24
2024-09-12,alanya,24.449942,63.38528,0.015413761047966545,950.18146,0.85943156,0.07769016,1.5517069,24
2024-09-13,alanya,24.042643,70.53863,0.005575510840571951,948.31964,0.6442006,0.2300334,1.4979849,24
2024-09-14,alanya,24.29069,71.466805,0.009295847121393308,946.13403,0.3716488,0.28721836,1.4598217,24
2024-09-15,alanya,23.375051,74.05841,0.09333329307992244,944.2104,-0.3437214,1.1491137,1.8862716,24
2024-09-16,alanya,21.698435,74.33605,0.3217476769350469,944.794,0.3398107,0.7738774,1.8476639,24
2024-09-17,alanya,21.68216,74.16705,0.23058056831359863,949.17145,0.41496658,0.5750397,1.4637483,24
2024-09-18,alanya,22.862783,72.05462,0.4359424056019634,950.8064,0.4043331,0.46195984,1.1669434,24
2024-09-19,alanya,22.218689,72.7173,1.4949324540793896,948.1631,0.39124236,0.28209984,1.3226454,24
2024-09-20,alanya,22.402191,74.847664,5.402237293310463,948.4121,-0.087041855,0.5776547,1.2114297,24
2024-09-21,alanya,21.0018,77.52002,9.602004662156105,948.2609,-0.28636107,-0.024467787,1.1239574,24
2024-09-22,alanya,19.73819,78.471794,11.76865678280592,948.1761,0.122828804,-0.036016583,0.9624501,24
2024-09-23,alanya,20.415445,68.12556,1.4679193263873458,949.7436,0.036637623,0.11153078,1.3783507,24
2024-09-24,alanya,20.389334,67.72869,0.0008584358965890715,952.64874,0.08292389,-0.14114861,1.3594861,24
2024-09-25,alanya,21.75592,65.66597,3.259913228248479e-06,952.61066,0.5204932,-0.22609536,1.5922694,24
2024-09-26,alanya,22.620493,60.48816,0.0,951.0352,0.0076942444,-0.36341098,1.742651,24
2024-09-27,alanya,23.13379,60.025875,0.0004351138045421976,949.7277,-0.28920302,-0.39009032,1.7987221,24
2024-09-28,alanya,23.458344,59.82802,0.0008583068051848386,948.9444,-0.24555142,-0.324955,1.8454127,24
2024-09-29,alanya,22.580313,70.75489,0.0016868114016688196,947.2613,-0.22675069,0.23300464,1.5501326,24
2024-09-30,alanya,20.72114,78.25332,2.699746982443685,945.36127,-1.254397,1.4437017,2.2878494,24
2024-10-01,alanya,19.981049,63.10423,0.014960765838623047,944.01337,0.6048438,-0.15266363,1.7538877,24
2024-10-02,alanya,19.30364,59.40767,0.000852346317969932,947.9338,-0.2584648,-0.19046338,1.8997221,24
2024-10-03,alanya,19.84315,67.401085,0.0012874597814516164,952.82495,0.38077736,-0.0623703,1.5449162,24
2024-10-04,alanya,20.739004,67.47189,0.0013077157632324088,953.1425,0.99634296,-0.31662178,1.6836628,24
2024-10-05,alanya,21.2452,67.25803,0.0004357596594672941,951.3493,0.26009166,-0.23045993,1.6253928,24
2024-10-06,alanya,20.995657,68.2035,0.0026315451577829663,950.2707,-0.037383158,-0.053079408,1.5556308,24
2024-10-07,alanya,21.16802,64.627815,0.0012665987014770508,951.91815,-0.01225992,-0.18102936,1.5049572,24
2024-10-08,alanya,21.40859,71.052895,0.0035017728805541992,954.0275,0.2762852,-0.0011367003,1.4986674,24
2024-10-09,alanya,20.945852,71.478966,0.04156827935730689,953.2998,0.20077133,0.13870092,1.4686016,24
2024-10-10,alanya,20.201498,74.70862,0.014092053788772319,950.5784,0.4047629,0.04394849,1.3810035,24
2024-10-11,alanya,21.311676,74.61686,0.03126761203020578,949.55884,0.3804741,0.3650745,1.1638173,24
2024-10-12,alanya,21.713318,74.38198,0.0038444995880126953,950.8382,0.40868506,0.099069595,1.2862562,24
2024-10-13,alanya,20.559967,79.47408,0.12066507042618468,950.949,0.51500195,0.11487734,1.5053653,24
2024-10-14,alanya,20.671112,82.85427,0.316745055897627,950.03644,0.3781115,0.3240101,1.2398041,24
2024-10-15,alanya,21.2093,77.31931,0.7072389125823975,951.2009,0.15484047,0.06704422,1.1374149,24
2024-10-16,alanya,21.024384,75.91298,1.6189456218853593,951.9859,0.35740218,0.06555501,1.2967669,24
2024-10-17,alanya,20.221344,50.78575,3.026798367500305e-06,950.21,-0.14619954,-1.38168,1.9793645,24
2024-10-18,alanya,16.275085,38.686794,0.0017046926927832828,951.5977,-1.0848999,-1.0741407,2.4112508,24
2024-10-19,alanya,15.7153425,46.48025,0.0017184111129608937,954.4053,-0.752182,-0.4166832,2.0492997,24
2024-10-20,alanya,15.030192,48.0248,0.0017295787984039634,957.97174,-0.20938618,-0.5108865,1.9801999,24
2024-10-21,alanya,15.413707,38.85486,0.0008453411055597826,958.6656,-0.9275449,-0.9024295,2.1475124,24
2024-10-22,alanya,15.140859,38.044224,0.0008523463748133508,958.4515,-1.7417622,-1.6684675,2.4314067,24
2024-10-23,alanya,15.155457,43.66208,0.0008583068620282575,959.53644,-0.60914356,-0.87406605,2.0769897,24
2024-10-24,alanya,15.96993,46.51201,0.0,958.95233,-0.27884293,-0.8298843,1.9126973,24
2024-10-25,alanya,16.539785,45.255676,0.0017106531799981894,956.88727,-0.43354926,-0.73159117,2.1032884,24
2024-10-26,alanya,16.983896,44.74948,0.0008701620686224487,956.59674,-0.5957597,-1.0113882,2.0597706,24
2024-10-27,alanya,17.354828,43.652004,0.0,958.48364,-0.4506906,-0.6820037,2.1293786,24
2024-10-28,alanya,16.244425,53.008194,0.0,956.3901,-0.08910624,-0.5492299,1.7427797,24
2024-10-29,alanya,16.499207,44.53744,0.0,953.11865,-0.36343002,-0.7708476,1.828403,24
2024-10-30,alanya,16.748678,42.842495,0.0,951.24316,-0.71626455,-0.95268565,2.0535686,24
2024-10-31,alanya,16.715372,44.20236,0.0,951.9429,-0.9718825,-0.7335828,2.2049148,24
2024-11-01,alanya,17.406525,47.149937,0.000852346317969932,953.9051,-0.7776222,-1.2108966,2.1151063,24
2024-11-02,alanya,17.576498,48.341385,0.0008612870487922919,953.8559,-0.4955387,-0.72923154,2.1559043,24
2024-11-03,alanya,17.013163,54.672153,0.0025693825591588393,952.77545,-0.3542646,-0.45885977,1.7322879,24
2024-11-04,alanya,15.713176,57.170307,0.004031870957987849,953.1224,-0.8094203,-0.49114177,1.9217483,24
2024-11-05,alanya,14.757823,61.3008,0.010582804861769546,955.39166,-0.5480849,-0.5070836,1.7028478,24
2024-11-06,alanya,14.952586,43.383762,0.0008619792879471788,958.6961,-0.5019592,-0.7558047,2.03516,24
2024-11-07,alanya,14.724589,43.183605,0.0017115757486863004,960.3066,-0.62692195,-1.1502672,2.2191405,24
2024-11-08,alanya,14.959381,42.37019,0.0008523463748133508,958.47876,-0.6664295,-1.1790355,2.332464,24
2024-11-09,alanya,14.7229,44.902943,0.0,955.195,-1.1629671,-0.92682475,2.377288,24
2024-11-10,alanya,15.008057,57.76576,2.0525632426142693,952.40826,-0.35986146,-1.1019285,1.8735925,24
2024-11-11,alanya,14.574941,74.620636,0.15134513523662463,954.8565,0.69933844,-0.57037956,1.4606146,24
2024-11-12,alanya,14.642792,72.07328,0.000521540641784668,957.0373,0.1892566,-0.51440996,1.4318601,24
2024-11-13,alanya,14.317464,67.20224,0.000852346317969932,957.6667,0.29982886,-0.7920945,1.7119169,24
2024-11-14,alanya,14.702861,65.077415,0.001293420325509942,955.42267,-0.5254199,-0.5285308,1.7268454,24
2024-11-15,alanya,13.509603,75.38935,0.42836664943024516,952.8465,-0.9256155,0.13603783,1.6036254,24
2024-11-16,alanya,13.413147,80.993706,3.0988333746790886,952.583,-0.8690421,0.26563644,1.6939521,24
2024-11-17,alanya,12.771851,88.676476,16.328394412994385,949.5833,-1.4460703,1.52069,2.1558282,24
2024-11-18,alanya,12.49944,80.989296,1.6107886913232505,948.134,-0.09451357,0.43233868,1.1639491,24
2024-11-19,alanya,12.336558,74.97527,0.14666169590782374,951.9283,-0.30479395,-0.047074992,1.2793978,24
2024-11-20,alanya,12.294606,77.8929,0.5305185914039612,953.4765,-1.081876,0.4976224,1.6399094,24
2024-11-21,alanya,12.576965,84.27633,8.535731583833694,953.4324,-1.8655139,0.88477963,2.1746624,24
2024-11-22,alanya,14.54538,88.82285,18.467390909790993,955.626,-2.2795842,0.9685256,2.5247424,24
2024-11-23,alanya,13.973887,91.18839,20.406082272529602,955.22046,-1.3773524,0.7921197,1.8224005,24
2024-11-24,alanya,7.595398,58.57111,12.380421161651611,950.8736,-0.1551749,-2.8605328,3.6461716,24
2024-11-25,alanya,3.502065,54.73404,0.005537271590583259,953.7234,-0.1995678,-1.9662672,2.1080663,24
2024-11-26,alanya,5.351532,59.819927,0.0,954.5368,-0.2307504,-0.9726696,1.7361526,24
2024-11-27,alanya,6.844045,61.993763,0.0,956.70435,-0.6698591,-0.7473628,1.6153442,24
2024-11-28,alanya,7.8266397,67.464806,0.0024789496819721535,959.36426,-0.67170334,-0.67063713,1.5068809,24
2024-11-29,alanya,7.7937927,73.04142,0.0066578386395121925,958.9703,-0.6003596,-0.6664428,1.5773892,24
2024-11-30,alanya,8.474111,78.81957,0.0025331974029541016,960.04974,-0.35945,-0.4946734,1.5044352,24
2024-12-01,alanya,9.458507,82.50628,0.07071792788337916,958.2403,-0.20167606,-0.6309033,1.559135,24
2024-12-02,alanya,10.359691,87.58207,4.16356621281011,954.89984,-0.7157586,-0.10224501,1.4747211,24
2024-12-03,alanya,11.221995,81.29643,4.005747847259045,951.7383,-2.0431366,1.1098028,2.4087536,24
2024-12-04,alanya,11.17746,79.036545,2.484792494215071,952.9182,-1.0985464,0.5443991,1.6205072,24
2024-12-05,alanya,10.914958,81.31117,0.11357160110492259,957.0682,-0.23067601,-0.4206079,1.2522261,24
2024-12-06,alanya,10.442596,78.130974,0.0017166130419354886,958.09595,-0.3725637,-1.0836601,1.7595763,24
2024-12-07,alanya,11.515808,72.12704,0.8704960346221924,955.28955,-0.8992241,-0.31102753,2.1160684,24
2024-12-08,alanya,11.157582,82.77955,11.35648787021637,955.47577,-1.5071507,0.9664879,1.9691504,24
2024-12-09,alanya,11.392751,82.86048,0.38885639514774084,960.1829,-1.1844682,0.36007145,1.5573107,24
2024-12-10,alanya,11.702556,80.65919,0.07041096978355199,960.6477,-0.7368479,-0.22080493,1.320531,24
2024-12-11,alanya,12.191559,75.96108,0.049307942390441895,958.07,-0.018552104,-0.46519613,1.15929,24
2024-12-12,alanya,10.656362,73.32524,0.0034807235351763666,954.2697,0.12783933,-1.4008096,2.0821161,24
2024-12-13,alanya,8.663829,56.871143,1.6842932382132858e-05,956.1286,-1.1362299,-1.79806,2.155577,24
2024-12-14,alanya,8.487396,52.565857,0.013029575711698271,961.5894,-1.2166125,-0.833278,2.0493023,24
2024-12-15,alanya,8.507396,81.377464,1.1195838433195604,962.2458,-1.2751371,0.5747188,1.7579406,24
2024-12-16,alanya,9.865642,89.8963,36.68227046728134,958.366,-1.3562838,0.6224391,1.6642832,24
2024-12-17,alanya,9.011006,69.639336,0.0021113823436280654,961.1101,-0.5735615,-0.91073924,1.5006241,24
2024-12-18,alanya,8.570149,68.05346,0.0028246486749594624,959.33105,-0.22961374,-0.8475914,1.2809002,24
2024-12-19,alanya,8.92159,75.88733,0.021830171135661658,954.87946,-0.3978355,-0.85659695,1.5391921,24
2024-12-20,alanya,8.973633,76.77611,0.07677078247070312,952.1975,-0.449432,-0.5912136,1.4416796,24
2024-12-21,alanya,10.054362,89.0177,37.9156768321991,953.7424,-1.4790732,1.0323646,2.5669405,24
2024-12-22,alanya,10.128174,86.79049,7.6314297039061785,952.1468,-0.8776684,0.8593051,1.6231931,24
2024-12-23,alanya,9.601573,84.729836,2.3177266120910645,949.2496,-1.1343778,0.6617387,1.5490693,24
2024-12-24,alanya,10.444987,91.32516,20.338451489806175,949.53937,-2.1399238,2.2500439,3.1322153,24
2024-12-25,alanya,10.055919,89.40917,52.64989286661148,949.80396,-2.3045876,2.7130604,3.630805,24
2024-12-26,alanya,8.9574175,84.26031,3.422456793487072,950.9173,-1.5514342,0.939874,2.0070462,24
2024-12-27,alanya,8.321544,82.15226,2.685762941837311,949.0002,-0.07992574,-0.6332551,1.1960464,24
2024-12-28,alanya,7.411194,84.314,4.9589574337005615,951.2646,-1.2809657,0.33108294,1.9786056,24
2024-12-29,alanya,7.026296,90.21447,8.063563611358404,954.2132,-1.2655147,0.7354641,1.6210626,24
2024-12-30,alanya,6.386831,85.21764,4.487782716751099,953.50323,-0.7701793,-0.43416527,1.1196438,24
2024-12-31,alanya,7.705729,67.86733,0.008547212928533554,958.97784,-0.9297549,-1.3798575,1.6944017,24
2025-01-01,alanya,7.5941367,62.673737,0.0,964.2068,-1.1165444,-1.380827,1.874133,24
2025-01-02,alanya,7.5880637,68.70951,0.007644295692443848,964.4597,-0.57960457,-0.87404776,1.6782923,24
2025-01-03,alanya,7.656443,76.39069,0.03847777770715766,961.47406,-0.6300481,-0.7207586,1.4925628,24
2025-01-04,alanya,8.080586,83.968636,2.204596996307373,957.8247,-0.84320784,-0.32593393,1.4113607,24
2025-01-05,alanya,10.076935,85.75851,1.1782050132751465,953.72754,-0.011820872,-0.86307174,1.3275794,24
2025-01-06,alanya,9.779897,79.43948,0.08459205128019676,956.60205,-0.7215573,-0.20201702,1.4215358,24
2025-01-07,alanya,9.547058,85.8205,0.2595281184767373,961.74176,-0.30182076,-0.33267084,1.1401595,24
2025-01-08,alanya,9.551677,88.11765,0.43265365820843726,961.3181,-0.34696198,-0.3613777,1.2400126,24
2025-01-09,alanya,9.70752,77.84574,0.06718933582305908,957.73267,-0.18060689,-0.7617719,1.3734907,24
2025-01-10,alanya,9.432597,71.30977,0.010852967534447089,953.5928,-0.189708,-1.0941753,1.7859608,24
2025-01-11,alanya,9.011363,71.650734,0.008034706013404502,954.31915,-0.6136654,-0.64737636,1.6145034,24
2025-01-12,alanya,9.987549,80.514366,1.4043897388660298,956.93585,-1.2976913,0.5251357,1.7826929,24
2025-01-13,alanya,11.501801,87.768166,3.1204342376440763,959.3406,-1.1039442,0.7073881,1.5640997,24
2025-01-14,alanya,11.141235,84.537056,0.42839348316192627,958.1912,-0.5774568,-0.51330864,1.2867162,24
2025-01-15,alanya,10.120748,80.95334,2.5793133245315403,955.8294,-0.6555748,-0.53285855,1.4745466,24
2025-01-16,alanya,9.698598,75.10541,0.03763730637729168,959.2945,-0.06665548,-1.0290546,1.6787486,24
2025-01-17,alanya,9.387319,63.439316,0.0008583068620282575,961.9905,-1.1230717,-1.4679383,1.9118081,24
2025-01-18,alanya,8.726665,58.935093,0.000852346317969932,958.76587,-0.74835205,-1.4549805,2.1384504,24
2025-01-19,alanya,9.7647705,64.6307,0.0013043331819062587,956.243,-0.66358185,-1.0528731,2.0362098,24
2025-01-20,alanya,9.749725,72.47033,0.03118515024880253,955.4726,-0.89985937,-0.6431678,1.9521831,24
2025-01-21,alanya,9.304698,76.59036,0.4965364933013916,959.1297,-0.61622304,-0.25227526,1.4154047,24
2025-01-22,alanya,8.857158,86.98202,13.47358780913055,956.43463,-1.2934303,0.16856301,1.4429845,24
2025-01-23,alanya,8.41808,88.00637,6.563066504895687,956.5129,-0.6694495,0.26064506,0.94120234,24
2025-01-24,alanya,7.7027183,87.2948,1.3623017584905028,957.95264,-0.3621718,-0.2785627,1.2675663,24
2025-01-25,alanya,8.188069,85.35256,1.6616737702861428,957.2573,-1.1610154,-0.072342075,1.8158579,24
2025-01-26,alanya,9.65688,75.90638,0.4945606051478535,957.68286,-0.07856818,-0.65907127,1.5858947,24
2025-01-27,alanya,8.4904785,72.26653,0.0004351138045421976,957.8343,-0.477005,-0.92887115,1.7021211,24
2025-01-28,alanya,8.096913,75.97107,0.002998112904606387,958.78735,-0.50235754,-0.4983171,1.4191264,24
2025-01-29,alanya,8.1866865,80.275795,0.0008644283866487967,960.8176,-0.22403042,-0.72474605,1.5454603,24
2025-01-30,alanya,8.644755,79.705025,0.014457106772169936,961.3906,-0.23673427,-0.52123386,1.4815911,24
2025-01-31,alanya,9.354462,77.97291,0.015738605270598782,958.417,0.19620176,-0.77071255,1.605724,24
2025-02-01,alanya,9.385915,73.29772,0.0008732080232221051,958.85693,-0.4102881,-0.8276386,1.7387538,24
2025-02-02,alanya,9.073741,74.41552,0.0025925666022885707,958.805,-0.22970963,-0.768109,1.685102,24
2025-02-03,alanya,8.961619,73.61785,0.0017106528389376763,955.2351,0.21406937,-0.7978668,1.4904679,24
2025-02-04,alanya,8.255839,80.858894,3.885111212468928,952.25006,-0.5649414,-0.05898984,1.5828619,24
2025-02-05,alanya,7.191864,62.93073,2.000424254219979,946.107,-1.6789103,-1.5666453,2.4338696,24
2025-02-06,alanya,3.5092773,38.840878,0.0873297467478551,947.3611,-1.7034019,-3.6362445,4.0304713,24
2025-02-07,alanya,3.0010173,43.772724,0.003981590225521359,954.1871,-1.340484,-2.2455509,2.7814732,24
2025-02-08,alanya,4.760244,57.225872,0.0006705520263494691,956.32916,-0.95598596,-1.3775381,1.7519366,24
2025-02-09,alanya,5.9191284,53.9068,0.0028014183044433594,953.9251,-1.0516998,-0.95233727,2.028552,24
2025-02-10,alanya,5.786855,60.921497,0.3482639731373638,953.5662,-0.8524432,-0.4511256,1.7752749,24
2025-02-11,alanya,5.189901,58.8504,0.006648898079220089,955.00757,-0.42541185,-0.6644209,1.6936816,24
2025-02-12,alanya,4.1308694,68.66951,1.7090470062157692,955.15137,-0.5180276,-0.2727283,1.3361144,24
2025-02-13,alanya,4.4193015,60.088104,0.22585818805964664,954.70215,0.03615125,-2.0889273,2.2221293,24
2025-02-14,alanya,5.5871987,58.21283,0.0017225747797056101,956.89484,-0.38991547,-0.92696977,1.9050217,24
2025-02-15,alanya,6.7428184,75.33088,0.001729240466374904,955.0315,-0.15936215,-0.45692763,1.4249716,24
2025-02-16,alanya,8.281627,70.367004,0.0040590757635072805,952.2256,-0.005876541,-0.5641467,1.5723367,24
2025-02-17,alanya,7.4202576,78.08938,1.0233253706246614,952.9168,-1.0173931,0.32072386,1.9908031,24
2025-02-18,alanya,8.331309,83.31617,4.772648215293884,954.0446,-1.579065,0.4643968,1.8470153,24
2025-02-19,alanya,9.157542,75.94611,0.7523298263549805,950.6944,0.33989015,-0.6022129,1.764865,24
2025-02-20,alanya,4.8201294,46.46025,0.015720725059509277,950.4157,-1.5634022,-2.432925,2.9988096,24
2025-02-21,alanya,2.1656086,35.217953,0.0004351138045421976,954.7885,-1.8172207,-1.9641536,2.681218,24
2025-02-22,alanya,0.7425575,33.71187,5.9604644775390625e-05,956.9199,-1.4341272,-2.3317027,2.8031416,24
2025-02-23,alanya,-0.60311764,35.096115,0.000852346317969932,959.6966,-0.84208935,-1.3623185,1.7198046,24
2025-02-24,alanya,0.4548645,39.38828,0.000861157957388059,961.89185,-0.5085411,-0.6647474,1.5915136,24
2025-02-25,alanya,2.261851,65.777756,0.018997929146280512,960.6076,0.18780708,-0.69705456,1.4714133,24
2025-02-26,alanya,4.5952964,69.91398,0.0008561510753679613,958.35724,0.12873714,-0.61971474,1.6152382,24
2025-02-27,alanya,6.491404,73.56718,0.013146614776360366,959.11884,-0.12058004,-0.49594817,1.6457964,24
2025-02-28,alanya,7.3292236,81.66839,1.4757243443455081,955.71344,-0.6219699,0.123622894,1.467121,24
2025-03-01,alanya,9.066854,74.2165,0.17367303371429443,955.95435,0.24302292,-0.4489123,1.4601952,24
2025-03-02,alanya,9.18103,77.96865,0.10425150685478002,958.0391,-0.052775104,-0.25503412,1.4786371,24
2025-03-03,alanya,9.871724,79.72204,1.0273605585098267,952.53687,-0.12289075,-0.051122505,1.2440864,24
2025-03-04,alanya,9.83846,63.939884,0.039699672925053164,949.83026,-0.92661923,-1.227059,1.7077308,24
2025-03-05,alanya,11.900055,53.377407,0.01195371169160353,953.87787,-1.1095908,-1.282106,2.2629087,24
2025-03-06,alanya,11.950684,56.591995,0.0,957.35077,-0.9235198,-0.9469426,1.8390745,24
2025-03-07,alanya,12.524343,51.35497,0.0,954.3836,-0.6599922,-0.78525764,2.1213043,24
2025-03-08,alanya,12.184326,56.785416,0.0025684157662908547,949.2597,0.07645043,-0.6246082,1.965561,24
2025-03-09,alanya,12.3810625,69.52338,0.008670281204103958,950.1972,-0.37188974,0.7236505,1.4330822,24
2025-03-10,alanya,10.957601,77.97219,0.008124113264784683,954.4323,0.20040512,-0.15525937,1.5598277,24
2025-03-11,alanya,11.634328,75.079956,0.00702463557900046,957.92944,0.07636515,-0.26547644,1.6032978,24
2025-03-12,alanya,12.857066,63.735126,0.0008583068620282575,957.7569,0.0029760997,-0.34822592,1.515289,24
2025-03-13,alanya,14.360332,58.417145,0.000852346317969932,955.3533,-0.5458164,-0.5844526,1.7022194,24
2025-03-14,alanya,15.937449,53.12791,0.0012865057215094566,955.6823,-0.16313553,-0.686896,2.0283775,24
2025-03-15,alanya,17.246084,54.30594,0.0021521964299608953,957.82025,-0.3301309,-0.72138256,2.0159376,24
2025-03-16,alanya,17.312174,45.787,0.0018417831597616896,956.1634,-0.34421286,-0.5661786,1.9314159,24
2025-03-17,alanya,17.253204,45.191982,0.0,950.65875,-0.3997847,0.5032999,1.4516495,24
2025-03-18,alanya,15.596965,58.748898,0.011867284229083452,946.2138,0.42196798,0.6873818,1.5811585,24
2025-03-19,alanya,9.370819,63.359104,6.627678871154785,945.2996,-1.3911167,-1.4247462,2.3716233,24
2025-03-20,alanya,4.8516946,38.009968,0.14878809452056885,949.88135,-1.4265002,-3.0712984,3.64775,24
2025-03-21,alanya,6.0687256,46.581966,0.005921724095969694,953.4973,-0.028924942,-0.7889309,1.499828,24
2025-03-22,alanya,7.397166,52.9248,0.0013008349810661457,956.6702,0.19900768,-0.45465598,2.0676894,24
2025-03-23,alanya,8.953563,66.65769,0.0017143775039585307,961.2493,0.6368828,-0.32606634,1.8144721,24
2025-03-24,alanya,12.596619,68.95534,0.022172927856445312,963.708,0.8363307,-0.4060634,1.6308326,24
2025-03-25,alanya,15.497172,67.87798,0.002625584556881222,961.2282,0.5501904,-0.5286471,1.6389366,24
2025-03-26,alanya,16.597788,59.30742,0.000852346317969932,954.8833,0.20418294,-0.24933536,1.4917883,24
2025-03-27,alanya,17.090494,57.602055,0.0004351138613856165,950.1783,-0.32930765,-0.3012911,1.649315,24
2025-03-28,alanya,18.418854,50.09702,0.004923601409245748,944.83356,-0.7885466,0.69266874,2.2569234,24
2025-03-29,alanya,13.167287,80.71298,2.6994969912266242,945.6665,-0.43803325,2.1405604,2.2758777,24
2025-03-30,alanya,11.964427,70.243095,2.518975641578436,946.33716,0.17086665,0.5475641,1.2446519,24
2025-03-31,alanya,12.814911,57.87654,0.09426772885490209,949.00244,-1.062533,0.2539495,1.5698928,24
2025-04-01,alanya,14.040172,58.78447,4.181164316833019,946.0894,-1.3856596,-0.54847354,2.049443,24
2025-04-02,alanya,11.416484,88.85084,35.78499238938093,946.31793,-0.7844944,1.6563514,1.9402562,24
2025-04-03,alanya,11.495758,79.20164,1.167449343483895,949.5556,-0.029209772,0.16895501,1.4716592,24
2025-04-04,alanya,11.278188,82.59699,3.066352044697851,949.8845,-0.3525251,0.43261465,1.3215357,24
2025-04-05,alanya,10.857738,79.59273,7.456695660948753,947.417,-0.28122726,0.39993858,1.5510505,24
2025-04-06,alanya,11.645518,77.24803,2.6428664568811655,947.8067,-0.874136,0.9899308,1.8235803,24
2025-04-07,alanya,11.660726,74.204216,0.20145178132224828,950.2491,0.0533123,0.20692234,1.5887018,24
2025-04-08,alanya,13.729401,70.27819,0.22876262664794922,950.715,0.14452744,-0.07524943,1.3937527,24
2025-04-09,alanya,12.782318,73.62507,2.4587691295892,946.9526,-0.2727801,1.5860509,1.789937,24
2025-04-10,alanya,10.136353,63.208607,2.3457733332179487,947.08325,1.5237402,-0.47577372,2.0948136,24
2025-04-11,alanya,9.204559,56.752583,0.04994295886717737,945.6241,0.9883442,-0.6160976,2.073029,24
2025-04-12,alanya,8.19696,49.988827,0.0012659111234825104,947.47174,0.3129247,-0.42919287,1.9503077,24
2025-04-13,alanya,10.126058,68.11362,1.511412894615205,950.13654,0.10480372,-0.09001986,1.1745925,24
2025-04-14,alanya,9.868764,49.68062,0.0008583068620282575,953.0245,-0.030513763,-1.6821445,1.9249636,24
2025-04-15,alanya,11.657359,49.96495,0.0008472074455312395,954.3545,0.19001324,-1.2683164,1.9020823,24
2025-04-16,alanya,14.079112,62.845173,0.0,956.88153,-0.3338833,-0.29639053,1.7212863,24
2025-04-17,alanya,14.902699,68.645096,0.0029980064937262796,956.9821,0.07846451,-0.2740643,1.7774268,24
2025-04-18,alanya,16.291656,65.755844,0.0008665026030030276,953.3184,0.1199042,-0.29424882,1.7305316,24
2025-04-19,alanya,16.78189,60.009922,0.10696053504943848,950.0208,-0.10664431,0.6194026,1.4570886,24
2025-04-20,alanya,15.980164,60.426456,0.2666145592229441,948.30206,0.5252908,0.4873947,1.275989,24
2025-04-21,alanya,15.97642,73.45822,0.003971555088355672,948.9822,0.32362112,0.3904592,1.3158726,24
2025-04-22,alanya,17.01233,62.452824,0.0012845366654801182,949.50665,0.3467903,-0.28606033,1.5899426,24
2025-04-23,alanya,18.560547,54.227203,0.0012874597814516164,946.46625,-0.13451385,0.09085909,1.8497291,24
2025-04-24,alanya,15.732646,73.28907,7.701991974499833,945.0488,-0.8811086,1.6825051,2.2171729,24
2025-04-25,alanya,13.96226,78.00918,7.233730051666498,946.7896,-0.93890065,1.2790941,2.0092847,24
2025-04-26,alanya,14.075704,75.00608,1.7757415771484375,948.11444,0.53130466,0.41722628,1.3115212,24
2025-04-27,alanya,14.364502,77.45942,1.8836796516552567,950.7544,0.18815422,0.16037333,1.6682248,24
2025-04-28,alanya,15.596039,73.3789,3.6648940294981003,950.029,0.10113462,-0.22844648,1.2861997,24
2025-04-29,alanya,15.099304,74.03892,2.1008322946727276,948.2142,-0.3095061,0.28920808,1.4740425,24
2025-04-30,alanya,15.923981,73.15681,1.6344338655471802,946.23096,0.19377899,-0.12637782,1.2369616,24
2025-05-01,alanya,13.689209,86.054085,17.282704822719097,946.7233,-0.43055344,1.5682112,1.8251194,24
2025-05-02,alanya,13.730621,75.20934,4.660206846892834,947.8977,0.08269056,0.109768786,1.1492038,24
2025-05-03,alanya,13.799469,78.1593,12.024253606796265,949.06366,0.009106954,-0.05990116,1.1218457,24
2025-05-04,alanya,14.235494,80.05183,2.908228663727641,948.70166,-0.024131775,-0.08808418,1.4510018,24
2025-05-05,alanya,15.889882,72.04129,0.02032816337305121,949.1358,0.49064508,-0.19207247,1.7645508,24
2025-05-06,alanya,16.806915,77.31531,0.009283933650294784,953.3731,0.04440689,0.41044617,1.4786927,24
2025-05-07,alanya,17.273865,78.53072,0.0019793982346527628,954.8328,0.47819582,-0.22433472,1.624414,24
2025-05-08,alanya,18.452078,67.026985,5.965375748928636e-06,952.64484,0.10233752,-0.47806177,1.4680492,24
2025-05-09,alanya,18.98881,62.59018,0.0004351138045421976,952.2746,0.12748146,-0.37166533,1.6969439,24
2025-05-10,alanya,21.158255,52.426647,0.0008583068620282575,952.0647,-0.35627937,-0.2682347,1.8908461,24
2025-05-11,alanya,22.410471,42.579506,0.0029295683816599194,947.92474,-0.35040918,0.70707655,1.3947358,24
2025-05-12,alanya,20.371256,58.88223,0.27120113372802734,943.23193,0.17164676,0.55483437,1.3709582,24
2025-05-13,alanya,18.20877,67.937836,1.175874494947493,942.29816,0.24528567,0.16625305,1.5230783,24
2025-05-14,alanya,17.252512,68.37826,1.741468906402588,946.142,0.14547794,0.19876201,1.3862047,24
2025-05-15,alanya,17.347647,73.347855,0.43707905570045114,950.03467,0.24739902,0.51429266,1.4845184,24
2025-05-16,alanya,17.950693,72.772316,0.11523366265464574,953.29266,0.031920116,0.7103979,1.3514667,24
2025-05-17,alanya,21.056183,51.682938,0.0017166139514301904,951.7675,0.051440556,0.6176886,1.3628441,24
2025-05-18,alanya,19.785776,62.486572,0.0012814989531761967,952.34576,0.36601958,0.906648,1.4021703,24
2025-05-19,alanya,18.830526,67.09176,0.0017285350395468413,952.58624,0.108749546,0.28592047,1.7422848,24
2025-05-20,alanya,18.698832,72.68136,0.002229649339824391,950.9612,0.26388106,0.58243614,1.5264626,24
2025-05-21,alanya,20.381948,56.41217,0.002130215762008447,951.76263,0.3567276,0.10356172,1.7291046,24
2025-05-22,alanya,21.620626,53.87546,0.0,950.5805,0.117180504,-0.03335635,1.8019625,24
2025-05-23,alanya,23.165955,48.16383,0.21031498908996582,947.728,0.21246783,-0.19161813,1.9829134,24
2025-05-24,alanya,22.616953,53.443237,0.9190022828988731,948.31805,-0.0780398,-0.37520918,1.7783462,24
2025-05-25,alanya,24.194855,51.499043,0.0008523347787559032,949.0647,-0.3762258,-0.07925284,1.938213,24
2025-05-26,alanya,23.87207,48.906544,0.002652406692504883,946.124,-0.44662032,0.45504823,2.068803,24
2025-05-27,alanya,21.566538,61.41904,0.0033348799206578406,944.3858,0.2798462,0.7373015,1.5566849,24
2025-05-28,alanya,20.652853,67.682274,1.2253522872924805,945.9495,0.7411372,0.6637904,1.3612853,24
2025-05-29,alanya,18.695038,75.551445,7.250383496284485,945.7121,-0.042736053,0.6282367,1.1450292,24
2025-05-30,alanya,17.390146,71.61533,2.185612916946411,947.20184,-0.34234682,0.963751,1.4792279,24
2025-05-31,alanya,16.483612,78.7387,10.051548480987549,949.08887,-0.29861197,0.11992574,1.1144004,24
2025-06-01,alanya,16.433807,74.02306,1.6526792896911502,950.61176,0.5969353,0.27581522,1.6191553,24
2025-06-02,alanya,18.513794,73.08631,2.8903037309646606,952.8418,0.9348831,0.010757963,1.4493006,24
2025-06-03,alanya,20.617575,63.762127,0.04165768768871203,952.19977,0.12196859,-0.27211976,1.5641583,24
2025-06-04,alanya,22.52884,52.52231,0.0008583068620282575,951.732,-0.14939435,-0.48165894,1.7798047,24
2025-06-05,alanya,23.096802,51.33429,0.0,951.9692,-0.12608974,-0.10442702,1.9633113,24
2025-06-06,alanya,23.42225,56.150253,0.0,950.6387,0.07571149,0.13360758,1.8172346,24
2025-06-07,alanya,24.281424,58.191025,0.0004410743486005231,949.5018,-0.19195175,0.23730588,1.7752084,24
2025-06-08,alanya,24.1527,57.996017,0.4354357661213726,947.80176,-0.15019481,0.34031454,1.6989237,24
2025-06-09,alanya,23.863861,57.820347,0.0008702277796146518,947.55743,-0.056599934,0.107249856,1.7745342,24
2025-06-10,alanya,24.376343,62.497223,0.38589834002777934,946.63116,-0.014133453,0.034743626,1.7519783,24
2025-06-11,alanya,24.95632,58.220165,0.16480684280395508,945.5852,-0.044516247,0.0269142,1.7121314,24
2025-06-12,alanya,25.034231,63.828247,0.0,947.32635,0.004029592,0.07938091,1.5774108,24
2025-06-13,alanya,25.294943,65.38804,0.0008583068620282575,947.98584,0.066942215,0.35350683,1.6549186,24
2025-06-14,alanya,24.9664,69.44895,0.4583239551720908,946.85034,0.34082475,0.54656535,1.5095643,24
2025-06-15,alanya,24.556366,67.52051,0.41231888462789357,945.87067,0.4833075,0.3831357,1.4896287,24
2025-06-16,alanya,23.604502,57.170395,0.0021587084120255895,946.36304,0.081775665,0.14431548,1.9167644,24
2025-06-17,alanya,23.848001,48.729275,0.0,948.03595,-0.116500854,-0.081911325,1.9225391,24
2025-06-18,alanya,24.157675,46.073032,0.0012853206499130465,950.0085,0.06022644,-0.14115123,2.1152668,24
2025-06-19,alanya,25.32142,42.93721,2.1391315385699272e-06,949.3345,-0.12691753,-0.15932815,2.0745175,24
2025-06-20,alanya,25.640696,51.438763,0.0008463858875984442,947.3536,0.14983623,0.27876177,1.9052658,24
2025-06-21,alanya,25.02775,63.373028,0.002562998815847095,946.67456,-0.0630366,0.71733636,1.7840132,24
2025-06-22,alanya,24.924255,61.21872,0.0578761118958937,946.7456,0.0950915,0.20019989,1.8491067,24
2025-06-23,alanya,25.582438,48.819897,0.00043682769046426984,947.134,-0.02629598,-0.14438812,1.9414059,24
2025-06-24,alanya,25.613455,39.088703,0.0012837981557822786,947.32324,-0.13249207,-0.27356806,2.1428459,24
2025-06-25,alanya,26.410065,43.541874,0.0008523463748133508,946.48145,-0.044900894,-0.054218292,1.8688415,24
2025-06-26,alanya,27.105001,44.281193,0.0,945.51245,-0.2584324,0.031761806,1.8493186,24
2025-06-27,alanya,27.93345,43.282726,0.0,945.1027,-0.2446645,-0.20801735,1.7507014,24
2025-06-28,alanya,27.738424,47.711437,0.0012878535926574841,941.7338,-0.3012867,0.17588739,2.0159218,24
2025-06-29,alanya,26.99233,44.590786,0.8574470439270954,939.9368,-0.66934204,-0.15598781,1.9302114,24
2025-06-30,alanya,25.776184,39.160786,0.0004261731874066754,943.74774,-0.51415825,-0.40516153,2.3929594,24
2025-07-01,alanya,25.681772,47.76431,0.0,944.6106,0.33184096,0.13330452,1.6939139,24
2025-07-02,alanya,26.446707,52.31593,0.000852346317969932,944.7974,-0.0149019165,0.11365557,1.8347907,24
2025-07-03,alanya,26.087473,37.69195,0.0004351138045421976,946.5066,-0.20252275,-0.2940332,2.0641532,24
2025-07-04,alanya,25.420166,39.156044,0.000852346317969932,947.62695,-0.15788715,-0.85680825,1.3747774,24
2025-07-05,alanya,25.284983,46.04469,0.0004351138613856165,949.18915,0.21559525,0.00554355,1.8566898,24
2025-07-06,alanya,26.310822,45.742325,0.0004351138045421976,948.5664,0.40719795,-0.10712186,1.9154063,24
2025-07-07,alanya,27.743277,43.017365,0.0,945.5337,0.39654478,-0.104001164,1.9004097,24
2025-07-08,alanya,26.692392,59.070126,0.001996755599975586,944.0799,0.14114635,0.7495361,1.5695599,24
2025-07-09,alanya,27.012583,65.98882,0.042393190142320236,943.738,0.39698473,0.5694281,1.4331183,24
2025-07-10,alanya,26.937723,54.28798,0.016287920516333543,943.15826,0.0734876,0.77215976,1.5864501,24
2025-07-11,alanya,26.049936,55.448772,0.03336667941766791,944.70844,0.4577872,0.734179,1.4579263,24
2025-07-12,alanya,26.005209,62.01456,0.002104043915096554,947.10785,0.73066205,0.5841257,1.4991742,24
2025-07-13,alanya,26.385828,71.2648,0.001800059521883668,947.97754,0.68843776,0.6642615,1.3843817,24
2025-07-14,alanya,27.091492,69.252754,0.063189864135893,945.4773,0.7925466,0.83876944,1.4885527,24
2025-07-15,alanya,26.764862,72.425995,0.061729551816824824,941.80176,0.80097073,0.9576669,1.4903167,24
2025-07-16,alanya,26.68859,71.1391,1.0129101319762412,942.80585,0.66303635,0.76631194,1.2742742,24
2025-07-17,alanya,26.392466,75.7427,2.087409025989473,946.6228,0.9450576,0.5854643,1.4728602,24
2025-07-18,alanya,25.841726,79.24805,0.8310781558975577,947.75684,1.1178417,0.541312,1.4873505,24
2025-07-19,alanya,26.341085,77.73873,2.582994115073234,945.80914,0.9848315,0.33733162,1.2280785,24
2025-07-20,alanya,27.13024,73.13362,2.1685301326215267,943.4244,0.536143,0.15168016,1.3570833,24
2025-07-21,alanya,27.51419,68.94111,1.1614114046096802,944.0323,0.30798212,0.12152056,1.5085701,24
2025-07-22,alanya,27.872507,67.22912,0.0,946.13214,0.28775725,0.16024189,1.6298836,24
2025-07-23,alanya,28.650217,60.52188,0.0012847312973462977,944.8426,0.25666237,0.0533942,1.6954412,24
2025-07-24,alanya,29.546518,52.065098,0.0012814989531761967,942.12445,0.019753775,-0.17494671,1.5564584,24
2025-07-25,alanya,30.41983,34.545826,0.0,940.5334,-0.86364937,-1.7685388,2.012142,24
2025-07-26,alanya,30.40336,33.73567,0.0,940.9321,-0.5556806,-0.84590787,2.224886,24
2025-07-27,alanya,29.283377,50.719376,0.0,941.52423,-0.3932406,0.51670074,1.9448513,24
2025-07-28,alanya,28.58367,61.455185,0.03489851951599121,941.5896,0.28923035,0.9680956,1.2263974,24
2025-07-29,alanya,27.459616,64.11001,0.18662214279174805,943.1264,0.69583064,0.939111,1.3678676,24
2025-07-30,alanya,26.351496,65.383965,0.038430094718933105,945.54156,0.8307368,0.818891,1.3750569,24
2025-07-31,alanya,25.835993,70.98226,0.021156669390620664,944.3946,1.0717977,0.7898922,1.5298952,24
2025-08-01,alanya,25.98194,72.89173,0.02622604188218247,941.48096,0.6649583,0.94391996,1.3857232,24
2025-08-02,alanya,25.69455,79.97288,0.44213236469659023,943.53204,0.11846479,1.4593405,1.5326077,24
2025-08-03,alanya,25.131296,75.214424,2.0221704617142677,946.90155,0.45508194,1.2143663,1.4590284,24
2025-08-04,alanya,25.639883,75.58034,2.9626404866576195,948.48114,1.0062542,0.56937486,1.3081297,24
2025-08-05,alanya,26.952078,75.78849,1.2348711024969816,947.76776,0.794398,0.57449704,1.3405684,24
2025-08-06,alanya,27.482147,74.82452,0.02356581353524234,946.0652,0.48011842,0.62358505,1.474288,24
2025-08-07,alanya,27.07608,76.62416,0.035020710129174404,945.04767,0.58225125,0.78572106,1.4522743,24
2025-08-08,alanya,28.936502,61.034924,0.006794929504394531,945.8078,0.46094513,0.29191947,1.1778332,24
2025-08-09,alanya,30.72692,44.233902,0.0012874597814516164,947.2928,-0.41502953,-0.49454078,1.7060608,24
2025-08-10,alanya,30.53486,47.418804,0.0008583068620282575,947.91364,-0.4109656,-0.18376148,1.9990686,24
2025-08-11,alanya,29.256165,54.67249,0.0,947.0915,0.5073903,0.15712635,1.7248702,24
2025-08-12,alanya,29.577454,46.92545,0.0004261731874066754,947.83795,0.385039,-0.100529194,1.676075,24
2025-08-13,alanya,30.196249,37.042618,0.0008510056659360998,948.9273,-0.005572637,-0.2827985,1.8672018,24
2025-08-14,alanya,29.957071,42.270496,0.0004261731874066754,948.5712,-0.18467331,0.11816951,1.7397381,24
2025-08-15,alanya,27.673126,56.406796,0.03256980573951296,945.70514,0.09082031,0.6190856,1.6191926,24
2025-08-16,alanya,25.676657,75.52773,0.7593077389174141,943.6538,0.085046135,1.2719601,1.618405,24
2025-08-17,alanya,25.853415,72.803474,0.15942752361297607,944.8093,0.4167315,1.1468419,1.5687131,24
2025-08-18,alanya,24.407827,73.236534,0.042358209611848,946.34845,0.3457953,0.7214508,1.4409825,24
2025-08-19,alanya,26.171804,70.42534,0.1946717529790476,945.003,0.703811,0.6468559,1.302918,24
2025-08-20,alanya,26.296041,76.20326,4.218029789626598,943.03107,0.65060806,0.63937145,1.1492682,24
2025-08-21,alanya,27.328085,63.49599,0.02160050098609645,945.01904,0.3478311,0.27827135,1.5260453,24
2025-08-22,alanya,27.638693,57.81877,0.0,946.33325,0.39388213,0.08338245,1.6391166,24
2025-08-23,alanya,27.353079,58.187595,0.0008583068620282575,944.9013,0.008131663,0.28458914,1.5485657,24
2025-08-24,alanya,26.29534,60.583286,0.0,943.5103,-0.06234932,0.6408457,1.488822,24
2025-08-25,alanya,27.267496,61.54431,0.20813941955566406,944.8277,0.45190492,0.45035043,1.2585202,24
2025-08-26,alanya,27.141855,63.397522,1.0191977489739656,945.76324,0.24151866,0.37085375,1.3313223,24
2025-08-27,alanya,26.788483,60.55298,0.03814697265625,946.54083,0.45421728,0.28880247,1.5648009,24
2025-08-28,alanya,26.034739,61.014465,0.33145546331070364,947.1443,0.6002019,0.4789585,1.5410699,24
2025-08-29,alanya,25.043558,68.12428,1.5879012935329229,948.1091,0.69651985,0.73315257,1.4234384,24
2025-08-30,alanya,24.50944,79.51621,1.250908593647182,949.55096,1.0567646,0.56644624,1.2963475,24
2025-08-31,alanya,25.586905,70.196945,0.002841172317857854,949.0628,0.6500861,0.26602256,1.3225713,24
2025-09-01,alanya,26.234488,65.36944,0.002943979552583187,946.37885,0.4170761,0.3176286,1.3506765,24
2025-09-02,alanya,26.031485,69.669945,0.11080723947998194,943.0755,0.33149275,0.67306286,1.395123,24
2025-09-03,alanya,26.821829,67.21788,0.8710861438885331,942.80133,0.64419794,0.29421666,1.279741,24
2025-09-04,alanya,25.64034,63.8644,0.09089112427318469,944.2417,0.080121994,0.4718708,1.604423,24
2025-09-05,alanya,25.477163,67.511635,0.04124641418457031,947.51025,0.21570332,0.71829575,1.447651,24
2025-09-06,alanya,23.637064,72.90737,0.3525555075611919,948.9883,0.2087733,0.9281683,1.436438,24
2025-09-07,alanya,23.785757,71.361595,2.838247921317816,947.32245,0.5279853,0.48113322,1.1314198,24
2025-09-08,alanya,24.292694,66.85291,0.28162001399323344,946.1472,0.40155602,0.5773851,1.228856,24
2025-09-09,alanya,23.93334,63.245163,0.7164746639318764,947.9858,0.46016756,0.040541966,1.3173572,24
2025-09-10,alanya,24.450256,55.818806,0.0008583068051848386,950.4257,0.26116943,-0.12017254,1.6692399,24
2025-09-11,alanya,24.833822,49.59082,0.0,949.5447,-0.10725021,-0.21367447,1.7919744,24
2025-09-12,alanya,24.697897,52.800777,0.000852346317969932,949.8084,-0.2975432,0.14705837,1.8657047,24
2025-09-13,alanya,25.574799,61.58748,0.23429394059348851,950.2989,0.17120807,0.10294405,1.4672375,24
2025-09-14,alanya,25.524332,61.660427,0.0008583068620282575,950.3401,0.11593946,0.1613013,1.5622152,24
2025-09-15,alanya,25.05543,69.43873,0.0030773489925195463,949.7427,0.42598596,0.16261227,1.6268994,24
2025-09-16,alanya,25.209534,71.65598,1.903921365737915,948.9859,0.35139656,0.24790394,1.3420838,24
2025-09-17,alanya,25.111969,64.1031,0.000852346317969932,948.42285,-0.13019562,0.14042187,1.7571043,24
2025-09-18,alanya,24.783712,64.771065,1.969844102859497,947.20605,-0.019019445,0.098519765,1.583404,24
2025-09-19,alanya,21.785257,31.481619,0.0004261731874066754,950.69135,-1.7662607,-1.6376508,2.5443957,24
2025-09-20,alanya,21.893087,39.02176,0.0012874597814516164,952.43976,-0.57470196,-1.0995493,2.2669804,24
2025-09-21,alanya,22.998545,40.24305,0.0004410746328176174,951.49774,-0.59951144,-0.8176773,2.1252391,24
2025-09-22,alanya,22.982534,43.570526,0.0017046922948793508,951.8599,-0.26867104,-0.33979037,2.20728,24
2025-09-23,alanya,22.671549,51.136993,0.0,952.7758,-0.01659139,-0.16584802,1.6411906,24
2025-09-24,alanya,22.533133,50.865036,0.0,950.6521,0.6552334,-0.60650903,2.0576348,24
2025-09-25,alanya,22.532156,52.75227,0.0,948.05444,0.06534704,-0.2869488,1.8320112,24
2025-09-26,alanya,23.368826,49.808914,0.0008583068620282575,949.07684,-0.3834044,-0.032469552,1.8607892,24
2025-09-27,alanya,22.78074,52.657806,0.004380941390991211,950.7176,-0.5035756,0.27936634,1.6493057,24
2025-09-28,alanya,21.840027,58.88347,0.029450653528328985,951.4986,-0.630174,1.0030421,1.7635603,24
2025-09-29,alanya,20.852814,71.24776,6.514042062917724,951.6901,-0.3235499,0.7804281,1.3916116,24
2025-09-30,alanya,21.318909,74.15602,2.6306540239602327,949.4688,0.062698364,0.4722476,1.6913933,24
2025-10-01,alanya,20.581717,59.289646,0.022903084754943848,949.21625,-0.041223526,-0.133075,1.8277894,24
2025-10-02,alanya,19.825033,64.395676,0.14951228513382375,948.9309,-0.38209596,0.3418577,1.5744089,24
2025-10-03,alanya,20.922903,62.74219,0.08313656144309789,949.9353,-0.61404544,1.1285566,1.4435669,24
2025-10-04,alanya,20.974447,65.40992,0.2280950575368479,953.44336,0.25904414,0.89566773,1.3012272,24
2025-10-05,alanya,19.548574,62.996292,0.0012963995459358557,953.4668,0.3243669,0.40504646,1.4781251,24
2025-10-06,alanya,18.487753,70.11947,0.13402997865341604,950.88354,-0.17480071,0.7668896,1.6453505,24
2025-10-07,alanya,17.013968,84.402016,16.299322247505188,949.4754,-1.0482672,1.8324013,2.1969523,24
2025-10-08,alanya,15.422038,88.488655,41.006144136190414,948.25287,-0.6587537,1.8376938,2.2184865,24
2025-10-09,alanya,15.0217285,77.18629,6.161579396575689,951.86053,-0.028238297,0.331354,1.5495287,24
2025-10-10,alanya,16.152292,67.12845,0.0,956.0185,0.2369105,-0.63188034,1.6405274,24
2025-10-11,alanya,16.587992,69.07837,0.0004351138045421976,953.2446,0.13966055,-0.44014725,1.5493423,24
2025-10-12,alanya,15.402283,59.121975,0.8117873221635818,950.13556,-1.0593681,-1.6892821,2.0431373,24
2025-10-13,alanya,15.037435,57.467957,0.00042417076429046574,953.2746,-0.73713684,-0.636353,2.0164406,24
2025-10-14,alanya,15.298848,72.12592,0.005401670023275074,954.03394,0.025704185,-0.22310479,1.3955754,24
2025-10-15,alanya,16.292582,72.50605,0.008195638656616211,953.5607,0.20529747,-0.29656538,1.3751656,24
2025-10-16,alanya,16.737793,72.51786,0.010943412235064898,953.70966,0.08743477,-0.41422245,1.4291326,24
2025-10-17,alanya,16.953787,69.70223,0.0008583068620282575,955.865,0.10543124,-0.52104306,1.6013908,24
2025-10-18,alanya,16.769663,71.82254,0.0009417532851330179,956.5284,0.1005586,-0.33729312,1.4672531,24
2025-10-19,alanya,17.438742,72.71515,0.0,954.2715,0.2065773,-0.4326273,1.5231544,24
2025-10-20,alanya,17.86319,69.81136,0.0017166130419354886,951.8692,0.45822334,-0.56345695,1.5021634,24
2025-10-21,alanya,17.51829,73.32583,1.1865496635437012,951.9815,0.056804657,-0.44871366,1.2753781,24
2025-10-22,alanya,18.213236,61.66402,0.0008621705092082266,954.1905,-0.46467146,-0.21196592,1.3458366,24
2025-10-23,alanya,19.734598,53.80366,0.001084482164515066,953.98334,-0.6534011,0.24427168,1.309265,24
2025-10-24,alanya,19.695852,54.609833,0.04040599014842883,952.42865,0.0763855,0.09558145,1.1473058,24
2025-10-25,alanya,17.95513,77.46772,1.0481774806976318,952.2881,-0.29665184,0.30265364,1.2396977,24
2025-10-26,alanya,17.674734,81.56514,0.1726150803733617,951.77826,0.041627247,-0.11023712,1.3974581,24
2025-10-27,alanya,17.321054,79.279045,0.3857046249322593,952.75287,-0.14611991,0.326542,1.2015992,24
2025-10-28,alanya,17.47001,80.27729,0.395357608795166,953.0562,-0.41243586,0.48941967,1.262961,24
2025-10-29,alanya,18.432709,71.178444,0.6634324818151072,953.69525,0.017060598,-0.33632818,1.2117275,24
2025-10-30,alanya,17.306854,54.759674,0.0004351138045421976,956.14233,-0.6087856,-0.712773,1.9844669,24
2025-10-31,alanya,16.72937,55.304184,0.0,956.5064,-0.07300758,-0.8561451,1.7081461,24
2025-11-01,alanya,16.814657,57.336548,0.000852346317969932,955.9756,-0.1505305,-0.6112009,1.6099421,24
2025-11-02,alanya,17.411917,55.0004,0.0004351138045421976,956.07275,-0.38505998,-0.7583249,1.7419993,24
2025-11-03,alanya,17.179922,49.85699,0.011458992958068848,956.6219,-1.0763868,-0.76636416,2.0205119,24
2025-11-04,alanya,17.61794,54.347225,0.0,955.83856,-0.7282047,-0.49844643,1.7398151,24
2025-11-05,alanya,17.88032,57.367954,0.029605626650663908,953.8837,-0.7301337,-0.87956077,1.9148456,24
2025-11-06,alanya,19.95043,53.723175,0.5370855160435895,950.17316,-0.6544736,-0.781897,1.9755411,24
2025-11-07,alanya,16.528656,77.869194,4.058912396430969,952.65375,-0.7053547,0.55592155,1.4146215,24
2025-11-08,alanya,16.068329,75.3167,0.07402598930639215,956.2307,-0.42273584,-0.23713748,1.4086666,24
2025-11-09,alanya,16.093323,66.83291,0.0008612762485427083,957.6451,-0.3070437,-0.80031157,1.6908482,24
2025-11-10,alanya,16.72174,60.098583,0.0,955.8676,-0.6676572,-0.6569583,1.5205189,24
2025-11-11,alanya,18.024557,60.36012,0.1267135171474365,952.83417,0.09200859,0.09673496,1.120671,24
2025-11-12,alanya,16.74645,64.10552,0.41063725075218827,954.3204,-0.25110435,0.31135586,1.035946,24
2025-11-13,alanya,14.59256,67.68896,0.009566545486450195,953.5859,-0.1321748,-0.4632094,1.3803369,24
2025-11-14,alanya,14.211497,61.74963,0.001720833097351715,950.5303,-0.0397021,-0.97993684,1.7884892,24
2025-11-15,alanya,11.82486,49.546505,0.0,949.7522,-0.69723064,-1.2350854,1.85051,24
2025-11-16,alanya,12.546254,64.06248,0.0020831822666877997,955.4256,-0.7919769,-0.1690528,1.6913152,24
2025-11-17,alanya,13.204387,76.90453,0.10103285580953525,961.0425,-0.49787924,-0.105361305,1.3519206,24
2025-11-18,alanya,13.920217,69.812096,0.008755549970373977,961.343,-0.22681427,-0.5325313,1.5222726,24
2025-11-19,alanya,14.187775,60.457935,0.0,959.16064,-0.48054758,-0.7160363,1.5116822,24
2025-11-20,alanya,15.082845,55.46249,0.0017106532368416083,958.7935,-0.55149966,-0.69211537,1.6116382,24
2025-11-21,alanya,17.041819,52.284184,0.0017066367377083225,959.33154,-0.88318354,-0.9820835,1.8357817,24
2025-11-22,alanya,18.923523,46.882557,0.0008463859444418631,959.08276,-0.4078369,-0.85707873,1.4946941,24
2025-11-23,alanya,18.82664,42.1207,0.0,956.18085,-0.71383667,-0.4954803,1.7420088,24
2025-11-24,alanya,18.159159,45.64754,0.19234418869018555,953.105,0.0900898,-0.5967503,1.1871414,24
2025-11-25,alanya,14.05602,72.13869,1.9371450180187821,953.38043,-0.23445065,-0.36706075,1.4547533,24
2025-11-26,alanya,13.258514,76.751175,0.23525941651314497,956.4465,-0.2720394,-0.3735532,1.2918481,24
2025-11-27,alanya,13.743103,83.516235,2.1415773080661893,956.8782,-0.35607147,-0.14703043,1.177551,24
2025-11-28,alanya,13.807759,65.52265,0.0005642417590934201,956.57837,-0.69900066,-0.994615,1.7572848,24
2025-11-29,alanya,13.941437,64.362144,7.367262616753578,952.3239,-1.4161987,0.5718346,2.7119215,24
2025-11-30,alanya,11.897655,85.32992,26.358602568507195,950.32855,-0.7180502,1.143446,1.9099565,24
2025-12-01,alanya,10.680043,73.81115,0.02975761890411377,953.96735,-0.089245796,-0.8129559,1.5409938,24
2025-12-02,alanya,10.404785,66.63984,0.000852346317969932,956.2336,-0.41531435,-0.79072315,1.5581185,24
2025-12-03,alanya,10.455383,71.28612,0.000852346317969932,957.24243,-0.6439476,-0.5581328,1.4413463,24
2025-12-04,alanya,11.461731,72.15847,0.1347959041595459,955.26807,-0.5096846,-0.7057635,1.4350399,24
2025-12-05,alanya,13.312012,65.85788,1.5884041786193848,950.29565,-2.462791,0.10070904,3.1226084,24
2025-12-06,alanya,12.399333,79.59307,17.40582287311554,947.4898,-1.0233177,0.8210945,1.8993483,24
2025-12-07,alanya,10.569794,89.77151,9.478765539824963,945.7415,-1.6731018,1.3927675,2.2957594,24
2025-12-08,alanya,10.338898,86.80407,2.2606849670410156,948.6238,-0.5470524,-0.5269089,1.2306002,24
2025-12-09,alanya,11.41452,71.150505,0.014469027519226074,949.89777,-0.3909912,-0.89105386,1.3107287,24
2025-12-10,alanya,11.937897,70.01887,0.041353701817570254,951.47626,-0.0704155,-0.69998294,1.2163311,24
2025-12-11,alanya,11.330383,71.860344,0.46250224113464355,950.9505,-0.8079745,-0.567937,1.613597,24
2025-12-12,alanya,9.949992,60.558315,0.0004351138045421976,953.0369,-0.7703597,-1.0060779,1.8340353,24
2025-12-13,alanya,9.3376665,70.28597,0.0008553266184208042,955.0449,-0.6368526,-0.93017024,1.5359846,24
2025-12-14,alanya,9.335815,64.843864,0.0016984940884867683,956.2032,-0.99779385,-0.8891983,1.7643013,24
2025-12-15,alanya,8.512675,67.27162,0.0022375124899554066,953.7282,-1.010964,-1.1336638,1.6055942,24
2025-12-16,alanya,8.384267,57.305042,0.0004349267328507267,954.82513,-0.98162395,-1.3866774,1.8669695,24
2025-12-17,alanya,7.2981668,55.925144,0.0004351138045421976,958.69824,-0.6641242,-1.6174589,1.880571,24
2025-12-18,alanya,9.352641,49.672665,0.0012875389074906707,962.5669,-0.4712949,-1.2233347,1.8704282,24
2025-12-19,alanya,9.188212,59.62059,0.002157114693090989,960.20215,-0.1671185,-1.0194798,1.6735965,24
2025-12-20,alanya,9.485321,69.22061,0.05020499156671576,955.2356,-0.5809794,-0.3649886,1.3777698,24
2025-12-21,alanya,10.83078,78.316216,1.1088043720519636,952.02905,-0.13425763,-0.7258792,1.1373109,24
2025-12-22,alanya,10.500285,71.00106,0.13092458539176732,951.50146,-1.1015892,-0.047671676,1.967229,24
2025-12-23,alanya,10.903422,72.042984,0.3567427338566631,951.6968,-0.7774499,0.09156557,1.4381374,24
2025-12-24,alanya,10.837799,81.11847,0.13719499111175537,956.2497,-0.7727465,0.07044232,1.3080336,24
2025-12-25,alanya,10.352173,83.180275,1.08586554415524,956.2298,-0.3258245,-0.32026565,1.2950698,24
2025-12-26,alanya,9.140218,74.91306,0.0012903706760880596,952.02277,0.06159119,-1.0679392,1.6102728,24
2025-12-27,alanya,6.84079,61.88556,0.0021378025962803804,945.0778,-0.3174839,-2.3224704,2.452559,24
2025-12-28,alanya,5.0873923,50.39868,0.0024222699721576646,944.3947,-0.76933736,-1.1622639,2.113942,24
2025-12-29,alanya,4.692118,54.431934,0.0008434050755568023,946.16364,1.0036201,-2.1893032,2.62566,24
2025-12-30,alanya,5.292826,59.48258,4.434466361999512,952.7324,-1.0346527,-0.09063721,1.7987438,24
2025-12-31,alanya,8.500295,92.95768,36.66927479207516,943.1601,-1.1241106,0.6423454,1.6466404,24
2024-01-01,gazipasa,12.596344,86.16599,0.932115304749459,992.5943,-1.2361292,0.4839109,1.7194948,24
2024-01-02,gazipasa,13.021393,89.72299,13.3084895205684,991.04614,-1.0823141,1.0125815,1.6249532,24
2024-01-03,gazipasa,14.489217,76.55427,2.3234665859490633,989.3396,0.30989203,-0.3175911,1.0322963,24
2024-01-04,gazipasa,14.143768,83.957954,11.371716856956482,988.21454,0.52325314,0.08458761,0.68056566,24
2024-01-05,gazipasa,14.9791975,83.22709,7.577985525131226,988.0319,1.3468348,-0.47015098,1.9469504,24
2024-01-06,gazipasa,13.526652,74.021614,0.007721781912550796,993.53375,-1.4906858,0.33092844,1.9780682,24
2024-01-07,gazipasa,15.028656,71.80547,0.6677687051706016,989.26776,-3.7369106,1.4043125,4.071268,24
2024-01-08,gazipasa,14.691121,84.25475,9.225958317983896,987.6429,-0.19551022,1.2978462,1.6470484,24
2024-01-09,gazipasa,12.512471,87.98904,27.461549267172813,985.1109,-1.1156393,1.7301365,2.272957,24
2024-01-10,gazipasa,11.300557,84.44,9.235372766852379,983.26434,-1.3458061,0.76090693,1.705585,24
2024-01-11,gazipasa,12.412567,68.79618,0.4836712032556534,984.95996,0.058079403,-0.17367356,1.2244341,24
2024-01-12,gazipasa,12.379893,72.69672,0.6364285945892334,981.2608,1.0063057,-0.48553538,1.4681745,24
2024-01-13,gazipasa,10.409027,64.6365,0.0064373016357421875,980.2044,-0.8513743,-0.7318632,1.8646392,24
2024-01-14,gazipasa,10.0720825,58.77568,0.0017136335372924805,985.12915,-0.7882888,-0.41366705,1.7278396,24
2024-01-15,gazipasa,11.635071,72.61347,4.75117564201355,990.23444,-0.1875025,0.70461273,1.3143407,24
2024-01-16,gazipasa,12.661204,91.21466,59.58065390586853,990.0896,1.4010826,2.657837,3.1637528,24
2024-01-17,gazipasa,13.415111,90.07154,16.753303818404675,989.5026,-0.2105972,0.72339493,1.2417163,24
2024-01-18,gazipasa,12.77655,88.24497,1.6470790142193437,992.7632,-0.8327516,0.84700584,1.3751115,24
2024-01-19,gazipasa,13.468007,87.21932,6.54071569442749,991.8342,-0.69516283,0.7916272,1.5404366,24
2024-01-20,gazipasa,14.343953,81.574425,1.3999342918395996,991.4274,-1.6281538,0.8804612,2.0249183,24
2024-01-21,gazipasa,13.5199175,77.45396,3.6589503288269043,988.4815,-1.8147289,-0.56067234,1.9941115,24
2024-01-22,gazipasa,12.959493,61.844334,0.001730793883325532,986.87823,-2.2433884,-2.1792717,3.151865,24
2024-01-23,gazipasa,12.301544,62.357464,0.0326204781231354,987.5639,-0.6715928,-0.9271011,2.4522462,24
2024-01-24,gazipasa,11.297119,62.88373,0.03606081008911133,987.98975,-0.39304435,-0.52961093,1.6135164,24
2024-01-25,gazipasa,11.043854,74.667625,0.12614131264854223,987.7491,-1.0927778,0.6444861,1.7062384,24
2024-01-26,gazipasa,10.985972,65.14652,5.953252300969325,983.4558,0.22897084,-1.1563448,1.6086512,24
2024-01-27,gazipasa,9.36555,48.2137,0.023186206817626953,987.38837,-0.42728424,-1.6554729,1.8832158,24
2024-01-28,gazipasa,8.875661,60.363358,0.5076855304650962,990.2031,-0.94925815,0.08443578,1.6244313,24
2024-01-29,gazipasa,8.303203,56.122227,0.033909082048921846,990.4314,-1.0995804,-0.73478794,1.3848623,24
2024-01-30,gazipasa,6.9051003,65.234245,7.778403070005879,987.6243,-0.7765967,-1.1499609,1.5612445,24
2024-01-31,gazipasa,8.225372,69.987785,1.4054958592168987,989.5855,-0.46051216,-1.0301628,1.3837045,24
2024-02-01,gazipasa,9.839122,67.44563,0.07811515388311818,990.6956,-0.6395546,-0.30139962,1.4604815,24
2024-02-02,gazipasa,9.331024,69.50887,0.0021338462374842493,988.8942,-0.8723402,-0.37909436,1.7100989,24
2024-02-03,gazipasa,10.300761,77.45272,1.2651396682485938,990.29315,-1.2761898,0.67131424,1.808746,24
2024-02-04,gazipasa,10.453776,77.66416,0.12704730033874512,991.27856,-0.17675316,-0.22949791,1.7193698,24
2024-02-05,gazipasa,11.610402,66.02102,0.0017166130419354886,990.522,0.7929799,-1.4159718,2.4127781,24
2024-02-06,gazipasa,12.449493,68.73115,0.0008553266184208042,994.01416,0.3287487,-1.2667328,1.9165083,24
2024-02-07,gazipasa,13.657166,71.55735,0.697383307851851,994.58966,0.4582634,0.5622509,1.3323783,24
2024-02-08,gazipasa,12.772166,82.59441,0.542452500667423,992.58514,-0.107313156,0.91033345,1.2204863,24
2024-02-09,gazipasa,11.853516,84.34698,5.143385962583125,989.0039,-0.65910596,0.7044647,1.2450125,24
2024-02-10,gazipasa,12.209514,80.28248,0.08585453178966418,991.75006,-0.56650734,0.4725683,1.5048758,24
2024-02-11,gazipasa,12.42809,79.16512,0.0,994.4349,-0.95764405,0.45692787,1.6635102,24
2024-02-12,gazipasa,15.010762,62.43088,0.0017170150385936722,989.57153,-2.9091225,0.8098404,3.1638157,24
2024-02-13,gazipasa,15.868541,60.63791,2.6418615589136607,981.7129,-4.2455654,0.46438178,4.4144664,24
2024-02-14,gazipasa,11.855855,82.129845,14.229005202651024,977.3626,0.026192427,-1.0344778,1.8305736,24
2024-02-15,gazipasa,11.402812,79.20165,2.9817530885338783,981.7824,-1.9269222,0.58096,2.256455,24
2024-02-16,gazipasa,11.758281,77.27392,1.792609691619873,984.64014,-0.0742536,-0.1655852,1.0756415,24
2024-02-17,gazipasa,11.884369,75.684555,0.2377301425440237,988.7588,0.63475674,-0.83059025,1.7477603,24
2024-02-18,gazipasa,12.295654,73.51328,0.42398273944854736,990.63605,0.09552431,-0.6124745,1.3647442,24
2024-02-19,gazipasa,12.067078,64.294014,0.14164512685965747,989.477,-0.19624917,-0.45593822,1.3732524,24
2024-02-20,gazipasa,11.8862,69.81435,0.023170679924078286,990.86334,-0.421079,0.15355043,1.4567394,24
2024-02-21,gazipasa,12.627757,72.17593,0.23431006775354035,992.39545,-0.25283942,0.42372763,1.2761538,24
2024-02-22,gazipasa,11.945079,79.86216,0.24034381203819066,992.33856,0.012233734,0.27894184,1.4397033,24
2024-02-23,gazipasa,12.227183,77.21235,0.0012755390343954787,992.3069,0.17774773,-0.37319645,1.5080775,24
2024-02-24,gazipasa,13.13797,71.28741,0.24633199154777685,992.6463,0.21852493,-0.5345176,1.5150318,24
2024-02-25,gazipasa,13.511729,75.12661,0.0008675618801134988,991.02637,-0.09941391,-0.42942992,1.7128763,24
2024-02-26,gazipasa,13.137085,73.90514,0.45705263619311154,986.91254,-2.4369175,0.87425184,2.7197685,24
2024-02-27,gazipasa,13.195343,68.46556,0.11070113396272063,988.5183,-0.6781662,0.14369456,1.8224516,24
2024-02-28,gazipasa,13.542338,70.490166,0.0,993.7673,-0.15822923,0.09639803,1.328098,24
2024-02-29,gazipasa,13.615733,74.91741,0.0,994.42096,-0.6416168,-0.039375305,1.4592859,24
2024-03-01,gazipasa,13.649475,71.84333,0.000852346317969932,989.866,-1.2731012,-0.10486857,1.9841422,24
2024-03-02,gazipasa,14.0954895,63.118504,0.06263851963694833,984.5003,-0.8426234,0.07820221,1.5759639,24
2024-03-03,gazipasa,13.833293,65.31909,0.017204178220708854,984.7867,-0.0022424061,0.48649013,1.2943367,24
2024-03-04,gazipasa,12.806895,78.602715,0.39051176099746954,986.6132,-0.46777725,0.24535052,1.4884344,24
2024-03-05,gazipasa,13.613576,75.720505,9.419899433851242,986.56146,-1.1167215,1.7169381,2.4599006,24
2024-03-06,gazipasa,12.726237,81.185005,16.746433451771736,983.299,0.9533494,0.30365327,1.7647676,24
2024-03-07,gazipasa,12.683655,67.68314,0.000852346317969932,986.18726,0.91896313,-0.9527208,2.1820202,24
2024-03-08,gazipasa,11.492381,80.36384,5.022811703383923,987.00275,-0.50459415,0.18094082,1.4714147,24
2024-03-09,gazipasa,11.781677,68.09798,0.0,985.634,1.2855238,-1.0926902,2.3850381,24
2024-03-10,gazipasa,12.340617,66.88124,0.10513067240935925,987.75397,-0.65721005,-0.1991291,1.9384865,24
2024-03-11,gazipasa,11.888265,71.04627,0.0004351138045421976,994.05023,-0.037057478,-0.13107233,1.7743515,24
2024-03-12,gazipasa,13.274556,72.63427,0.0004475464834285958,992.7443,-0.33573785,0.25152972,1.3662848,24
2024-03-13,gazipasa,14.825765,67.29831,0.14762580394744873,986.71906,0.00584507,0.17158572,1.2808727,24
2024-03-14,gazipasa,14.102336,68.51834,0.053229916375130415,985.54144,1.2616324,-0.5078332,1.7258285,24
2024-03-15,gazipasa,13.055908,74.21608,0.5205624038353562,986.1492,1.1017898,-0.16222481,1.6000339,24
2024-03-16,gazipasa,13.178487,72.20868,0.006888643838465214,988.2934,0.00057105225,-0.15361404,1.7869625,24
2024-03-17,gazipasa,12.854991,77.87955,0.31071901321411133,987.3968,-0.61303395,0.7530932,1.7924916,24
2024-03-18,gazipasa,13.429504,70.31319,0.25748685584403574,980.8572,0.09059588,-0.8121643,1.6403028,24
2024-03-19,gazipasa,13.891937,67.52397,0.02402365134912543,979.25714,0.98029643,-0.7327716,2.3262317,24
2024-03-20,gazipasa,13.965424,79.13562,6.184098358062329,983.3243,0.23742871,0.92855215,1.3997831,24
2024-03-21,gazipasa,12.220184,79.60035,3.149139927700162,983.5052,-0.089443006,-0.025063196,1.5308853,24
2024-03-22,gazipasa,11.720042,52.54848,0.002133845555363223,982.3309,1.4481531,-1.6566315,3.282925,24
2024-03-23,gazipasa,11.514394,56.700428,0.000852346317969932,984.8457,-0.3914725,-0.3840331,2.0646026,24
2024-03-24,gazipasa,11.622314,69.51565,0.000852346317969932,983.5928,0.55351114,0.022050062,1.8360081,24
2024-03-25,gazipasa,12.585724,78.98173,19.790854305028915,983.08514,1.472786,0.6362419,2.8816135,24
2024-03-26,gazipasa,15.629811,77.932396,16.50393009185791,984.8414,2.7683926,-0.15886526,3.2124472,24
2024-03-27,gazipasa,15.859334,70.90336,0.0,989.7417,-0.27012888,0.01090916,1.2721316,24
2024-03-28,gazipasa,15.900126,70.59638,0.000852346317969932,989.5625,-0.8790118,-0.118332945,1.754221,24
2024-03-29,gazipasa,18.248983,66.40815,0.0,988.2669,-0.40263966,-0.43352532,1.5940965,24
2024-03-30,gazipasa,18.671762,66.881874,0.000852346317969932,990.60614,-0.82389516,-0.6647749,1.9747094,24
2024-03-31,gazipasa,19.867493,63.49767,0.0017074116840376519,992.5549,-0.81607693,-1.0835356,2.182658,24
2024-04-01,gazipasa,19.605072,70.50378,0.0,990.5818,-0.6141231,-0.74687046,1.9824591,24
2024-04-02,gazipasa,19.781342,71.39167,0.0021412958517430525,987.0777,-0.4498082,-0.81795216,2.049695,24
2024-04-03,gazipasa,19.977732,67.161736,0.0,985.35724,-0.5586961,-0.3859738,1.6937107,24
2024-04-04,gazipasa,17.718994,69.10263,0.03519004167173989,986.0569,-0.33557487,0.7476247,1.6171516,24
2024-04-05,gazipasa,16.875448,78.08351,0.0004351138045421976,986.21533,0.5891488,0.34082556,1.1830763,24
2024-04-06,gazipasa,16.493448,71.93775,0.10729134379516836,984.9781,-0.049439114,-0.60480016,1.8449898,24
2024-04-07,gazipasa,16.993296,56.130413,0.08111297938739881,980.7171,-0.8821328,-0.5431414,2.2032404,24
2024-04-08,gazipasa,15.487163,67.161934,6.207680700754281,981.2793,-0.99807674,-0.12646191,1.5903412,24
2024-04-09,gazipasa,15.642151,71.95347,4.488929640501738,982.33105,0.3294201,-0.27504435,1.016807,24
2024-04-10,gazipasa,15.964253,85.46961,11.79915713146329,983.54926,0.25201926,0.76744527,1.2713646,24
2024-04-11,gazipasa,16.043722,88.14326,3.3731460571289062,987.04346,-0.16813405,0.19369888,1.4564447,24
2024-04-12,gazipasa,17.149435,86.03559,5.893141031265259,988.2912,-0.13021088,-0.09989067,1.5073409,24
2024-04-13,gazipasa,18.494934,80.089615,1.3612747425213456,987.01,0.08574486,-0.32939658,1.4776634,24
2024-04-14,gazipasa,19.375925,66.065216,1.0711640352383256,985.1351,-0.86112595,-0.94250613,2.098529,24
2024-04-15,gazipasa,19.324808,60.753193,0.0008642672355563263,987.28424,-0.77866364,-0.66269475,1.9918679,24
2024-04-16,gazipasa,19.597788,62.31982,0.00042915337417070987,988.1089,-0.55107814,-0.641028,1.9503069,24
2024-04-17,gazipasa,20.897226,52.332897,0.010298319466528483,982.6451,-1.973044,0.22757466,2.6267962,24
2024-04-18,gazipasa,19.694162,69.55473,0.007718801498413086,980.1691,-0.1268996,0.9250768,2.2575119,24
2024-04-19,gazipasa,16.668509,79.0046,0.030475854146061465,983.74585,1.0161724,0.50366277,1.3777255,24
2024-04-20,gazipasa,16.010254,80.60839,8.036315441131592,982.6136,-0.69110745,1.3688202,2.1557963,24
2024-04-21,gazipasa,15.072621,81.04036,0.19699335098266602,985.9607,0.4461918,0.37262964,1.6638951,24
2024-04-22,gazipasa,16.45643,78.54587,0.0,990.6236,1.3802046,-0.58914804,1.8699633,24
2024-04-23,gazipasa,19.926813,64.051765,0.0025548131361574633,990.1494,-0.5674057,-0.39913428,1.514979,24
2024-04-24,gazipasa,25.032816,40.281765,0.0017306650761383935,984.1773,-2.631623,-0.6638064,3.106572,24
2024-04-25,gazipasa,24.717215,45.490246,0.12360811524558812,979.70514,-2.0901196,-0.6545133,2.786431,24
2024-04-26,gazipasa,21.540161,62.60065,0.0,980.81415,0.058442753,-0.7357684,1.7425671,24
2024-04-27,gazipasa,20.73348,67.62623,0.027042626868478692,982.35864,-0.96632224,-0.57956845,1.7827306,24
2024-04-28,gazipasa,21.747751,70.22094,0.002556817605636752,983.6579,-0.6243312,-0.2984015,1.8168821,24
2024-04-29,gazipasa,21.552664,72.07727,0.0017285344142692338,983.75977,-0.4266599,-0.3352394,1.7076453,24
2024-04-30,gazipasa,21.769287,73.76795,5.507757230247989,982.77374,-0.7200985,-1.1081694,2.186802,24
2024-05-01,gazipasa,21.944458,73.74453,0.648874047328718,981.49554,-1.0827509,0.017540773,2.0553033,24
2024-05-02,gazipasa,19.929749,83.13652,0.048923491704044864,979.3365,0.32077727,0.07375288,1.7631282,24
2024-05-03,gazipasa,19.775269,75.594635,0.0,977.9777,1.4071401,-0.65608525,2.1189418,24
2024-05-04,gazipasa,17.135406,84.7149,7.722628302872181,977.8676,2.454277,0.99583125,2.7560158,24
2024-05-05,gazipasa,16.306824,72.35134,0.7531582377851009,977.7263,1.5923456,-0.22573853,1.8870673,24
2024-05-06,gazipasa,17.41923,64.31855,0.6462931632995605,981.5131,0.2007122,-0.54401416,2.0378904,24
2024-05-07,gazipasa,17.623648,65.465904,0.0008702277796146518,985.216,0.31538072,-0.35262808,1.9883693,24
2024-05-08,gazipasa,18.263184,77.51228,0.0154465433297446,987.8885,-0.016809464,0.4735116,1.4391946,24
2024-05-09,gazipasa,18.81424,77.58163,0.005146861440152861,985.29425,-0.11986097,-0.16481118,1.5175961,24
2024-05-10,gazipasa,22.545614,52.325344,0.050646067393245175,979.5517,-2.1041481,0.59018826,3.0585701,24
2024-05-11,gazipasa,17.948862,83.0991,5.524933290871559,980.16376,-0.0010801951,1.3614187,2.0533392,24
2024-05-12,gazipasa,17.927084,83.62832,2.581357955932617,980.99097,1.2582283,-0.120147385,1.5402371,24
2024-05-13,gazipasa,19.092773,67.72645,0.7325726910494268,980.8206,1.0591755,-0.39692774,1.6918211,24
2024-05-14,gazipasa,18.591146,65.29503,0.05579052958637476,982.83954,0.3846639,-0.30131292,1.9502906,24
2024-05-15,gazipasa,18.644531,75.235054,0.2549251075834036,986.0073,0.3988088,0.67920226,1.413948,24
2024-05-16,gazipasa,18.800547,74.819275,0.0017186921468237415,989.4439,1.1024221,-0.5289039,1.8398677,24
2024-05-17,gazipasa,20.110727,75.6912,0.0012800001059076749,989.7937,0.8787969,-0.51337063,1.7424407,24
2024-05-18,gazipasa,21.31489,74.075195,0.0,987.0573,0.69381905,-0.39435557,1.7334781,24
2024-05-19,gazipasa,22.00119,71.853874,0.000852346317969932,984.04083,-0.053639095,-0.23550768,1.5445328,24
2024-05-20,gazipasa,22.491892,71.65496,0.0,981.26294,0.13954036,0.05045108,1.4958879,24
2024-05-21,gazipasa,23.56188,72.39275,0.0008549805556867796,982.51434,0.39285788,-0.74509555,1.9442763,24
2024-05-22,gazipasa,24.224966,70.11551,0.0008583068620282575,983.44116,-0.02049764,-0.5691451,1.8243943,24
2024-05-23,gazipasa,22.569244,73.118935,0.16480684280395508,981.28687,-0.0189298,0.8582651,1.8661246,24
2024-05-24,gazipasa,21.2288,67.66331,0.006008151103742421,978.5213,1.7587332,-0.8881779,2.4872482,24
2024-05-25,gazipasa,21.605255,66.0098,0.04976987838745117,980.0215,0.5137189,-0.237751,1.8509237,24
2024-05-26,gazipasa,20.994528,77.52018,0.7329881191253662,982.3995,-0.39735475,1.0961756,2.011851,24
2024-05-27,gazipasa,21.789316,71.82972,1.5535413986071944,981.60956,0.49679375,-0.28552973,1.7937378,24
2024-05-28,gazipasa,20.555075,79.13498,2.1998417796567082,982.37775,0.7082817,0.52111435,1.5687639,24
2024-05-29,gazipasa,20.247711,84.47915,2.230733633041382,983.76483,0.2422142,0.98383075,1.4365581,24
2024-05-30,gazipasa,19.667826,82.24777,0.843298330437392,984.22943,0.72056323,0.44682595,1.5599052,24
2024-05-31,gazipasa,20.014719,80.69119,0.03218650817871094,987.0977,1.7898184,-0.49518266,2.0975409,24
2024-06-01,gazipasa,21.612122,80.55752,0.0008583068620282575,989.74506,0.71265477,-0.22699101,1.5751196,24
2024-06-02,gazipasa,24.248413,70.60039,0.0,987.1563,0.39780363,-0.3338426,1.7211374,24
2024-06-03,gazipasa,27.200064,57.768093,0.0017195934560731985,983.7612,-0.35200056,-0.60635185,1.822545,24
2024-06-04,gazipasa,29.052155,50.106976,0.0,981.825,-0.6123863,-0.9076659,2.1804593,24
2024-06-05,gazipasa,30.38679,46.474854,0.0,980.9853,-1.0716131,-0.80633736,2.1582983,24
2024-06-06,gazipasa,31.319254,41.23807,0.0,981.174,-1.1803414,-0.9785703,2.360106,24
2024-06-07,gazipasa,31.33909,37.818787,0.3518968703133396,980.8747,-0.33819008,-1.3322748,2.7775838,24
2024-06-08,gazipasa,29.934122,39.19939,1.4901161193847656e-05,977.6873,-0.27557945,-0.9983489,2.3834863,24
2024-06-09,gazipasa,27.83431,52.95074,0.013738870620727539,977.3198,-0.62464017,-0.4227015,2.21878,24
2024-06-10,gazipasa,27.407724,52.89893,0.000852346317969932,980.5923,0.045618694,-0.24812233,2.1914892,24
2024-06-11,gazipasa,26.829947,59.92717,0.0008523463748133508,982.06665,0.05039978,0.18104918,1.8803788,24
2024-06-12,gazipasa,28.316671,59.65762,0.0017132691141341638,983.1193,0.0706164,-0.11705562,1.6924027,24
2024-06-13,gazipasa,30.125875,53.430157,0.000852346317969932,983.626,-0.018499374,-0.6664441,2.0850966,24
2024-06-14,gazipasa,32.100018,42.13592,0.0025892150006256998,981.3352,-0.6447703,-0.8425918,2.2609499,24
2024-06-15,gazipasa,29.263885,49.969975,0.0012785349099431187,976.89655,0.017330805,0.40692964,1.5147184,24
2024-06-16,gazipasa,26.561127,73.015274,0.0017106531231547706,978.32544,-0.43332228,1.158959,1.9347324,24
2024-06-17,gazipasa,25.713715,82.38404,0.2188712387578562,981.438,0.5927913,0.7531853,1.5335563,24
2024-06-18,gazipasa,26.66217,78.33824,0.059221467381576076,982.1059,0.7572017,0.24921799,1.4858627,24
2024-06-19,gazipasa,27.282187,74.79625,0.0,981.05786,0.4446214,0.17074649,1.5312381,24
2024-06-20,gazipasa,27.809723,68.799164,0.0,980.2116,0.7471797,-0.057444256,1.6121368,24
2024-06-21,gazipasa,26.968842,72.63501,6.457895226674282,978.5171,0.72100115,0.3025036,1.3969246,24
2024-06-22,gazipasa,25.503134,85.13488,3.038840601220727,975.6631,0.5629386,0.6496253,1.404572,24
2024-06-23,gazipasa,26.513662,80.13097,3.4924596548080444e-06,975.12115,0.635678,0.23574495,1.4457407,24
2024-06-24,gazipasa,26.277924,78.768425,0.0021398068383859936,977.7041,0.47545752,0.31228945,1.7426907,24
2024-06-25,gazipasa,26.441355,83.257805,0.0008642673492431641,978.2138,1.2032934,-0.088507056,1.6549021,24
2024-06-26,gazipasa,27.932016,77.747505,0.005996227173454827,977.1289,0.48293877,0.016638637,1.6683022,24
2024-06-27,gazipasa,28.077616,73.7849,0.0,977.8295,0.26388994,0.17105801,1.8500814,24
2024-06-28,gazipasa,27.79061,73.6639,0.0017251713870791718,976.1297,0.30708122,0.33750662,1.5755033,24
2024-06-29,gazipasa,26.774984,74.56714,5.962223103779252,973.5479,-0.11244329,1.1880039,1.8179611,24
2024-06-30,gazipasa,27.319174,62.564404,0.3875272232107818,975.54517,0.2445596,-0.06184852,1.5541081,24
2024-07-01,gazipasa,28.243216,54.169464,1.979060471057892e-06,976.1846,-0.23043187,-0.20426647,1.6685172,24
2024-07-02,gazipasa,28.567972,55.086014,0.000852346317969932,975.07025,0.09442011,-0.13318264,1.9869467,24
2024-07-03,gazipasa,27.748728,63.737347,0.030040740966796875,975.4117,0.5489006,0.8563442,1.4702306,24
2024-07-04,gazipasa,25.065481,80.05101,0.18926308257505298,977.9272,0.8342158,1.3989748,2.1209824,24
2024-07-05,gazipasa,24.094849,83.1842,0.8763594669289887,979.26154,1.8778172,0.28765237,2.0268483,24
2024-07-06,gazipasa,28.019613,62.070942,0.09910394146572798,976.9922,0.7564017,-0.10765314,1.2840704,24
2024-07-07,gazipasa,29.459238,55.776882,1.9907020032405853e-05,975.54193,-0.29923484,-0.39397916,1.6859921,24
2024-07-08,gazipasa,29.64736,61.780094,0.07638335227966309,975.1536,-0.31653085,0.028822541,1.9795351,24
2024-07-09,gazipasa,29.637705,67.721344,0.06695985939586535,975.9346,-0.4556395,0.4743152,1.6045817,24
2024-07-10,gazipasa,28.961386,70.75184,1.5629827976226807,977.9116,0.05880038,0.37297484,1.5244818,24
2024-07-11,gazipasa,28.667297,72.78211,0.000852346317969932,980.10254,0.6537879,0.3889084,1.5328445,24
2024-07-12,gazipasa,27.739105,73.59645,0.0008583068620282575,979.36615,1.4390978,-0.425467,1.985264,24
2024-07-13,gazipasa,25.948477,84.95081,2.0427703857421875,977.0501,1.5446892,0.22209208,1.8600453,24
2024-07-14,gazipasa,27.14795,80.882744,1.2295186752453446,975.1242,1.5970396,-0.27865842,1.7887853,24
2024-07-15,gazipasa,28.459555,76.25953,0.51155686378479,974.9489,0.5108077,0.23521344,1.4801059,24
2024-07-16,gazipasa,28.493216,79.25196,0.0017166021279990673,976.79767,0.7396062,0.27097806,1.554924,24
2024-07-17,gazipasa,28.104288,80.50406,0.033468008041381836,978.32697,1.3349171,-0.20226264,1.9864936,24
2024-07-18,gazipasa,29.043772,77.21514,0.000852346317969932,978.11066,1.0135441,-0.1479522,1.9415647,24
2024-07-19,gazipasa,30.294983,70.75106,0.07596016075694934,975.4651,0.31452623,-0.10922432,1.3973206,24
2024-07-20,gazipasa,31.171518,54.77084,0.0008595657732257678,974.28986,-0.53194875,-0.31023395,1.8935663,24
2024-07-21,gazipasa,29.741465,64.9107,0.002580881073299679,976.591,-0.071167625,0.17858231,1.8456947,24
2024-07-22,gazipasa,29.33793,72.69052,0.000852346317969932,977.07477,0.39083734,0.1190538,1.5599908,24
2024-07-23,gazipasa,29.050894,81.83692,0.0060051679611206055,977.05664,0.7069619,0.44659707,1.5613352,24
2024-07-24,gazipasa,28.834341,83.064865,0.030028819310246035,974.3986,0.78895634,0.60389006,1.5905865,24
2024-07-25,gazipasa,27.118704,87.94903,2.965044928714633,972.9296,0.81161433,1.1169049,1.4854641,24
2024-07-26,gazipasa,27.198538,84.971596,4.159778356552124,973.43726,2.0948937,0.2159148,2.2692034,24
2024-07-27,gazipasa,28.970337,67.15654,0.10642409324645996,977.9959,0.11066755,0.045790832,1.6330138,24
2024-07-28,gazipasa,29.27123,55.86816,0.0008583068620282575,981.09766,-0.069801964,-0.4216576,1.9307861,24
2024-07-29,gazipasa,29.908783,56.494816,0.0021427867977763526,977.6114,0.022526423,-0.23108251,2.1136196,24
2024-07-30,gazipasa,28.637787,71.46253,0.0008523463748133508,974.16425,0.6653366,0.21423621,1.630929,24
2024-07-31,gazipasa,29.3939,63.64815,0.001716613724056515,976.3042,-0.011062622,0.3845291,1.688446,24
2024-08-01,gazipasa,29.258331,63.949127,0.0021312280296115205,977.8504,0.34692255,0.19539006,1.7913985,24
2024-08-02,gazipasa,29.04304,64.82952,0.000852346317969932,977.27075,1.3695627,-0.20540047,1.8880568,24
2024-08-03,gazipasa,27.090921,80.639694,0.006873959137010388,976.3267,1.5552737,0.26423082,1.7903987,24
2024-08-04,gazipasa,27.916758,77.02144,0.0,977.2431,1.0758559,0.2716255,1.6237448,24
2024-08-05,gazipasa,28.030191,74.61388,0.0,977.2217,1.7558695,-0.49025813,2.1701653,24
2024-08-06,gazipasa,27.18164,76.43058,0.0,977.1209,1.5171121,-0.09086736,1.9016923,24
2024-08-07,gazipasa,27.696167,79.56421,0.018894672393798828,977.4394,0.6433684,0.50334996,1.3127736,24
2024-08-08,gazipasa,27.81424,82.97761,0.04419684410095215,978.9621,0.54160625,0.6854727,1.32485,24
2024-08-09,gazipasa,27.42161,79.656685,0.0008642673492431641,979.771,1.1101488,0.29794994,1.476522,24
2024-08-10,gazipasa,26.683676,83.45022,0.13045966625213623,980.19165,1.5518513,0.2407556,1.8139237,24
2024-08-11,gazipasa,28.71047,76.67082,0.14162957086227834,979.00226,1.212688,-0.05330038,1.5764977,24
2024-08-12,gazipasa,29.992636,57.330307,0.00514984139954322,977.80536,0.032598495,-0.109311976,1.6231102,24
2024-08-13,gazipasa,30.200827,55.355312,0.0,978.62994,-0.06131045,0.26002717,1.8335482,24
2024-08-14,gazipasa,28.863993,67.99149,0.0,979.5623,0.381876,0.19368835,1.611554,24
2024-08-15,gazipasa,28.484253,74.33112,1.3303756713867188,979.11743,0.34789085,0.61638486,1.6628188,24
2024-08-16,gazipasa,29.839457,57.577106,0.0669449582346715,976.6484,0.17205429,-0.35491168,1.3215127,24
2024-08-17,gazipasa,30.10798,49.233887,0.0,975.1879,-0.82981235,-0.34449005,2.4297173,24
2024-08-18,gazipasa,28.876352,56.6909,0.0008583068620282575,977.4482,0.07238261,0.18008678,1.5332708,24
2024-08-19,gazipasa,28.26652,64.66927,0.0,980.1037,0.77868587,-0.11218802,1.5433263,24
2024-08-20,gazipasa,27.123932,75.26431,0.0008546918479623855,980.37726,1.0747778,-0.12616901,1.5956646,24
2024-08-21,gazipasa,27.739084,76.66297,6.347136149997823e-07,977.73224,0.81934375,0.5582363,1.5186452,24
2024-08-22,gazipasa,25.82022,81.49888,0.20900632080156356,977.5085,0.7260869,1.504149,1.9671048,24
2024-08-23,gazipasa,25.947348,83.75207,1.4372335135703906,980.19525,1.2941386,0.6089429,1.685239,24
2024-08-24,gazipasa,27.836996,76.21399,3.403604030609131,979.77386,1.559194,-0.24498765,1.6948904,24
2024-08-25,gazipasa,28.15095,73.559456,0.1793831615941599,978.0644,0.24171574,0.19689699,1.5027305,24
2024-08-26,gazipasa,27.982971,74.50678,0.0008642673492431641,979.57275,0.4238669,0.53357834,1.3487573,24
2024-08-27,gazipasa,26.897278,79.89968,2.4517476558685303,981.14105,0.62354594,0.62679607,1.413072,24
2024-08-28,gazipasa,26.101797,83.3966,2.4822293780744076,982.5317,1.7046623,-0.031789463,1.8772331,24
2024-08-29,gazipasa,25.954163,87.31335,2.1616399753838778,981.54803,1.4042168,0.20221965,1.6292385,24
2024-08-30,gazipasa,26.661856,82.117805,0.11329352855682373,980.4507,1.2758871,-0.008197784,1.5845851,24
2024-08-31,gazipasa,26.517294,82.15583,2.6332915294915438,979.9961,0.50857925,0.48675928,1.2503357,24
2024-09-01,gazipasa,25.796011,78.47939,0.8312642457894981,979.9477,0.68734616,0.92718506,1.53851,24
2024-09-02,gazipasa,24.30961,78.09135,1.229101442731917,983.89575,0.7442716,0.87067986,1.3444773,24
2024-09-03,gazipasa,24.796173,82.702354,3.0405400320887566,984.22833,1.2222042,-0.08227829,1.4315132,24
2024-09-04,gazipasa,26.2488,81.97947,0.1768201618688181,981.44574,1.1845117,-0.0793244,1.4576765,24
2024-09-05,gazipasa,27.047953,79.36339,0.8540153503417969,979.9302,0.6186094,0.08844527,1.3173963,24
2024-09-06,gazipasa,27.361532,75.649635,1.0248124599456787,980.29144,0.19605191,0.087125145,1.2799056,24
2024-09-07,gazipasa,27.628988,74.30779,0.0,981.0645,0.14478974,0.11939812,1.4046546,24
2024-09-08,gazipasa,27.113321,72.72319,0.0017098388411795895,980.3518,-0.5496128,1.032427,1.7503854,24
2024-09-09,gazipasa,25.60674,78.75332,0.3407418272445284,981.3103,-0.4694786,1.1080738,1.6524013,24
2024-09-10,gazipasa,24.604675,82.94473,0.2377601049374789,981.1381,0.24046464,1.1621432,1.6295209,24
2024-09-11,gazipasa,25.145681,72.37061,0.012028216588078067,982.36993,0.813893,-0.27117482,1.3248955,24
2024-09-12,gazipasa,26.096832,64.22468,0.000870227722771233,983.6597,1.6492672,-0.78095245,2.1595187,24
2024-09-13,gazipasa,24.869059,80.35752,0.03305325299152173,981.87964,1.6362661,-0.22201331,1.921048,24
2024-09-14,gazipasa,25.31185,81.438286,0.07553150862804614,979.57526,0.681626,0.3062003,1.3627505,24
2024-09-15,gazipasa,24.592093,81.25035,0.4536135820671916,977.93243,0.67991954,1.3026577,2.1724567,24
2024-09-16,gazipasa,23.125357,77.116,0.806795374955982,978.63446,1.2652258,0.70977014,2.122553,24
2024-09-17,gazipasa,23.025421,76.78539,0.40984153747558594,983.15186,1.3381844,0.7181468,1.8687788,24
2024-09-18,gazipasa,23.678375,80.084526,0.26091336621902883,984.70184,1.2766476,0.3441213,1.5343422,24
2024-09-19,gazipasa,23.875101,80.74252,1.511904876679182,981.9156,0.95675343,0.37283877,1.4281459,24
2024-09-20,gazipasa,23.827646,79.964195,2.945721265859902,982.18756,-0.091314316,1.255145,1.488269,24
2024-09-21,gazipasa,23.435556,79.667984,5.277299787849188,982.0467,-0.16095416,0.54515296,1.067923,24
2024-09-22,gazipasa,22.051828,80.40023,2.98519735224545,982.1607,0.08246422,0.33943102,1.1845611,24
2024-09-23,gazipasa,22.895264,70.87798,0.16436577425338328,983.709,0.053157806,0.37927166,1.3009983,24
2024-09-24,gazipasa,23.260183,72.297935,0.0008435492873104522,986.6159,0.22004955,0.13831103,1.3075125,24
2024-09-25,gazipasa,23.295227,75.50594,3.259913228248479e-06,986.4636,0.9940446,-0.30678383,1.6032356,24
2024-09-26,gazipasa,24.339975,70.47104,0.0,984.62897,0.18437068,-0.19739537,1.5570631,24
2024-09-27,gazipasa,24.768637,71.82458,0.0004351138045421976,983.1856,-0.26267305,-0.13256264,1.5409757,24
2024-09-28,gazipasa,24.779062,74.02007,0.0008583068051848386,982.3632,-0.28241667,-0.22131729,1.7674541,24
2024-09-29,gazipasa,24.578196,79.912445,0.000852346317969932,980.8596,0.06906637,0.37745452,1.3272673,24
2024-09-30,gazipasa,22.572947,82.9439,2.1496408147072543,979.41547,-0.5981471,1.848731,2.0972269,24
2024-10-01,gazipasa,21.965586,67.07815,0.10985136032104492,977.80206,1.197373,-0.046055555,2.282688,24
2024-10-02,gazipasa,21.91163,63.79625,0.000852346317969932,981.8821,-0.49092737,0.35995165,1.9958366,24
2024-10-03,gazipasa,22.446585,73.23852,0.0012874597814516164,986.9275,0.5923659,0.107917786,1.4955662,24
2024-10-04,gazipasa,22.333078,78.461716,0.0013077157632324088,987.133,1.4833221,-0.52235097,1.8296833,24
2024-10-05,gazipasa,22.980469,77.62972,0.0004357596594672941,985.14215,0.49528047,-0.29727307,1.4970218,24
2024-10-06,gazipasa,22.980276,78.61208,0.025326013201265596,984.0982,-0.044951517,-0.01540037,1.4924444,24
2024-10-07,gazipasa,23.212046,69.13135,0.0,985.804,0.44987795,-0.72607327,1.6431204,24
2024-10-08,gazipasa,23.775452,74.02244,0.006020069122314453,987.965,0.7827549,-0.059384584,1.4106355,24
2024-10-09,gazipasa,22.356985,81.523445,0.039899348848848604,987.3215,0.5889549,0.14211889,1.398538,24
2024-10-10,gazipasa,21.678549,83.409004,0.0025883571197482524,984.60596,0.7566102,0.10689608,1.3018234,24
2024-10-11,gazipasa,21.925283,83.07841,0.0042965104967152,983.58887,1.0442924,0.27502728,1.3686633,24
2024-10-12,gazipasa,22.546164,85.514,0.04118680953979492,984.76074,0.8296649,0.119496025,1.2724813,24
2024-10-13,gazipasa,21.735342,85.650444,0.046785113227088004,984.9953,1.107287,-0.10537819,1.6327993,24
2024-10-14,gazipasa,21.867971,88.17565,1.0200947290286422,984.08356,0.63091916,0.594111,1.314181,24
2024-10-15,gazipasa,22.595694,82.81778,1.6505420207977295,985.1789,-0.04852867,0.2250439,1.146406,24
2024-10-16,gazipasa,22.644663,84.8175,1.519197248853743,985.9838,0.4702765,0.18807292,1.3260809,24
2024-10-17,gazipasa,22.839182,60.882675,0.30985777266323566,984.0317,0.09804281,-0.90711135,1.6921924,24
2024-10-18,gazipasa,19.289652,46.08753,0.08324383816216141,985.99396,-1.038798,-0.94751304,2.5730631,24
2024-10-19,gazipasa,18.334646,60.28953,0.045065888116369024,989.0757,-0.4841156,0.5888913,1.7150698,24
2024-10-20,gazipasa,17.786947,63.42973,0.016735048120608553,992.7446,0.034591675,0.0910422,1.9168868,24
2024-10-21,gazipasa,18.285696,49.578278,0.14076723891776055,993.4568,-0.77784604,-0.31344023,1.8860817,24
2024-10-22,gazipasa,18.225412,44.94788,0.03388822096894728,993.1357,-1.4129454,-1.1563419,1.9634348,24
2024-10-23,gazipasa,17.927023,54.13898,0.19010304731637007,994.37524,-0.67860156,-0.12048534,1.7651119,24
2024-10-24,gazipasa,18.408243,55.855183,0.0,993.68854,-0.109734856,-0.309702,1.6830908,24
2024-10-25,gazipasa,19.222076,52.904266,0.0017106531799981894,991.5056,-0.74311954,-0.04246354,1.7631397,24
2024-10-26,gazipasa,19.800955,51.377094,0.0008701620686224487,991.083,-0.765234,-0.2748159,1.8558736,24
2024-10-27,gazipasa,19.84848,50.146564,0.0,993.07697,-0.6364002,-0.08756193,1.8548856,24
2024-10-28,gazipasa,18.784546,63.357548,0.0,990.958,-0.29186502,0.084864296,1.4734348,24
2024-10-29,gazipasa,19.258972,58.022446,0.0,987.5595,-0.3676618,-0.104832016,1.6863074,24
2024-10-30,gazipasa,19.636047,48.875973,0.0,985.5506,-0.7148404,-0.33155122,1.7778221,24
2024-10-31,gazipasa,19.749228,46.91055,0.0,986.2849,-0.8499343,-0.3347384,2.1270344,24
2024-11-01,gazipasa,20.196402,50.982456,0.000852346317969932,988.1551,-0.6148618,-1.1376137,2.184471,24
2024-11-02,gazipasa,20.359945,54.978786,0.0008612870487922919,988.1613,-0.36533037,-0.835921,2.1421385,24
2024-11-03,gazipasa,19.527893,65.411385,0.006846015821793117,987.14886,-0.13673528,-0.17667389,1.5833949,24
2024-11-04,gazipasa,18.6746,59.732956,0.04679820358433062,987.70746,-1.0981979,0.2845744,1.801736,24
2024-11-05,gazipasa,17.743582,68.332115,0.09270310692954808,990.1021,-0.789011,0.5007289,1.7079066,24
2024-11-06,gazipasa,17.80423,47.563915,0.0008619792879471788,993.5911,-0.63778275,0.012770374,1.6986412,24
2024-11-07,gazipasa,17.77773,48.134533,0.0017115757486863004,995.16864,-0.64181453,-0.47407913,1.9021782,24
2024-11-08,gazipasa,18.168692,46.597347,0.0008523463748133508,993.2329,-0.7639637,-0.65458083,2.0979087,24
2024-11-09,gazipasa,18.052979,45.851166,0.0,989.8596,-1.3575878,-0.27244648,2.2648466,24
2024-11-10,gazipasa,17.389975,68.230545,8.257764391601086,986.8687,-1.3644594,-0.19793677,1.7858572,24
2024-11-11,gazipasa,17.314932,73.568565,0.03605485107982531,989.6136,0.23140228,-0.11855662,1.6255125,24
2024-11-12,gazipasa,17.137014,77.58627,0.005155801773071289,991.8706,0.22734253,-0.16001947,1.3334471,24
2024-11-13,gazipasa,17.313395,72.38773,0.000852346317969932,992.4196,0.8852374,-0.75742656,1.7106705,24
2024-11-14,gazipasa,16.964334,75.85926,0.001293420325509942,990.17017,-0.5493863,0.08776156,1.61949,24
2024-11-15,gazipasa,16.524414,80.543304,0.34632085589691997,987.67694,-0.8537161,0.6894639,1.6121658,24
2024-11-16,gazipasa,15.845601,84.913506,2.108442597091198,987.5743,-0.4352856,0.52133304,1.3466944,24
2024-11-17,gazipasa,15.408569,89.15969,22.359341382980347,984.7666,-1.3172048,1.9744864,2.4336627,24
2024-11-18,gazipasa,14.548676,83.862,1.859086740296334,983.15063,0.26650938,0.6221987,1.5074573,24
2024-11-19,gazipasa,15.36203,78.006355,1.0158016812056303,986.99414,-0.39943913,0.5187209,1.0879229,24
2024-11-20,gazipasa,14.922292,81.03275,1.2321099638938904,988.67694,-0.8083978,0.829084,1.4943032,24
2024-11-21,gazipasa,14.792867,84.027435,6.8342722952365875,988.7399,-1.6084746,0.93080014,2.0132682,24
2024-11-22,gazipasa,17.036673,85.25042,15.100205317139626,990.89264,-2.724083,0.45823097,2.7996948,24
2024-11-23,gazipasa,17.093515,84.043816,10.424137115478516,990.3559,-1.9394048,1.0205132,2.4310606,24
2024-11-24,gazipasa,10.8502,57.30504,12.660473585128784,985.79816,-0.022565842,-2.9990418,4.085651,24
2024-11-25,gazipasa,6.882843,45.61916,0.008785724276094697,989.7088,-0.5318432,-2.0962315,2.310867,24
2024-11-26,gazipasa,8.599823,55.936634,0.0,990.4001,-0.02331225,-0.70053416,2.0951078,24
2024-11-27,gazipasa,10.390025,65.484825,0.0030100345611572266,992.3826,-0.75445384,0.29540253,1.6285366,24
2024-11-28,gazipasa,12.04897,69.38256,0.062217703089118004,994.9905,-0.4855461,0.5114917,1.2815124,24
2024-11-29,gazipasa,11.729584,75.68461,0.09613930888008326,994.5566,-0.6258723,0.40405282,1.4162782,24
2024-11-30,gazipasa,11.84846,81.47913,0.00858306884765625,995.58636,-0.46906915,0.5139122,1.4165565,24
2024-12-01,gazipasa,12.541107,84.16213,0.32357574673369527,993.6578,-0.2179114,0.18477051,1.3650951,24
2024-12-02,gazipasa,13.280345,85.6933,3.8280516455415636,990.22186,-0.65606624,0.59929305,1.4069313,24
2024-12-03,gazipasa,14.000072,75.812584,2.8886375948786736,987.1536,-3.637334,1.2874964,3.9342747,24
2024-12-04,gazipasa,13.761444,72.167015,0.8926629961933941,988.2219,-3.017573,0.5227723,3.2419765,24
2024-12-05,gazipasa,13.637695,76.66419,0.1862595381680876,992.3382,-1.2650999,0.18815677,1.6141815,24
2024-12-06,gazipasa,13.325978,74.42804,0.0017166130419354886,993.3127,-1.1955618,-0.21382777,1.5813537,24
2024-12-07,gazipasa,15.067241,62.44578,0.10257957910653204,990.34204,-3.1402924,0.49134064,3.4634078,24
2024-12-08,gazipasa,13.828481,80.486176,8.139312049024738,990.9257,-1.883351,1.0660362,2.3650758,24
2024-12-09,gazipasa,13.602223,83.25855,0.09184645023196936,995.61176,-1.3051957,0.61210597,1.7875382,24
2024-12-10,gazipasa,13.903564,82.66309,0.002580881073299679,995.99146,-0.8799753,0.34765616,1.4455886,24
2024-12-11,gazipasa,14.78067,77.73898,0.004291534423828125,993.2766,0.8540471,-0.6894393,1.4846171,24
2024-12-12,gazipasa,13.357045,74.976494,0.003421118890400976,989.283,0.6887117,-1.2391478,2.00196,24
2024-12-13,gazipasa,12.38445,57.314148,0.19873872861353448,991.4336,-1.7083734,-1.1261038,2.1484253,24
2024-12-14,gazipasa,11.29363,57.632526,0.009006261734612053,997.3586,-1.4775175,-0.2008928,2.5017943,24
2024-12-15,gazipasa,11.59431,77.46557,0.20813941955566406,998.17035,-1.4885769,1.0436722,2.0310001,24
2024-12-16,gazipasa,12.475911,86.78646,34.67946499586105,994.19855,-1.6356621,1.4345728,2.481264,24
2024-12-17,gazipasa,11.759949,75.7725,0.15879709098953754,996.7447,-0.3359923,-0.09229851,1.1872147,24
2024-12-18,gazipasa,12.318522,74.63813,0.023611768483533524,994.80273,0.15207978,-0.095272064,0.972053,24
2024-12-19,gazipasa,11.812541,83.707985,0.20597871571226278,990.20734,-0.504118,0.1291819,1.3183948,24
2024-12-20,gazipasa,13.469971,72.19569,0.022292137145996094,987.45416,0.20722492,-0.32267925,1.0921932,24
2024-12-21,gazipasa,12.34668,88.12229,29.869943857192993,989.46564,-1.4276816,1.3865108,2.6082246,24
2024-12-22,gazipasa,13.4678545,77.828224,5.288892658427358,987.831,1.0953947,0.2510287,1.2923535,24
2024-12-23,gazipasa,11.994232,84.04122,3.1500011682510376,984.6363,-1.2693266,0.93875694,1.6672482,24
2024-12-24,gazipasa,13.287598,83.649994,11.415457352995872,985.2019,-2.995718,2.1497834,3.7737448,24
2024-12-25,gazipasa,13.00058,84.31292,35.199605859816074,985.3948,-3.445945,2.4739654,4.377915,24
2024-12-26,gazipasa,12.141418,79.40948,3.991547040641308,986.35724,-2.7404804,1.2892799,3.1096113,24
2024-12-27,gazipasa,11.57838,77.329285,2.2243037819862366,984.2597,-1.2846986,-0.15610261,1.8604401,24
2024-12-28,gazipasa,10.296367,84.76409,3.5332143306732178,986.9412,-1.4428105,0.612394,2.0935998,24
2024-12-29,gazipasa,9.942393,87.47363,8.154341951012611,990.0703,-1.3210567,1.3076483,1.96631,24
2024-12-30,gazipasa,9.535431,83.10056,7.3942989110946655,989.20746,-0.87341005,0.3911521,1.3507155,24
2024-12-31,gazipasa,11.356201,65.363106,0.5742250941693783,994.5837,-0.60704166,-0.608719,0.92848927,24
2025-01-01,gazipasa,10.84023,66.13553,0.0171661376953125,1000.0906,-1.3899006,-0.69825053,1.6619029,24
2025-01-02,gazipasa,10.307384,80.42956,0.0021457672119140625,1000.46094,-0.95033216,-0.025374254,1.6738266,24
2025-01-03,gazipasa,10.167023,76.01351,0.01071691502829708,997.3665,-0.5563176,-0.15958099,1.3695021,24
2025-01-04,gazipasa,10.467305,83.69427,1.056581735610962,993.4959,-0.8993805,0.30793652,1.4771096,24
2025-01-05,gazipasa,12.577016,82.87049,1.058727502822876,989.0354,0.017557383,-0.09256399,1.0892888,24
2025-01-06,gazipasa,12.564076,79.982704,0.9364169090986252,992.03326,-0.80961066,0.9593396,1.4756292,24
2025-01-07,gazipasa,12.11615,80.03303,0.11158938286826015,997.3884,-0.35785103,0.2493604,1.1254643,24
2025-01-08,gazipasa,11.816081,84.55091,0.0695123708283063,996.91235,-0.5102107,0.37220386,1.2454833,24
2025-01-09,gazipasa,12.527913,83.04589,0.021457672119140625,993.076,-0.32481262,0.2737709,1.0965432,24
2025-01-10,gazipasa,12.667623,75.291336,0.0793983053881675,988.74023,-0.17554784,-0.5194683,1.4518694,24
2025-01-11,gazipasa,12.531708,67.29229,0.06737112988730587,989.65875,-0.44378424,-0.30993333,1.4664855,24
2025-01-12,gazipasa,13.734212,75.96388,1.1256635189056396,992.45966,-1.0760523,0.8087864,1.6691321,24
2025-01-13,gazipasa,13.699962,86.04749,1.8724023830145597,994.7614,-1.2846489,0.93073606,1.807223,24
2025-01-14,gazipasa,13.79716,81.67097,0.34418700670357794,993.3825,-1.2127107,0.20682482,1.5768489,24
2025-01-15,gazipasa,12.982646,78.198586,0.9986279619624838,991.09906,-0.57858914,-0.26745734,1.7289194,24
2025-01-16,gazipasa,12.29007,76.416695,0.0008761417120695114,994.7087,0.6068471,-0.9767068,1.6584128,24
2025-01-17,gazipasa,12.930858,60.346073,0.018456577890901826,997.4822,-1.1762129,-0.67024946,1.5564513,24
2025-01-18,gazipasa,12.044536,58.44464,0.015440582956216531,994.1796,-0.51190186,-0.78452975,1.8047733,24
2025-01-19,gazipasa,11.943645,69.28521,0.0021536995973292505,991.5759,-0.79012805,-0.33516076,2.1120453,24
2025-01-20,gazipasa,12.036183,74.01066,0.0008612871624791296,990.7171,-1.3704609,0.17905712,2.363375,24
2025-01-21,gazipasa,11.892833,70.40141,0.12187658285256475,994.646,-1.101656,0.34289888,1.590397,24
2025-01-22,gazipasa,11.358296,81.33816,8.461179924779572,992.0913,-2.5512428,0.20821552,2.5789595,24
2025-01-23,gazipasa,10.988312,81.22771,1.1423964169807732,992.2375,-1.543066,0.8979742,1.8923548,24
2025-01-24,gazipasa,10.407959,85.294395,1.9603900727815926,993.69635,-0.8223362,0.49603447,1.3087355,24
2025-01-25,gazipasa,10.979329,79.80648,0.2583271125331521,992.9128,-1.9620814,0.7066903,2.3025892,24
2025-01-26,gazipasa,13.087626,66.83779,0.005146860530658159,993.1675,-0.8101762,0.08502865,1.8590733,24
2025-01-27,gazipasa,11.5494795,75.418106,0.08453727059531957,993.321,-0.5448964,0.015322368,1.4663515,24
2025-01-28,gazipasa,12.367584,71.86751,0.047194957005558535,994.3023,-0.6250789,0.3134505,1.2354199,24
2025-01-29,gazipasa,11.81665,70.89142,0.0008644283866487967,996.46387,-0.18881314,-0.12574704,1.237264,24
2025-01-30,gazipasa,11.154765,77.03204,0.10557771020103246,997.096,-0.43245366,0.16469955,1.3178858,24
2025-01-31,gazipasa,12.061249,74.55863,0.07508993076044135,993.9274,0.60782284,-0.6648776,1.6233422,24
2025-02-01,gazipasa,12.0225525,76.610306,0.0008583068620282575,994.28827,-0.44725505,-0.319582,1.6164039,24
2025-02-02,gazipasa,11.528737,76.632454,0.0025925666022885707,994.2708,0.01845932,-0.40442085,1.5964432,24
2025-02-03,gazipasa,12.297394,73.43155,0.0017106528389376763,990.561,1.0223783,-0.76523334,1.6106716,24
2025-02-04,gazipasa,12.364726,77.60727,2.9431492087610422,987.6276,-0.017781576,0.43812117,1.364882,24
2025-02-05,gazipasa,9.65744,67.47784,7.918628863990307,981.4116,-1.5472778,-0.54292303,2.0042763,24
2025-02-06,gazipasa,6.061605,39.999546,0.04687309228756931,982.8382,-1.6186444,-3.2525775,3.6932313,24
2025-02-07,gazipasa,6.2204995,41.357864,0.00889897364686476,990.2146,-1.7256565,-2.3783634,3.0511134,24
2025-02-08,gazipasa,8.284169,53.02657,0.019744038581848145,992.1983,-0.9631881,-0.7452545,1.5129256,24
2025-02-09,gazipasa,9.225606,57.933304,0.24150311946868896,989.8135,-1.300296,-0.07829348,1.8685479,24
2025-02-10,gazipasa,8.545482,64.20087,0.8484512800350785,989.47876,-0.39048842,0.17977448,1.4628286,24
2025-02-11,gazipasa,9.127482,58.32445,0.02618431972223334,990.91876,-0.014685948,-0.04190302,1.3607029,24
2025-02-12,gazipasa,7.4869895,75.76161,5.515041761100292,991.2705,-0.19869168,0.52919227,1.4840574,24
2025-02-13,gazipasa,8.189809,55.09245,0.09442994632991031,990.4113,0.7777691,-2.2428987,2.5248706,24
2025-02-14,gazipasa,8.265666,63.12853,0.0017225747797056101,992.8548,-0.3075994,-0.51982456,1.8014823,24
2025-02-15,gazipasa,9.929179,74.4712,0.001729240466374904,990.7253,-0.46502623,0.2720356,1.3574791,24
2025-02-16,gazipasa,11.492808,70.54673,0.0030159944799379446,987.6702,0.35842195,-0.3243192,1.3180372,24
2025-02-17,gazipasa,10.633229,75.46495,0.6711959722451866,988.5401,-1.262022,0.8104293,2.1190217,24
2025-02-18,gazipasa,11.193451,80.02472,3.191620111465454,989.66626,-1.8942099,0.68186504,2.0874987,24
2025-02-19,gazipasa,12.0746155,75.75153,0.34159421920776367,985.93695,0.6385148,-0.50541115,2.0527036,24
2025-02-20,gazipasa,8.833394,44.177155,0.06212294101715088,985.8548,-1.5289783,-2.734357,3.3857458,24
2025-02-21,gazipasa,5.906901,36.036083,0.31295715598389506,990.966,-2.0558681,-2.0138159,2.9136343,24
2025-02-22,gazipasa,4.3155556,40.762215,0.8965581655502319,993.4212,-1.4632816,-1.7251353,2.2930772,24
2025-02-23,gazipasa,3.3511467,41.467754,0.26883481768891215,996.5208,-1.2393671,-0.8935685,1.7150115,24
2025-02-24,gazipasa,4.0386047,44.480835,0.057485569413984194,998.76483,-0.5744998,-0.06957328,1.7757319,24
2025-02-25,gazipasa,6.83021,59.311565,0.17250969904125668,997.1067,0.97906685,-0.40306854,1.751717,24
2025-02-26,gazipasa,8.483806,68.54397,0.0008561510753679613,994.4681,0.7312762,-0.5487919,1.5967475,24
2025-02-27,gazipasa,9.317088,75.70461,3.7906033867329825e-06,995.14874,-0.061579388,-0.31931242,1.6269785,24
2025-02-28,gazipasa,10.349568,80.32932,1.793432002841655,991.5293,-0.5341199,0.41341782,1.3676605,24
2025-03-01,gazipasa,11.71049,75.34352,0.1630634069442749,991.5398,0.33624396,-0.24135208,1.2093762,24
2025-03-02,gazipasa,11.962117,78.96687,0.06951690011192113,993.6391,0.47045895,-0.29930496,1.518691,24
2025-03-03,gazipasa,12.61676,79.407745,0.726550817489624,987.96436,0.11854398,0.19069879,1.0604101,24
2025-03-04,gazipasa,12.653809,66.023,0.004726648057840066,984.86646,-0.43215308,-0.66681737,1.5257655,24
2025-03-05,gazipasa,14.280345,58.17499,0.1059949427144602,988.8095,-0.89729017,-1.4569921,2.500469,24
2025-03-06,gazipasa,14.297933,62.481495,0.0,992.47,-0.9000823,-0.44218192,1.9335343,24
2025-03-07,gazipasa,14.5677185,61.138264,0.0,989.31525,-0.8012886,-0.61464405,2.1965168,24
2025-03-08,gazipasa,14.427083,62.947357,0.0025684157662908547,984.08844,0.32173038,-1.0206043,2.2006977,24
2025-03-09,gazipasa,13.613322,80.27903,0.02702851088542957,985.4572,-0.14174652,0.8632176,1.3810881,24
2025-03-10,gazipasa,12.433024,80.68993,0.004279613222024636,989.77106,0.10348129,-0.073675714,1.4513842,24
2025-03-11,gazipasa,13.166392,83.05655,0.0025840898842943716,993.2849,-0.10543823,-0.07207636,1.4899955,24
2025-03-12,gazipasa,14.574595,74.9577,0.0008583068620282575,992.86865,-0.2790877,-0.17683919,1.5223647,24
2025-03-13,gazipasa,17.458069,56.26482,0.000852346317969932,990.0325,-1.2867018,-0.7087202,2.102071,24
2025-03-14,gazipasa,18.840933,51.773373,0.0012865057215094566,990.23224,-0.7604663,-1.0652326,2.300602,24
2025-03-15,gazipasa,19.732086,53.073673,0.0021521964299608953,992.2298,-0.8130004,-1.0647663,2.2441409,24
2025-03-16,gazipasa,20.286133,46.144516,0.0017225738702109084,990.50757,-0.6179759,-1.2657229,2.3483293,24
2025-03-17,gazipasa,18.780386,50.460728,0.018030405044555664,985.0933,-0.27930132,-0.3584962,1.6336702,24
2025-03-18,gazipasa,16.696981,67.143814,0.04506707045948133,980.98956,1.0514032,0.37111798,1.7126698,24
2025-03-19,gazipasa,12.661265,67.57317,10.037451982498169,980.3659,-0.52140653,-0.6727524,2.0968041,24
2025-03-20,gazipasa,7.26771,37.647503,0.0743567943572998,985.4759,-1.5862699,-3.5497732,4.0680966,24
2025-03-21,gazipasa,8.947551,43.76361,0.0047147264012892265,989.4427,0.030096054,-0.87962914,1.842564,24
2025-03-22,gazipasa,9.83369,55.546616,0.0013008349810661457,992.5315,0.55240124,-0.21198018,1.8807992,24
2025-03-23,gazipasa,11.788849,68.43849,0.0017143775039585307,996.9927,1.2966322,-0.44467798,1.9034094,24
2025-03-24,gazipasa,13.727397,75.70944,0.0,999.123,1.4510361,-0.66163796,1.9294853,24
2025-03-25,gazipasa,16.25759,73.04476,0.012877583685622085,996.15533,0.57633376,-0.9627902,1.8368473,24
2025-03-26,gazipasa,17.79603,63.027954,0.000852346317969932,989.3858,0.24039714,-0.68551296,1.5757909,24
2025-03-27,gazipasa,19.646484,55.399242,0.0004351138613856165,984.35455,-0.9614691,-0.39709595,1.7949041,24
2025-03-28,gazipasa,21.286041,47.65596,0.005147118827153463,978.85895,-2.479851,0.5123505,3.329242,24
2025-03-29,gazipasa,15.255992,82.446236,1.7620948592593777,980.8865,0.8832558,1.312293,1.7157264,24
2025-03-30,gazipasa,14.28067,72.50553,0.5819289945065975,981.4238,1.1435229,-0.28076437,1.5028232,24
2025-03-31,gazipasa,16.103891,55.57468,0.008153914677677676,983.87494,-1.2465134,-0.011268616,1.8148803,24
2025-04-01,gazipasa,17.530813,52.8324,1.9449172541499138,980.5261,-3.8909085,-0.08653911,4.0067906,24
2025-04-02,gazipasa,14.065654,84.19712,41.01077048107982,981.61334,-0.54613173,1.6435137,2.1481054,24
2025-04-03,gazipasa,13.397858,80.47074,1.2230753782205284,984.75726,0.53284264,-0.018748442,1.602232,24
2025-04-04,gazipasa,13.444203,84.05794,2.011871343711391,985.137,-0.2561709,0.7571996,1.3443459,24
2025-04-05,gazipasa,13.077382,78.561615,2.8062372002750635,982.67944,0.48598465,-0.067672096,1.5229121,24
2025-04-06,gazipasa,13.975759,79.70624,0.8248502272181213,982.98004,-0.31464705,0.8485734,1.7334152,24
2025-04-07,gazipasa,13.970296,74.68479,0.0004351138045421976,985.3566,0.8914878,-0.42271635,1.7461339,24
2025-04-08,gazipasa,15.727936,72.11551,0.0,985.4983,0.3667768,-0.45960817,1.7049317,24
2025-04-09,gazipasa,14.265717,72.604935,1.295182155445218,982.34296,1.4553694,0.7834589,2.0623982,24
2025-04-10,gazipasa,12.383179,64.50084,3.5903037060052156,982.4012,2.6495945,-0.61045796,2.9761302,24
2025-04-11,gazipasa,12.770396,54.909573,0.0017228003343916498,980.8654,1.7951475,-0.9754319,2.3854384,24
2025-04-12,gazipasa,10.604594,56.10373,0.040336755773751065,982.976,0.2994156,-0.12653987,1.9938383,24
2025-04-13,gazipasa,12.357829,69.87574,5.285027425998123,985.4915,-0.09461848,0.3821074,1.4039559,24
2025-04-14,gazipasa,13.085317,49.51034,0.0008583068620282575,988.1916,0.95455295,-1.6600904,2.5289352,24
2025-04-15,gazipasa,14.798146,48.307972,0.0008472074455312395,989.41406,0.732331,-1.2433327,2.1589653,24
2025-04-16,gazipasa,15.968272,73.18633,0.0,991.82367,-0.61647606,0.14831161,1.9067916,24
2025-04-17,gazipasa,16.784454,72.22239,0.0029980064937262796,991.7404,-0.15932846,-0.2317466,1.897277,24
2025-04-18,gazipasa,17.831696,68.79313,0.0008665026030030276,987.84344,0.042511623,-0.5607283,1.827807,24
2025-04-19,gazipasa,18.430979,61.886974,0.0008642673492431641,984.59375,0.2477258,0.24456537,1.450801,24
2025-04-20,gazipasa,16.361267,68.797356,0.0394612534364569,983.0717,1.1043516,0.35852912,1.4889272,24
2025-04-21,gazipasa,16.482279,82.940796,0.003867246959998738,983.67633,0.3758265,0.40970564,1.2501727,24
2025-04-22,gazipasa,18.345093,68.18667,0.0012845366654801182,983.8687,0.152373,-0.4334806,1.6878877,24
2025-04-23,gazipasa,21.207764,56.856304,0.0012874597814516164,980.3912,-0.45022836,-0.21073596,2.067065,24
2025-04-24,gazipasa,16.828836,83.370415,2.4453242413073895,979.9197,-0.35360208,1.8677264,2.2307312,24
2025-04-25,gazipasa,15.648946,79.04349,5.976817104965448,981.9492,-0.18938892,0.44274965,2.0922797,24
2025-04-26,gazipasa,15.861755,76.48998,0.5553364753723145,983.0032,1.2562803,0.042795938,1.6167059,24
2025-04-27,gazipasa,16.01237,80.63388,0.9952128166332841,985.58105,0.6124299,0.21371806,1.6780591,24
2025-04-28,gazipasa,17.066986,79.37666,3.040982410311699,984.6077,0.48675475,-0.20761316,1.3864025,24
2025-04-29,gazipasa,16.646505,82.025696,1.9740979187190533,982.9438,0.10423088,0.5223217,1.3496342,24
2025-04-30,gazipasa,17.181467,82.832855,1.8925666809082031,980.7243,0.08615366,0.2981217,1.5291176,24
2025-05-01,gazipasa,15.768636,88.27828,12.690912000834942,981.7937,-0.10857264,1.5771631,1.9903045,24
2025-05-02,gazipasa,15.781972,81.45336,1.3930529821664095,982.7861,0.06120618,0.50828767,1.127956,24
2025-05-03,gazipasa,15.747711,79.935974,12.362629175186157,983.9045,-0.05424754,0.1656441,1.1415635,24
2025-05-04,gazipasa,16.084127,79.894775,0.9673225576989353,983.37006,-0.047325134,0.07563245,1.4374762,24
2025-05-05,gazipasa,17.390533,77.41336,0.0008523463748133508,983.6425,1.1185747,-0.71062714,1.954749,24
2025-05-06,gazipasa,18.366648,80.67432,0.02017668157350272,988.0119,0.39149347,0.3708954,1.4453703,24
2025-05-07,gazipasa,18.058939,82.63259,0.0008618120546088903,989.35406,0.67749596,-0.51115924,1.7324705,24
2025-05-08,gazipasa,20.112314,68.47908,5.965375748928636e-06,986.8328,0.04488309,-0.8452696,1.7142404,24
2025-05-09,gazipasa,20.856161,61.65147,0.0004351138045421976,986.33295,0.09960874,-0.543052,1.7749429,24
2025-05-10,gazipasa,23.472464,53.20366,0.0008583068620282575,985.9668,-0.5395476,-1.051621,2.358548,24
2025-05-11,gazipasa,23.215729,47.964367,0.02060234510281589,981.9314,-0.6275902,-0.103856884,1.5252452,24
2025-05-12,gazipasa,21.144043,65.81167,0.005573033377004322,977.2203,0.25591597,0.42454466,1.6766852,24
2025-05-13,gazipasa,20.02485,75.32516,0.7080972427502275,976.37604,0.55245525,0.08263489,1.4357427,24
2025-05-14,gazipasa,19.461496,75.058464,0.6711781024932861,980.4529,0.12488874,0.3033966,1.4877242,24
2025-05-15,gazipasa,18.674063,79.744606,0.5141329602338374,984.58966,0.3107942,0.6998802,1.4456979,24
2025-05-16,gazipasa,19.078705,79.87675,0.009003281320474343,987.74603,-0.44386926,1.1508275,1.6488957,24
2025-05-17,gazipasa,21.835642,61.441982,0.0025808817554207053,985.86914,-0.34951973,0.2933071,1.6717091,24
2025-05-18,gazipasa,20.419565,69.26644,0.006005167051625904,986.81696,1.3434366,0.025056204,1.6211767,24
2025-05-19,gazipasa,19.91923,73.17575,0.0017136338783529936,986.9362,0.14492305,0.1093661,1.6737531,24
2025-05-20,gazipasa,19.504904,78.43949,0.0017081086411963042,985.3625,0.30859947,0.46677455,1.4103631,24
2025-05-21,gazipasa,21.178335,69.62966,0.002145116923202295,985.8792,0.34175363,-0.012140592,1.6418871,24
2025-05-22,gazipasa,22.869406,61.303135,0.0,984.39215,0.026645025,-0.4032294,1.899285,24
2025-05-23,gazipasa,24.352234,55.591206,0.0,981.331,-0.07346153,-0.71127146,1.8926477,24
2025-05-24,gazipasa,24.209402,54.234776,0.000852346317969932,981.78345,-0.15136337,-0.6945451,2.1241372,24
2025-05-25,gazipasa,26.29658,50.56976,0.0008523459769094188,982.4809,-0.7022756,-0.7575162,2.3410757,24
2025-05-26,gazipasa,26.211914,47.940094,0.0,979.6291,-0.83305424,-0.055734634,2.3033366,24
2025-05-27,gazipasa,21.887177,75.249,0.03261566234868951,978.3137,0.35536703,0.7569955,1.4530412,24
2025-05-28,gazipasa,20.934103,83.27632,0.6694793701171875,979.99457,0.8505122,0.6353073,1.6001841,24
2025-05-29,gazipasa,20.341034,81.669754,3.681272268295288,979.9375,-0.008108775,1.0180479,1.5016402,24
2025-05-30,gazipasa,19.337412,72.59391,2.158641815185547,981.7714,0.36370787,0.64844334,1.1501435,24
2025-05-31,gazipasa,18.4487,85.21301,8.194267749786377,983.5576,-0.17572784,0.5608234,1.161786,24
2025-06-01,gazipasa,19.007944,78.74497,0.946289801504463,985.16547,1.6272494,0.011044701,1.9757795,24
2025-06-02,gazipasa,19.78129,80.21699,1.2767314910888672,987.2601,1.7645544,-0.26585338,1.9771485,24
2025-06-03,gazipasa,21.74412,72.26865,0.12188553955638781,986.2981,0.36720785,-0.4162034,1.600872,24
2025-06-04,gazipasa,23.696157,61.15996,0.0008583068620282575,985.5737,-0.20379703,-0.6322937,1.918715,24
2025-06-05,gazipasa,24.021606,62.412617,0.0,985.7221,-0.38681158,-0.19927566,2.002045,24
2025-06-06,gazipasa,24.28895,66.384476,0.0,984.2762,0.09308616,-0.14943278,1.8102107,24
2025-06-07,gazipasa,25.074636,65.43359,0.0004410743486005231,982.9997,-0.35312524,0.15505083,1.7797276,24
2025-06-08,gazipasa,24.83133,69.141754,0.0008583068620282575,981.2976,-0.2521235,0.36082235,1.6820632,24
2025-06-09,gazipasa,25.001312,64.40824,0.0008702277796146518,980.95166,-0.20629883,0.016348163,1.7622313,24
2025-06-10,gazipasa,25.313843,70.72059,0.000852346317969932,979.92993,-0.12562434,-0.021734238,1.718906,24
2025-06-11,gazipasa,25.932718,66.84501,0.0,978.80475,-0.056926727,-0.03163886,1.6062335,24
2025-06-12,gazipasa,26.150034,67.71697,0.0,980.5501,0.01110967,-0.003301382,1.6892735,24
2025-06-13,gazipasa,26.233664,70.02809,0.0008583068620282575,981.3125,0.04940478,0.29597104,1.6469508,24
2025-06-14,gazipasa,26.153738,71.06923,0.0017225738702109084,980.2249,0.5413049,0.40077272,1.5013098,24
2025-06-15,gazipasa,25.370737,77.55637,0.12958425213582814,979.3223,0.64525414,0.38252535,1.538148,24
2025-06-16,gazipasa,25.213797,67.55743,0.04850130426348187,979.83014,0.34996414,0.26858306,1.8170401,24
2025-06-17,gazipasa,25.55658,61.28805,0.11844933032989502,981.55133,-0.073003136,0.0035378933,1.8337828,24
2025-06-18,gazipasa,25.932821,53.93307,0.0012853206499130465,983.52594,0.13542175,-0.1104302,2.2201688,24
2025-06-19,gazipasa,26.988739,50.652103,2.1391315385699272e-06,982.69867,-0.16069031,-0.19159539,2.071378,24
2025-06-20,gazipasa,26.899973,57.829556,0.0008463858875984442,980.6511,0.42486063,-0.08148805,1.8418216,24
2025-06-21,gazipasa,26.331787,71.21746,0.002562998815847095,980.02167,-0.005785624,0.97551507,1.8766998,24
2025-06-22,gazipasa,26.133322,72.67862,0.0008642676903036772,980.0931,0.17020543,0.39473927,1.7345146,24
2025-06-23,gazipasa,27.185465,57.79065,0.024904535166569985,980.41895,0.18903606,-0.12497894,1.9411453,24
2025-06-24,gazipasa,27.40447,47.205753,0.0012837981557822786,980.5737,-0.18612163,-0.18018429,2.381614,24
2025-06-25,gazipasa,27.71695,53.352406,0.0008523463748133508,979.5969,0.04746564,-0.10931269,1.9371468,24
2025-06-26,gazipasa,28.129416,51.00291,0.0,978.4704,-0.20687802,0.05332756,1.9760262,24
2025-06-27,gazipasa,28.949646,50.417286,0.0,977.9219,-0.05301412,-0.14458148,2.0778892,24
2025-06-28,gazipasa,29.17446,54.099354,0.0012878535926574841,974.52924,-0.35064378,0.2628218,2.08598,24
2025-06-29,gazipasa,28.722961,52.596004,0.06394530919351382,972.76886,-0.3570455,-0.028912624,1.8151894,24
2025-06-30,gazipasa,27.335266,47.63558,0.0004261731874066754,976.9753,-0.10131645,-0.2305603,2.3744185,24
2025-07-01,gazipasa,27.194632,55.923275,0.0,977.88275,0.90431005,0.14302945,1.8577083,24
2025-07-02,gazipasa,27.741953,58.126186,0.000852346317969932,977.89825,0.28364137,0.106249966,1.9299427,24
2025-07-03,gazipasa,28.043528,45.479725,0.0004351138045421976,979.7691,-0.064929165,-0.14518881,2.1193,24
2025-07-04,gazipasa,27.571533,37.682903,0.09914040856529027,981.06616,-0.1370538,-0.24226563,1.4413462,24
2025-07-05,gazipasa,26.516184,53.91058,0.05150139259058051,982.61743,0.41501746,0.1718847,1.8803825,24
2025-07-06,gazipasa,27.647003,52.89383,0.00042021264334834996,981.8068,0.7553832,-0.32461047,2.069719,24
2025-07-07,gazipasa,28.964304,49.32814,0.0,978.52325,0.5799351,-0.5093153,2.0111246,24
2025-07-08,gazipasa,27.596283,64.449684,0.009015202522277832,977.25415,0.60704803,0.52952474,1.597938,24
2025-07-09,gazipasa,27.195932,75.79439,0.009446723197470419,976.81714,0.6805134,0.4007269,1.5590748,24
2025-07-10,gazipasa,27.774393,62.477123,0.000418184185946302,976.312,0.2970797,0.6624389,1.5103402,24
2025-07-11,gazipasa,26.01242,71.45049,0.0012844800494349329,978.0909,0.9854972,0.35079685,1.4607879,24
2025-07-12,gazipasa,25.309896,79.15255,0.003445148422542843,980.54785,1.2983704,0.18467097,1.6229362,24
2025-07-13,gazipasa,25.747564,79.24064,0.0012636177189051523,981.3592,1.231732,0.35072395,1.5825266,24
2025-07-14,gazipasa,25.992533,84.47358,0.011184811569364683,978.7102,1.2670339,0.64425033,1.7093253,24
2025-07-15,gazipasa,25.546112,86.49958,0.10214150097453967,974.96173,0.94977444,1.0310718,1.6688548,24
2025-07-16,gazipasa,26.25524,84.30839,0.3076977445743978,975.9829,1.055533,0.95521575,1.6696783,24
2025-07-17,gazipasa,26.912079,82.71456,0.06353335629682988,979.8911,1.2767226,0.53486615,1.604514,24
2025-07-18,gazipasa,25.943613,86.183495,0.7892058929428458,981.1177,1.8053011,0.3886427,2.0264466,24
2025-07-19,gazipasa,26.5259,84.87265,1.122233341448009,978.97504,1.9478035,0.09941658,2.0935133,24
2025-07-20,gazipasa,27.96821,79.085144,0.007712840670137666,976.2961,1.0781351,0.19017299,1.6722008,24
2025-07-21,gazipasa,28.86673,76.9661,0.009447336196899414,976.8515,0.51871616,0.20302284,1.6068063,24
2025-07-22,gazipasa,29.15278,72.85088,0.0,978.99756,0.6254037,-0.014644186,1.765494,24
2025-07-23,gazipasa,29.502024,69.46453,0.0012847312973462977,977.61053,0.49441466,-0.022208015,1.7234455,24
2025-07-24,gazipasa,30.527151,62.8965,0.0012814989531761967,974.62067,0.43882117,-0.35577354,1.6815282,24
2025-07-25,gazipasa,33.107494,34.296833,0.0,972.74713,-0.5246398,-1.2286218,1.9113712,24
2025-07-26,gazipasa,32.13912,40.02377,0.0,973.27295,-0.65248233,-0.8077812,2.535853,24
2025-07-27,gazipasa,30.344168,60.12067,0.0,974.248,-0.43629074,0.90443677,1.8624973,24
2025-07-28,gazipasa,28.306082,75.526955,0.023171305656433105,974.56915,0.5060272,1.0154996,1.3417115,24
2025-07-29,gazipasa,26.815979,79.791145,0.006020069122314453,976.3156,1.374623,0.66732144,1.7520653,24
2025-07-30,gazipasa,25.44899,82.804436,0.052347779273986816,978.90576,1.7631912,0.34511575,1.9126658,24
2025-07-31,gazipasa,24.972467,84.52753,0.2634942648001015,977.75214,2.2409058,0.23695438,2.3556812,24
2025-08-01,gazipasa,25.209558,83.9124,0.12831389904022217,974.7422,1.3717861,0.65400296,1.6532801,24
2025-08-02,gazipasa,25.718231,85.91744,0.9291172173107043,976.9475,0.30523238,1.716217,1.8344418,24
2025-08-03,gazipasa,25.743357,79.21287,0.021436358110804576,980.4233,0.7720172,1.1108507,1.7443776,24
2025-08-04,gazipasa,25.804678,83.52187,0.9012435421027476,981.9253,1.7717978,0.27929512,1.8948692,24
2025-08-05,gazipasa,26.596283,87.187416,0.27294160099700093,981.04193,1.4181772,0.3303971,1.7339674,24
2025-08-06,gazipasa,27.332895,86.10711,0.0669579385430552,979.1656,0.904679,0.50712997,1.6580223,24
2025-08-07,gazipasa,26.707916,85.88565,0.012892480299342424,978.2285,1.2107912,0.617793,1.7131058,24
2025-08-08,gazipasa,28.66388,78.96291,0.002115964889526367,978.75116,1.0319494,0.2058599,1.365348,24
2025-08-09,gazipasa,32.01256,55.5383,0.0012874597814516164,979.8753,-0.044261295,-0.35810685,1.5445775,24
2025-08-10,gazipasa,31.160757,60.70288,0.0008583068620282575,980.5712,-0.35705122,0.091283284,1.8654546,24
2025-08-11,gazipasa,30.177063,68.10274,0.0,979.88434,0.95087177,-0.053302526,1.6364459,24
2025-08-12,gazipasa,30.066874,64.810814,0.0004261731874066754,980.63544,0.777963,-0.32170025,1.7132678,24
2025-08-13,gazipasa,31.374472,49.494793,0.0008510056659360998,981.65436,-0.056638718,-0.32413962,1.6993207,24
2025-08-14,gazipasa,31.019247,54.415802,0.0004261731874066754,981.35455,-0.06048711,-0.17280543,1.6670188,24
2025-08-15,gazipasa,29.002228,65.80392,0.0030208047974156216,978.7739,0.66866046,0.5173604,1.3558736,24
2025-08-16,gazipasa,25.895975,82.534294,0.1995307011384284,977.03467,0.17330296,1.7634153,1.9986682,24
2025-08-17,gazipasa,25.723776,82.23179,0.8252561092376709,978.271,1.1310056,1.1002924,1.9175342,24
2025-08-18,gazipasa,24.533478,79.666435,0.03948225639760494,979.9377,1.0601101,0.62131244,1.8067431,24
2025-08-19,gazipasa,26.332367,81.44088,0.6154060247354209,978.32135,1.2467798,0.23535688,1.4613429,24
2025-08-20,gazipasa,26.445374,85.86379,2.334150718525052,976.17773,1.3985533,0.5675941,1.8420659,24
2025-08-21,gazipasa,28.315145,73.83459,0.02146639053535182,977.99194,0.6400674,0.20132637,1.447817,24
2025-08-22,gazipasa,28.692404,68.63804,0.0,979.2857,0.67960805,-0.1392738,1.6731192,24
2025-08-23,gazipasa,29.165253,64.8953,0.0008583068620282575,977.86334,0.23595555,0.30171967,1.2590748,24
2025-08-24,gazipasa,27.045013,72.25567,0.002562999725341797,976.63824,-0.2445596,1.2215749,1.6074787,24
2025-08-25,gazipasa,27.346598,77.25937,1.7127543687820435,977.9548,0.58223534,0.46011606,1.3811806,24
2025-08-26,gazipasa,27.705902,77.768005,1.1119276750832796,978.90533,0.7144597,0.434371,1.3621264,24
2025-08-27,gazipasa,28.120026,72.8637,0.4042685031890869,979.7021,0.94819516,0.19733112,1.6009091,24
2025-08-28,gazipasa,26.492014,76.34798,1.3947427505627275,980.511,1.3332748,0.31428564,1.681554,24
2025-08-29,gazipasa,25.159689,85.23147,2.1758414804935455,981.67773,1.5706043,0.45546296,1.8484826,24
2025-08-30,gazipasa,24.675293,86.85184,1.743198256008327,983.1634,2.150596,0.3083489,2.2781107,24
2025-08-31,gazipasa,25.380117,83.046875,0.0038693524402333423,982.49445,1.3065802,-0.099781476,1.5210553,24
2025-09-01,gazipasa,26.4263,79.475365,0.0004405845288601995,979.60596,0.9005559,0.09814616,1.31932,24
2025-09-02,gazipasa,25.756012,85.79022,0.03215891405261573,976.2609,0.3962307,0.89360327,1.3860636,24
2025-09-03,gazipasa,26.666473,82.87687,0.6368696922436357,975.81885,1.3443322,0.1571724,1.5745066,24
2025-09-04,gazipasa,27.20455,73.772156,0.051492454076651484,977.41254,0.5180289,0.53555083,1.3712724,24
2025-09-05,gazipasa,26.565054,81.274925,0.009447336196899414,980.9449,0.6261444,0.748203,1.3768072,24
2025-09-06,gazipasa,24.633646,81.77246,0.04161298420513049,982.77325,1.0006027,0.9249131,1.6753296,24
2025-09-07,gazipasa,24.407013,82.047585,3.21694603189826,980.9766,1.0635891,0.3575574,1.3385806,24
2025-09-08,gazipasa,25.147512,80.10447,0.5527317407540977,979.73346,0.98411626,0.5840176,1.3757912,24
2025-09-09,gazipasa,25.76236,72.66985,0.9020835277624428,981.5566,0.6701692,0.21284421,1.1512411,24
2025-09-10,gazipasa,25.93699,63.79587,0.007727741831331514,983.88824,0.7059123,-0.16930585,1.7733403,24
2025-09-11,gazipasa,26.223633,65.40097,0.00043213367462158203,982.8947,0.04326248,0.0071507297,1.5779948,24
2025-09-12,gazipasa,25.987122,67.721756,0.000852346317969932,983.26807,-0.23046558,0.30904567,1.6183167,24
2025-09-13,gazipasa,26.874765,74.26138,0.000852346317969932,983.65643,0.31822142,0.14599419,1.2942486,24
2025-09-14,gazipasa,26.853271,77.446815,0.0012755393754559918,983.73126,0.1453584,0.2780819,1.349049,24
2025-09-15,gazipasa,25.898123,84.054955,0.011153778359584976,983.19354,0.5692558,0.07976723,1.452748,24
2025-09-16,gazipasa,25.769266,85.42334,0.795215368270874,982.40216,0.93940926,0.20424347,1.4440016,24
2025-09-17,gazipasa,26.283274,77.58281,0.000852346317969932,981.75323,0.06377411,0.24947135,1.768772,24
2025-09-18,gazipasa,26.77883,70.09008,0.04634261131286621,980.5295,0.52399,0.26966235,1.4518355,24
2025-09-19,gazipasa,24.61444,37.715195,0.11631250390564674,984.35254,-1.2005056,-1.3076948,2.5939388,24
2025-09-20,gazipasa,24.375345,45.570744,0.003001093318744097,986.22394,-0.12763977,-0.64613944,2.375503,24
2025-09-21,gazipasa,25.027842,50.792786,0.0004410746328176174,985.11523,-0.4611651,-0.27023268,2.1615999,24
2025-09-22,gazipasa,25.01362,51.07465,0.0017046922948793508,985.60034,-0.3891951,0.030001283,1.9853921,24
2025-09-23,gazipasa,24.90918,59.85202,0.0,986.5112,0.010182698,-0.07746911,1.4787612,24
2025-09-24,gazipasa,24.932058,56.842712,0.0,984.2258,0.8057868,-0.8568142,2.1143043,24
2025-09-25,gazipasa,24.422781,66.10569,0.0,981.6128,0.762043,-0.34542048,1.670518,24
2025-09-26,gazipasa,24.53826,69.92634,0.0008583068620282575,982.64764,-0.56622505,0.36859247,1.7724499,24
2025-09-27,gazipasa,24.796366,63.68393,0.0,984.513,-0.26671854,0.4004601,1.3458396,24
2025-09-28,gazipasa,23.614115,70.28132,0.016307829355355352,985.56866,-0.27263007,1.2801417,1.6744218,24
2025-09-29,gazipasa,23.06318,71.39196,0.8793316937953932,985.9138,0.780983,-0.0144530535,1.2970161,24
2025-09-30,gazipasa,22.993307,76.32752,1.5780061366967857,983.45844,1.0906118,-0.024415812,2.0083032,24
2025-10-01,gazipasa,22.935068,69.86015,0.2931058406829834,983.0696,0.06709353,0.28639928,1.8567187,24
2025-10-02,gazipasa,22.45695,72.37733,0.9578705066815019,982.98846,0.27858925,0.5153603,1.3907495,24
2025-10-03,gazipasa,23.104136,70.13926,0.010716914403019473,983.98615,-0.209301,1.2872887,1.4655727,24
2025-10-04,gazipasa,23.119467,74.589485,0.013309716450748965,987.5788,1.1088977,0.26873496,1.422605,24
2025-10-05,gazipasa,21.47045,68.737755,0.0021606687141684233,987.8243,1.6867529,-0.10301018,2.0140815,24
2025-10-06,gazipasa,20.944864,72.66064,0.2433299960102886,985.3056,0.7418253,0.9784374,1.7242187,24
2025-10-07,gazipasa,19.583954,78.9448,13.931170105934143,984.0987,-0.022957921,2.1844928,2.2746851,24
2025-10-08,gazipasa,17.754395,87.310974,43.12477633357048,983.2703,-0.16847865,1.9920315,2.3401535,24
2025-10-09,gazipasa,17.695068,74.93719,4.069217946380377,986.6272,0.7773444,-0.015732607,1.6662623,24
2025-10-10,gazipasa,19.033804,71.18569,0.0,990.501,0.67009735,-0.31059125,1.7816206,24
2025-10-11,gazipasa,20.093607,72.18046,0.0004351138045421976,987.60175,0.6792927,-0.11458572,1.5893823,24
2025-10-12,gazipasa,18.567078,64.95878,1.0728854686021805,984.43524,-0.70975876,-0.98640114,1.5214802,24
2025-10-13,gazipasa,17.722738,63.863285,0.08325227827299386,987.90533,-0.65884906,0.24735467,1.6527897,24
2025-10-14,gazipasa,18.98757,72.15886,0.03990530967712402,988.66974,0.35834578,0.45086575,1.3475081,24
2025-10-15,gazipasa,19.282736,79.411644,0.07811188697814941,988.0811,0.43938765,0.012028377,1.1991361,24
2025-10-16,gazipasa,19.595297,79.50063,0.08926391456043348,988.14874,0.2131265,-0.09616824,1.2659835,24
2025-10-17,gazipasa,19.050222,79.780495,0.0012755393754559918,990.3713,0.17533684,-0.25309873,1.5889455,24
2025-10-18,gazipasa,19.000132,79.28204,0.0029981135867274133,991.0413,0.9424775,-0.55162823,1.6713014,24
2025-10-19,gazipasa,20.42214,74.70085,0.0055879356750665465,988.63727,0.92390317,-0.60084015,1.5412079,24
2025-10-20,gazipasa,20.600332,68.19518,0.002133845555363223,986.0479,1.3795694,-0.99847484,1.9834284,24
2025-10-21,gazipasa,20.610006,69.645996,0.01029670238494873,986.25275,0.8555107,-0.65387315,1.4966273,24
2025-10-22,gazipasa,21.680197,60.18416,0.0008621705092082266,988.4714,-0.04234886,-0.6146759,1.1467891,24
2025-10-23,gazipasa,22.313375,62.269863,0.0008460635285700846,988.2325,-0.57853127,0.19859703,1.2674831,24
2025-10-24,gazipasa,21.850393,61.137936,0.0017225740975845838,986.7112,0.85669965,-0.3861487,1.3889683,24
2025-10-25,gazipasa,20.330698,77.483925,0.21284818626554625,986.67645,0.81235695,-0.3238926,1.2337536,24
2025-10-26,gazipasa,19.389008,83.494865,0.05279480683384463,986.14655,0.98283005,-0.39063263,1.6664196,24
2025-10-27,gazipasa,19.083261,83.52239,0.2077102690236643,987.28876,0.43090644,0.58832175,1.0678338,24
2025-10-28,gazipasa,19.110556,84.06409,0.2853870246326551,987.5671,0.00032456717,0.522338,1.2114038,24
2025-10-29,gazipasa,20.531504,76.584465,0.01715421603876166,988.03644,0.5221469,-0.2721599,1.2443051,24
2025-10-30,gazipasa,20.00176,64.07983,0.0029981135298839945,990.54443,-0.7201951,0.15347862,1.7243372,24
2025-10-31,gazipasa,19.31246,64.44254,0.0,990.8952,-0.17513974,-0.4054208,1.4419137,24
2025-11-01,gazipasa,19.767944,68.35727,0.000852346317969932,990.3364,-0.102882385,-0.17097469,1.2649335,24
2025-11-02,gazipasa,19.140024,71.58287,0.0004351138045421976,990.40155,-0.75973445,-0.25447977,1.5780483,24
2025-11-03,gazipasa,19.936432,59.045532,0.0012814998626708984,990.88983,-1.1342278,-0.4944322,1.9237098,24
2025-11-04,gazipasa,20.599548,62.947987,0.0,990.08185,-0.8315983,-0.10914385,1.590998,24
2025-11-05,gazipasa,20.45877,67.7756,0.0017106532368416083,987.98,-0.98155785,-0.44143006,1.7677622,24
2025-11-06,gazipasa,22.660715,61.05129,0.3274559800274801,983.9544,-1.8031553,-0.1654826,2.4468443,24
2025-11-07,gazipasa,19.376719,78.522354,1.333385705947876,987.11005,-1.1118488,0.9138317,1.8981007,24
2025-11-08,gazipasa,18.768442,79.51533,0.25449396343901753,990.8732,-0.43750635,0.31083617,1.341002,24
2025-11-09,gazipasa,18.668844,72.148636,0.0008612762485427083,992.2676,-0.5496788,-0.24428129,1.5342916,24
2025-11-10,gazipasa,19.368063,67.04457,0.0,990.2509,-0.7590472,-0.17917506,1.4219522,24
2025-11-11,gazipasa,19.788473,72.17028,0.13432801051749266,987.3887,0.7850831,-0.13202481,1.1350597,24
2025-11-12,gazipasa,19.138784,71.19445,0.21200478659011424,989.0483,0.3436629,0.22578458,1.001051,24
2025-11-13,gazipasa,17.681753,74.45519,0.6441473960876465,988.2192,-0.22222202,-0.04035783,1.3333827,24
2025-11-14,gazipasa,17.155832,67.77007,0.35919967922382057,985.149,-0.4159635,-0.27758494,1.5049065,24
2025-11-15,gazipasa,15.310699,49.125214,0.12401197454892099,984.5838,-0.9939429,-0.7747175,1.8203391,24
2025-11-16,gazipasa,16.028189,67.27375,0.02532899543439271,990.4244,-0.862737,0.8397363,1.606432,24
2025-11-17,gazipasa,16.122274,78.54043,0.2622187021188438,996.1513,-0.9403434,0.52244633,1.3803457,24
2025-11-18,gazipasa,16.628143,72.336494,0.06694458443234907,996.38385,-0.4564692,-0.04799358,1.2970697,24
2025-11-19,gazipasa,16.635529,66.445755,0.0,993.9869,-0.80887604,-0.19428742,1.3723325,24
2025-11-20,gazipasa,17.072184,67.32705,0.0017106532368416083,993.43604,-1.0669416,-0.31257844,1.6757814,24
2025-11-21,gazipasa,19.998281,60.13737,0.0017066367377083225,993.69946,-1.923019,-0.70577735,2.3652542,24
2025-11-22,gazipasa,22.059427,48.751705,0.0008463859444418631,993.3337,-2.4121907,-0.61204284,2.6860783,24
2025-11-23,gazipasa,22.287252,43.571106,0.0,990.4025,-3.0217388,0.03749903,3.346132,24
2025-11-24,gazipasa,20.075256,54.392963,0.07295608520507812,987.48505,-1.2536196,-0.115020156,1.7380697,24
2025-11-25,gazipasa,16.149038,81.70052,6.777608301490545,988.3238,-0.44998613,0.28802958,1.2954147,24
2025-11-26,gazipasa,15.421275,80.28771,0.08109211921691895,991.43976,-0.86481285,0.18892646,1.3459096,24
2025-11-27,gazipasa,16.77118,77.595764,0.20129706535954028,991.6457,-1.5873947,0.6441276,1.9189252,24
2025-11-28,gazipasa,16.502747,64.98696,0.00044503246954263886,991.35547,-1.6137549,-0.25458407,1.9714745,24
2025-11-29,gazipasa,17.207388,63.141968,2.441892633214593,986.9902,-2.9357097,0.9108646,3.4452877,24
2025-11-30,gazipasa,15.117543,81.88187,28.212530305609107,985.6023,-0.041109245,1.0795625,1.7674475,24
2025-12-01,gazipasa,15.000926,68.24143,0.08197128772735596,988.97943,0.97750634,-0.89236265,1.5593005,24
2025-12-02,gazipasa,14.361409,67.88857,0.000852346317969932,991.35645,-0.34846053,-0.13662975,1.3903378,24
2025-12-03,gazipasa,14.352925,73.88188,0.000852346317969932,992.37823,-0.8833275,0.2634004,1.3527226,24
2025-12-04,gazipasa,15.368794,70.785805,0.17768144607543945,990.1739,-0.7642216,-0.030897776,1.2246484,24
2025-12-05,gazipasa,16.330648,61.55637,1.0175108909606934,985.1919,-4.570986,0.13295595,4.639424,24
2025-12-06,gazipasa,15.986653,69.23289,14.232873916625977,982.11273,-3.3005393,0.9571419,3.5409024,24
2025-12-07,gazipasa,13.320201,85.91843,9.874808602035046,980.96405,-2.040635,1.7512678,2.771532,24
2025-12-08,gazipasa,13.226512,83.851524,2.7148276567459106,983.565,-0.948623,0.1101354,1.4880241,24
2025-12-09,gazipasa,14.045787,72.5826,3.180474042892456,984.882,-0.2932129,-0.1194067,1.0355126,24
2025-12-10,gazipasa,15.326324,65.316666,0.9591609123162925,986.45953,-0.021912893,-0.19058354,0.7990849,24
2025-12-11,gazipasa,14.462382,68.98444,0.4343092441558838,985.9751,-0.9205437,-0.017359218,1.6960778,24
2025-12-12,gazipasa,13.169719,64.70991,0.06309449599939398,988.20483,-0.6114648,-0.11588021,1.3660766,24
2025-12-13,gazipasa,12.768413,70.38422,0.03261715028202161,990.3011,-0.80994827,-0.08039812,1.2943743,24
2025-12-14,gazipasa,12.387492,72.874504,0.05020922253606841,991.5757,-0.6677157,-0.3008194,1.5179561,24
2025-12-15,gazipasa,12.564351,68.78796,0.636028591543436,989.00024,-0.83103245,-0.4416472,1.2343453,24
2025-12-16,gazipasa,11.941722,54.933777,0.4866449162364006,990.2459,-1.3022213,-0.9275303,1.9242233,24
2025-12-17,gazipasa,11.090648,52.057728,0.0004351138045421976,994.10126,-0.44911766,-1.2892933,1.9133244,24
2025-12-18,gazipasa,11.493347,58.02032,0.0012875389074906707,998.0877,-0.20084815,-0.6943226,1.4858273,24
2025-12-19,gazipasa,12.368306,67.17266,0.002157114693090989,995.5276,0.2605345,-0.65233296,1.4278164,24
2025-12-20,gazipasa,12.943736,76.249306,0.07595420174766332,990.5135,-0.5388245,0.56246096,1.3813386,24
2025-12-21,gazipasa,13.763072,75.90439,0.4325896443333477,986.92365,-1.6294155,0.16800101,1.7596922,24
2025-12-22,gazipasa,13.810913,64.87475,0.0004351138045421976,986.6148,-3.2359478,0.5082365,3.412505,24
2025-12-23,gazipasa,14.213399,65.713776,0.0017076727090170607,986.7314,-3.2671554,0.6751024,3.4841611,24
2025-12-24,gazipasa,14.239166,75.80549,0.03819167613983154,991.4914,-2.0236824,0.5567094,2.2727654,24
2025-12-25,gazipasa,13.698771,80.290115,1.23767857439816,991.4873,-0.7383001,0.091314755,1.4406085,24
2025-12-26,gazipasa,12.302653,75.39312,0.00428550401920802,987.21533,0.64114034,-1.0765654,1.7086436,24
2025-12-27,gazipasa,10.78423,61.227955,0.05362131651054369,979.9974,0.03550275,-2.1378186,2.4631672,24
2025-12-28,gazipasa,8.890941,51.340595,0.019305283785797656,979.8601,-0.4495131,-1.2485676,2.7219973,24
2025-12-29,gazipasa,9.825012,49.159912,0.0008583053272559482,981.2783,2.2292874,-2.4063034,3.4648592,24
2025-12-30,gazipasa,9.7942095,58.574947,2.320438390597701,988.58325,-0.97101337,0.42681885,1.5791591,24
2025-12-31,gazipasa,11.01649,89.32868,49.979625502601266,978.86334,-0.49780846,1.4097201,2.5732286,24
2024-01-01,kepez,11.3020735,86.07746,9.367781691253185,999.01227,-0.053511936,-1.1465416,1.3667003,24
2024-01-02,kepez,13.020497,89.52396,15.448296442627907,997.212,-0.5482769,-1.1665567,1.7733788,24
2024-01-03,kepez,12.996785,83.489395,3.6468387115746737,995.7571,-0.2984047,-0.91689533,1.7107238,24
2024-01-04,kepez,13.3508,88.19418,6.47813081741333,993.65454,-0.71217984,-1.1422597,1.5433897,24
2024-01-05,kepez,14.637238,75.869774,0.8726567029953003,994.5552,0.41511282,-1.8080822,1.9298409,24
2024-01-06,kepez,12.11617,70.613976,0.670272100251168,999.91876,-0.0027096272,-0.7043295,1.5609207,24
2024-01-07,kepez,14.23764,90.41083,33.83322438457981,993.9152,-1.6836472,4.9175773,5.2275167,24
2024-01-08,kepez,14.262573,84.93815,3.169828560203314,991.5721,-1.1216577,1.9463854,2.2779593,24
2024-01-09,kepez,12.006612,93.244316,27.526071295142174,990.25464,-1.3646832,0.7325983,1.7565218,24
2024-01-10,kepez,11.874695,75.44373,3.878420451655984,990.0198,0.19468053,-1.8380922,1.9250607,24
2024-01-11,kepez,11.494761,60.58852,0.012674834579229355,992.1878,0.8796126,-1.622221,2.3691702,24
2024-01-12,kepez,10.246999,72.82901,0.6447583436965942,988.1509,0.06359736,-1.3481045,1.501881,24
2024-01-13,kepez,9.323985,49.87578,0.0,987.89777,1.4156342,-3.8414822,4.10856,24
2024-01-14,kepez,8.815247,56.029613,0.17933547496795654,992.0158,0.17252667,-1.6691602,2.3517582,24
2024-01-15,kepez,9.791972,76.708496,1.2491494417190552,995.659,-0.4087346,-0.26397452,1.6936073,24
2024-01-16,kepez,12.455068,90.987206,12.123718857765198,993.36163,-0.46740684,1.9340616,2.471726,24
2024-01-17,kepez,12.777496,83.31241,4.154998110607266,995.68463,0.2682236,-1.0076231,1.4139332,24
2024-01-18,kepez,11.719584,90.367516,5.101376678794622,998.80646,-0.59076756,-0.24953139,1.4527804,24
2024-01-19,kepez,13.967926,89.304634,6.971985101699829,996.4888,-0.6735564,1.2539482,1.7238415,24
2024-01-20,kepez,13.405314,93.107025,7.1381330490112305,997.01074,-1.2765099,-0.0049554906,1.5144078,24
2024-01-21,kepez,12.825582,91.24874,25.2668559551239,994.96484,-0.9287426,-0.7220085,1.9395857,24
2024-01-22,kepez,11.840922,55.581715,0.09873734961729497,994.8411,1.3681024,-4.5541496,4.7789354,24
2024-01-23,kepez,11.254588,55.01036,0.0008810078497845097,994.6922,0.8234634,-2.440712,2.800792,24
2024-01-24,kepez,10.368408,59.09093,0.0,994.8677,0.72874117,-2.104969,2.324479,24
2024-01-25,kepez,9.517975,61.339405,0.0008523463748133508,994.41,0.17296918,-1.1788782,1.5419631,24
2024-01-26,kepez,9.876353,55.647003,2.5374293793447578,991.9304,1.7352778,-3.6230195,4.036391,24
2024-01-27,kepez,9.366119,45.576565,0.0,996.13086,1.3261337,-3.3402872,3.6720016,24
2024-01-28,kepez,8.891042,48.561695,0.0036686651583295316,997.7861,0.75997037,-3.2310345,3.36575,24
2024-01-29,kepez,7.887024,43.5309,0.0012904401955893263,998.7051,1.2710251,-4.100999,4.3781037,24
2024-01-30,kepez,8.328197,47.84791,1.257252600225911,996.16724,1.2895654,-4.080218,4.3969765,24
2024-01-31,kepez,9.182811,52.33621,0.35453139571473,997.46466,0.6892681,-3.2430942,3.4353056,24
2024-02-01,kepez,9.968028,57.186085,0.010523483979341108,997.7735,0.63868433,-1.6243976,2.259363,24
2024-02-02,kepez,9.114227,69.65952,0.005322694505593972,995.3422,0.10324577,-0.9529062,1.8898863,24
2024-02-03,kepez,9.312642,72.601234,0.04717840465673362,996.804,-0.046127956,-1.3217684,1.5405184,24
2024-02-04,kepez,9.17513,73.07747,0.043198466300964355,998.0928,-0.0115920305,-0.6904151,1.7066275,24
2024-02-05,kepez,11.237926,59.58975,0.0035941593523602933,998.0366,1.1747751,-2.2551644,2.673423,24
2024-02-06,kepez,11.556102,70.3484,0.0008553266184208042,1000.6479,0.29831252,-0.74744564,1.6609741,24
2024-02-07,kepez,10.492859,85.603355,2.3546009324491024,1000.77515,-0.40457025,-0.18260181,1.5171448,24
2024-02-08,kepez,12.458771,89.17666,11.336630210280418,998.36505,-1.2357311,1.2981915,1.8276054,24
2024-02-09,kepez,11.249268,92.783485,13.638553209602833,995.3514,-0.7613805,-0.17501123,1.1965858,24
2024-02-10,kepez,10.820109,80.42824,0.06362199928844348,998.47217,-0.18739764,-0.51837814,1.6304549,24
2024-02-11,kepez,11.3611145,83.72438,0.36218762397766113,1001.1291,-0.6631901,-0.37022057,1.3899416,24
2024-02-12,kepez,13.357686,82.942604,12.570027261972427,996.0374,-1.2994627,1.9680232,2.5988278,24
2024-02-13,kepez,12.300426,88.91935,52.90094390511513,988.3533,-0.63065654,0.58694035,2.4171455,24
2024-02-14,kepez,10.233541,83.6188,18.195724114775658,985.071,0.15259624,-2.834608,2.8635948,24
2024-02-15,kepez,10.577373,81.47535,2.7390131726861,988.71747,0.30116627,-1.5371634,1.887106,24
2024-02-16,kepez,11.733459,72.76914,0.17620623111724854,991.38226,0.6911476,-0.6257496,1.7263669,24
2024-02-17,kepez,11.793304,69.32508,0.0017106531231547706,995.4013,0.5094312,-0.80332786,1.8311576,24
2024-02-18,kepez,11.732829,61.69719,0.06058812141418457,997.6844,0.7534833,-2.2611969,2.4147866,24
2024-02-19,kepez,11.911885,54.64742,0.0017232223399332725,996.85736,0.8834627,-1.741664,2.490902,24
2024-02-20,kepez,10.395233,67.442474,0.0025772760636755265,997.61127,0.05910492,-0.6757749,1.6840106,24
2024-02-21,kepez,10.621327,75.14322,0.012580782822624315,999.06,-0.13024013,-0.56601846,1.6429342,24
2024-02-22,kepez,11.240407,76.30507,0.00952482150751166,999.06354,-0.09315363,-0.5556529,1.4685944,24
2024-02-23,kepez,11.441945,74.04897,0.0012755390343954787,998.94434,0.3249035,-0.44350895,1.5130574,24
2024-02-24,kepez,12.092804,73.590645,0.0008502574928570539,999.3464,0.5592842,-0.45004496,1.5976821,24
2024-02-25,kepez,12.857839,70.68378,0.0008675702360960713,997.42633,0.5291465,-0.5231189,1.7893119,24
2024-02-26,kepez,10.850627,88.04035,9.883766062216637,993.59625,0.38591766,-1.1054235,1.2877978,24
2024-02-27,kepez,12.75353,72.31184,0.060170888900756836,995.3649,0.45944774,-0.48049164,1.5501431,24
2024-02-28,kepez,12.482524,76.235306,0.0,1000.3973,0.074294366,-0.1723601,1.2927648,24
2024-02-29,kepez,12.945811,73.75157,0.0,1001.0827,0.41575623,-0.40847525,1.5924834,24
2024-03-01,kepez,12.268697,64.44041,0.000852346317969932,996.6135,0.45822206,-0.46810913,1.5427003,24
2024-03-02,kepez,12.476349,63.62677,0.7667779688631526,991.35156,0.19928741,-0.4171591,1.6936102,24
2024-03-03,kepez,12.344441,73.68807,0.014074978025746532,991.30084,0.4372107,-0.37845942,1.7988776,24
2024-03-04,kepez,12.538585,75.03983,0.01233518105436815,993.0969,-0.00012588501,-0.2664496,1.6978135,24
2024-03-05,kepez,11.852183,90.21009,20.713176575554826,991.48346,-0.95265895,1.8770334,3.0139396,24
2024-03-06,kepez,12.623454,76.49274,5.7110353372991085,989.2823,0.19415347,-0.7091438,1.4610251,24
2024-03-07,kepez,12.390198,63.072933,0.000852346317969932,992.9314,0.64947253,-0.8145779,2.1714306,24
2024-03-08,kepez,10.245229,85.457344,9.04012005776167,993.03314,-0.2816124,-0.8638387,1.8058014,24
2024-03-09,kepez,11.616069,62.328075,0.0010281801223754883,992.9952,0.67724735,-2.161497,2.4264994,24
2024-03-10,kepez,12.604126,47.80599,0.0008523463748133508,995.07025,0.8195152,-1.9686197,2.6611798,24
2024-03-11,kepez,11.20166,67.47224,0.0012099742434656946,1000.6827,-0.039498884,-0.1755873,1.6951421,24
2024-03-12,kepez,11.390767,77.07547,0.004768883172800997,999.3447,-0.30863824,0.10537088,1.6063172,24
2024-03-13,kepez,12.052002,79.847145,3.1428784132003784,993.4179,-0.4370667,0.129268,1.8137385,24
2024-03-14,kepez,11.637329,75.4264,0.6871253135614097,992.1477,0.5187126,-0.5287886,1.7331759,24
2024-03-15,kepez,12.504964,72.512665,0.4240326816216111,992.6379,0.24471386,-0.21766508,1.6673442,24
2024-03-16,kepez,12.115743,71.284004,0.018630758859217167,994.93964,0.19997291,-0.6311124,1.7285408,24
2024-03-17,kepez,11.66155,71.47229,0.0,994.16016,0.21179517,-0.746622,1.5072145,24
2024-03-18,kepez,13.1292925,65.243614,0.24133401745984884,987.8547,0.8888137,-1.474233,1.8548597,24
2024-03-19,kepez,14.206309,55.0665,0.003430246579227969,986.1038,1.1123358,-1.2076048,2.418413,24
2024-03-20,kepez,13.114349,72.914925,0.6002458285365719,989.00433,-0.60784715,-0.1228801,1.8388495,24
2024-03-21,kepez,12.660207,58.24879,0.8649706724099815,990.69354,0.77823275,-2.8620179,3.0111475,24
2024-03-22,kepez,11.481517,42.652134,0.01614093707758002,990.66046,0.88658905,-2.9758453,3.1183932,24
2024-03-23,kepez,11.36262,47.69022,0.000852346317969932,992.2178,0.42656136,-1.5398966,2.7769296,24
2024-03-24,kepez,11.133382,68.814575,0.000852346317969932,990.0848,-0.012996833,-0.022424221,1.7623576,24
2024-03-25,kepez,11.79186,80.06325,0.8539510890841484,988.2156,-0.7988612,-0.15127437,1.8515067,24
2024-03-26,kepez,15.193126,71.270935,0.48513710498809814,991.2068,-0.15002377,-0.8189809,2.0369203,24
2024-03-27,kepez,14.650676,80.07504,0.30156970024108887,995.9575,-0.74644727,-0.01450181,1.6438633,24
2024-03-28,kepez,15.20164,69.48772,0.0018954160623252392,996.22046,0.5258344,-0.57849735,1.7766328,24
2024-03-29,kepez,18.716675,58.80873,0.3523528575897217,994.8173,0.9869477,-0.5034309,1.5703025,24
2024-03-30,kepez,18.531301,62.094193,0.000852346317969932,996.74194,0.63964653,-0.37941518,1.7342273,24
2024-03-31,kepez,18.569315,63.52415,0.0017074116840376519,998.93823,0.6973915,-0.45348993,1.8236345,24
2024-04-01,kepez,19.108572,64.36657,0.0,996.8322,0.674268,-0.34912467,1.8214453,24
2024-04-02,kepez,19.457855,63.79761,0.0021412958517430525,993.15234,0.64640355,-0.28906214,1.933867,24
2024-04-03,kepez,18.790884,66.57049,0.0,991.3977,0.3167108,-0.14573944,1.7736746,24
2024-04-04,kepez,17.071451,75.47961,0.005015190254198387,991.8952,-0.43459424,0.09487406,1.7661781,24
2024-04-05,kepez,18.376749,68.72024,0.0004351138045421976,992.4174,0.52634364,-0.34107956,1.462022,24
2024-04-06,kepez,18.400919,48.14339,0.07836818991791006,992.03564,0.8758132,-2.7328112,3.0150347,24
2024-04-07,kepez,18.470755,39.82384,0.001287455859255715,987.9463,1.2090944,-2.4342139,2.8274887,24
2024-04-08,kepez,17.630392,39.749454,0.0044167039163767186,988.27765,0.849905,-2.4261038,2.742033,24
2024-04-09,kepez,16.805237,58.24034,0.28027547523379326,989.0069,0.9129569,-0.8936967,1.615263,24
2024-04-10,kepez,17.337301,71.092896,0.02466171281412244,989.5964,-0.123306274,0.43053123,1.71289,24
2024-04-11,kepez,18.462015,73.69488,0.0,993.2447,0.24698639,0.18596776,1.6960303,24
2024-04-12,kepez,18.313171,73.8796,0.0016391277313232422,994.57245,0.29732004,0.16068876,1.7714262,24
2024-04-13,kepez,20.52537,58.341873,0.0017225738702109084,993.46796,0.8046983,-1.7544454,1.9940658,24
2024-04-14,kepez,20.77835,45.768265,0.0008583068620282575,992.5576,0.66926956,-2.9141452,3.133599,24
2024-04-15,kepez,21.899027,37.17674,0.0008642672355563263,994.313,0.98207855,-1.7487136,2.548576,24
2024-04-16,kepez,19.667938,54.964283,0.00042915337417070987,994.13226,-0.099702835,0.15059797,1.7823063,24
2024-04-17,kepez,19.39202,54.015614,0.020967550881323405,988.7535,-0.13853073,0.40006003,1.823,24
2024-04-18,kepez,18.869944,72.70479,0.7544457912445068,985.7595,-1.3441237,0.45030466,2.0752318,24
2024-04-19,kepez,17.522104,77.43795,0.3024816542165354,989.4609,-1.0780252,0.50122136,2.1161115,24
2024-04-20,kepez,15.9973955,81.6047,12.025445685139857,986.54614,-1.9289818,3.4195607,4.255775,24
2024-04-21,kepez,16.624949,71.97674,0.14829635620117188,992.18854,-0.62733525,0.002878666,2.0482504,24
2024-04-22,kepez,17.294647,70.701416,0.018030405044555664,997.1241,-0.3491656,0.14970286,1.5670891,24
2024-04-23,kepez,19.31988,65.80449,0.002554812454036437,996.45404,0.48382315,-0.29472348,1.6941023,24
2024-04-24,kepez,21.921326,52.84997,0.0017306650761383935,990.3149,0.62334126,0.04676489,1.9762863,24
2024-04-25,kepez,22.627127,53.97296,0.000852346317969932,985.6668,0.09080879,0.601753,1.725804,24
2024-04-26,kepez,21.934937,57.272205,5.6843418860808015e-11,986.60114,-0.057727497,-0.09009782,1.4747428,24
2024-04-27,kepez,20.923666,57.287827,0.001293420666570455,988.5711,0.37189385,-0.09169412,1.9239756,24
2024-04-28,kepez,22.629913,52.313156,0.002556816355081537,989.68243,0.41513824,0.09014829,1.9275941,24
2024-04-29,kepez,22.490326,55.08589,0.0017285344142692338,989.86224,0.51922226,-0.17764664,1.9874722,24
2024-04-30,kepez,22.484293,57.728775,0.7253487543721349,989.1575,0.64387447,-0.5219064,1.8735021,24
2024-05-01,kepez,22.40328,63.873917,0.09766519360709935,987.5747,0.426445,-0.16523917,1.5687052,24
2024-05-02,kepez,21.510153,67.19127,0.008243322554335464,985.3144,0.18719165,0.39207157,1.5350264,24
2024-05-03,kepez,21.18038,58.988796,2.9802322387695312e-05,984.22345,0.5688629,-0.39762172,2.1820073,24
2024-05-04,kepez,18.984934,57.713303,0.7628619787283242,982.8613,0.058565777,-0.31272182,2.1805415,24
2024-05-05,kepez,17.99766,52.42795,0.3103553899563849,984.67755,0.43617693,-2.1562397,2.4611695,24
2024-05-06,kepez,19.960733,36.584602,0.0,988.6111,1.1526979,-2.2559893,2.7080173,24
2024-05-07,kepez,19.288034,50.21373,0.0008702277796146518,991.3626,0.2744465,0.22919972,1.8965917,24
2024-05-08,kepez,18.818441,62.708298,0.0008583068620282575,994.0456,-0.10514768,0.57295823,1.750031,24
2024-05-09,kepez,19.112906,61.448704,0.0008702269269633689,991.8259,0.09998766,0.18982343,1.7026658,24
2024-05-10,kepez,21.143759,49.107586,0.3664910909719765,985.77374,0.2933127,0.3458035,2.3347445,24
2024-05-11,kepez,17.392548,85.03141,16.24116295715794,985.8379,-1.0890522,1.2289318,1.9638771,24
2024-05-12,kepez,17.941,75.57758,4.044830799102783,987.53595,0.52893955,-0.29149342,1.4535269,24
2024-05-13,kepez,19.801432,56.345074,0.0021475889298017137,987.7222,1.359794,-1.7205362,2.6389625,24
2024-05-14,kepez,19.201334,53.943783,5.838955985382199e-07,989.57404,0.2518107,-1.1809922,2.7467077,24
2024-05-15,kepez,18.702475,67.56249,0.0008603038850196754,992.3344,-0.048049927,0.6370677,1.7978495,24
2024-05-16,kepez,19.336191,66.46707,0.0038942616811254993,995.84393,0.007329305,0.4886539,1.6368366,24
2024-05-17,kepez,20.425425,72.9253,0.002323081389477011,996.0346,-0.0012486776,0.37839368,1.3795506,24
2024-05-18,kepez,22.431265,69.845924,0.0,993.2185,-0.0047486625,0.58208483,1.6913109,24
2024-05-19,kepez,22.793833,67.801765,0.000852346317969932,990.21967,0.5764065,0.1954819,1.7839274,24
2024-05-20,kepez,23.436148,69.532845,0.0,987.39716,0.45488867,0.4020746,1.7679071,24
2024-05-21,kepez,25.677927,58.431103,0.0008549805556867796,988.4277,0.82262677,-0.16243367,2.0293157,24
2024-05-22,kepez,24.46821,62.8114,0.015610456102876924,989.53326,0.50355023,0.2893144,1.7311692,24
2024-05-23,kepez,22.797922,71.62321,0.0,986.7419,-0.7400398,0.31086114,2.327525,24
2024-05-24,kepez,22.56018,47.14983,0.000852346317969932,986.3005,1.7312266,-3.8788192,4.2651772,24
2024-05-25,kepez,23.75524,43.442127,0.0,986.78815,1.1339989,-1.7291247,2.82424,24
2024-05-26,kepez,21.4269,62.766876,0.22611021995544434,988.427,-0.22112592,0.5899906,2.0148695,24
2024-05-27,kepez,22.215017,57.84097,0.1201689156005159,988.21533,0.53313,0.20368738,1.760242,24
2024-05-28,kepez,22.28831,56.337738,0.4877280880464241,988.3299,-0.18372679,0.42659125,1.5011958,24
2024-05-29,kepez,21.15274,66.113594,0.06830692291259766,990.05524,0.037583668,0.68911237,1.588719,24
2024-05-30,kepez,20.67336,74.72024,0.260722626990173,990.42316,-0.043108623,0.7506183,1.4751129,24
2024-05-31,kepez,21.665924,69.84432,0.6285309791564941,993.519,0.11631584,0.70546025,1.5489084,24
2024-06-01,kepez,23.688131,61.497234,0.0008583068620282575,996.0,0.26660982,0.58681107,1.6395584,24
2024-06-02,kepez,26.654907,53.537872,0.0,993.1655,0.60280037,0.44643083,1.6557788,24
2024-06-03,kepez,29.14033,45.156998,0.0017195934560731985,989.73126,0.73096657,-0.40371513,1.8336883,24
2024-06-04,kepez,30.149729,41.174454,0.0,987.8,1.1263019,-0.53242177,2.0424223,24
2024-06-05,kepez,32.261463,31.246119,0.0,987.2869,1.8240576,-2.3344135,3.1264985,24
2024-06-06,kepez,33.391033,27.03846,0.1598149538040161,987.7207,1.703997,-2.5501034,3.1320097,24
2024-06-07,kepez,31.9116,31.11968,0.7814079435775056,987.87476,1.8733171,-2.3881016,3.1339529,24
2024-06-08,kepez,29.736694,36.86584,0.48491358757019043,984.03864,1.5834293,-1.1265634,2.5449002,24
2024-06-09,kepez,29.50358,41.480846,0.0,983.7835,0.74047214,-1.4469122,2.3809576,24
2024-06-10,kepez,29.207937,41.201714,0.000852346317969932,986.7644,0.7401174,-0.20486875,2.1199467,24
2024-06-11,kepez,29.223581,45.1732,0.0008523463748133508,987.7763,0.5438487,0.21685648,1.9037672,24
2024-06-12,kepez,30.5543,46.607662,0.0017132691141341638,988.9018,0.44297156,0.3578386,1.8412849,24
2024-06-13,kepez,32.827534,38.17084,0.019538401829777285,989.5139,1.3266748,-0.7734998,1.8946667,24
2024-06-14,kepez,33.269043,32.698826,0.002559413303515612,987.35016,1.1344045,-0.374086,2.2882655,24
2024-06-15,kepez,30.74118,44.121906,0.0012785349099431187,982.3808,0.5129363,-0.26746812,2.0009873,24
2024-06-16,kepez,28.306732,51.308674,0.0017106531231547706,984.2388,0.11098925,0.43536687,1.7846551,24
2024-06-17,kepez,27.896494,61.270023,0.0004351138613856165,987.3901,0.03908038,1.0604769,1.8376298,24
2024-06-18,kepez,28.961243,62.081757,0.001702981137441384,988.0467,0.15287225,1.0735588,1.6937598,24
2024-06-19,kepez,29.899454,53.711254,0.0,986.91327,0.3208828,0.7135932,1.9424872,24
2024-06-20,kepez,30.7246,54.703808,0.0,986.0445,0.042793274,1.0086771,1.5065991,24
2024-06-21,kepez,30.350595,53.95477,0.31459332666372575,984.17914,0.04949232,0.45224318,1.8017765,24
2024-06-22,kepez,29.834106,54.094547,0.004204146534902975,981.4368,-0.027332425,0.2581458,2.2142262,24
2024-06-23,kepez,30.324697,54.1429,0.0,980.84125,0.03301684,0.748542,1.7467717,24
2024-06-24,kepez,29.237234,61.79311,0.0004410743486005231,983.46454,-0.13790512,0.87865496,1.7367134,24
2024-06-25,kepez,29.535757,67.67662,0.0,984.195,-0.034499485,1.0237163,1.650518,24
2024-06-26,kepez,31.78952,51.03282,0.0021517274717552937,982.96436,0.53563243,-0.33303177,2.3063533,24
2024-06-27,kepez,30.537497,54.435413,0.0,983.722,0.08745766,0.56892586,2.0050466,24
2024-06-28,kepez,29.547607,63.538525,0.0017251713870791718,981.8184,-0.041144688,0.7237778,1.7825198,24
2024-06-29,kepez,29.900635,50.881866,0.8079115632426692,979.6817,0.57212704,-1.0063728,1.8163338,24
2024-06-30,kepez,31.680826,27.458298,0.0012891123333247378,982.5972,1.2405313,-3.5145667,3.8233194,24
2024-07-01,kepez,31.192352,30.21733,1.979060471057892e-06,982.9475,0.9621544,-1.9799013,2.421571,24
2024-07-02,kepez,30.681986,36.489365,0.000852346317969932,980.97235,0.6637561,0.10334893,2.1262581,24
2024-07-03,kepez,28.088654,60.574764,0.13309717178344727,980.79297,-0.97767,1.2434292,2.3603928,24
2024-07-04,kepez,25.567923,77.69632,1.9317750120535493,983.67633,-1.4536667,1.336963,2.5112922,24
2024-07-05,kepez,26.259481,61.446354,0.3775579680223018,985.46533,0.18307431,0.36585876,1.8025733,24
2024-07-06,kepez,31.09611,36.707203,0.002157047674700152,983.99097,1.3420544,-3.0221226,3.3752127,24
2024-07-07,kepez,33.29607,29.611732,0.0,982.5461,1.5930991,-2.8260672,3.3465269,24
2024-07-08,kepez,33.839985,33.078087,0.0,981.6149,0.83801013,-2.004645,2.6177602,24
2024-07-09,kepez,32.973156,41.53702,0.0008583068620282575,981.80585,0.41077486,-0.65483516,2.2220678,24
2024-07-10,kepez,31.439575,50.134678,0.6974637508392334,983.98413,0.49601555,0.08899859,1.9336342,24
2024-07-11,kepez,30.37612,52.241314,0.000852346317969932,986.0242,0.3206987,0.58890027,1.9758338,24
2024-07-12,kepez,29.657156,56.563477,0.0008583068620282575,985.30365,0.119802475,0.7655323,1.7889318,24
2024-07-13,kepez,28.964426,59.287785,0.0,983.0027,0.04883957,0.76805156,1.8922844,24
2024-07-14,kepez,30.81958,53.40243,0.2693176211323589,981.28,0.6724383,-0.002901594,1.7871906,24
2024-07-15,kepez,31.792725,46.333633,0.12312829494476318,980.98724,0.54388875,-0.48276344,2.1247346,24
2024-07-16,kepez,30.764862,52.79566,0.0008672504918649793,982.7789,0.40981293,0.47357407,1.6608657,24
2024-07-17,kepez,31.198038,51.558834,0.0,984.2249,0.46732268,0.5484291,2.0573375,24
2024-07-18,kepez,31.896963,50.27331,0.000852346317969932,984.0461,0.52042073,0.08817247,1.9377238,24
2024-07-19,kepez,34.05776,37.087162,0.0021398063836386427,981.7872,0.8682372,-2.1725788,2.5351706,24
2024-07-20,kepez,34.631073,27.969702,0.0008595657732257678,980.7041,0.9795666,-1.89491,2.4842558,24
2024-07-21,kepez,33.15341,35.39514,0.002580881073299679,982.2348,0.4805088,0.14155431,2.1583617,24
2024-07-22,kepez,32.075153,46.329494,0.000852346317969932,982.66644,0.08639399,0.45413682,2.0508788,24
2024-07-23,kepez,31.170685,61.26958,0.0,982.95874,0.03520902,0.64939654,1.7409059,24
2024-07-24,kepez,30.877554,68.00277,0.033277272450504825,980.31445,-0.0019372305,0.88029796,1.6586534,24
2024-07-25,kepez,29.148325,78.08054,2.328556729480624,978.7471,-0.17963727,0.9599631,1.4269964,24
2024-07-26,kepez,30.291962,58.771267,0.005841255187988281,979.57886,1.0689741,-0.5645621,1.4376911,24
2024-07-27,kepez,31.596395,33.040115,0.0,985.3818,1.2351385,-4.3438983,4.5569663,24
2024-07-28,kepez,32.348377,31.754782,0.0008583068620282575,988.11395,1.0480772,-2.7785099,3.0460927,24
2024-07-29,kepez,32.90276,35.320423,0.0021427867977763526,983.78143,0.88344765,-0.88635594,2.3210037,24
2024-07-30,kepez,32.29127,41.00224,0.0008523463748133508,979.948,0.58293915,-0.54813355,1.4401094,24
2024-07-31,kepez,32.33726,36.231823,0.000852346317969932,982.6421,0.3778127,-1.1609217,2.574396,24
2024-08-01,kepez,31.84549,41.197186,0.0021312280296115205,983.68164,0.60099155,0.12137476,2.2154653,24
2024-08-02,kepez,31.068756,47.762264,0.000852346317969932,982.8796,0.25896707,0.6010774,1.9013971,24
2024-08-03,kepez,29.82782,55.40711,0.0035062967072008178,982.06055,-0.38621393,0.8431289,1.8602244,24
2024-08-04,kepez,29.506601,66.22928,0.0,983.16846,-0.1675523,1.0374947,1.6226081,24
2024-08-05,kepez,29.733236,64.046875,0.0,983.22675,0.023488363,0.72108626,1.9077612,24
2024-08-06,kepez,29.710611,63.80672,0.0,983.07306,-0.03200086,0.8657163,1.8033091,24
2024-08-07,kepez,29.871054,64.080086,0.0,983.4065,0.081926346,0.87582713,1.7247847,24
2024-08-08,kepez,29.688345,67.25436,0.0,984.94,-0.08400408,1.074226,1.6509367,24
2024-08-09,kepez,29.643778,67.496956,0.0,985.74054,-0.18001239,1.2740649,1.698753,24
2024-08-10,kepez,29.282633,72.30043,0.0,986.2154,-0.098417245,1.0655643,1.5714344,24
2024-08-11,kepez,31.815125,51.52289,0.0008583068620282575,985.18555,0.573304,-0.5344202,2.033306,24
2024-08-12,kepez,33.194214,32.066254,0.0008583068620282575,984.51154,0.8871517,-2.5698223,2.8029363,24
2024-08-13,kepez,32.666485,29.87796,0.0,984.7745,0.6115818,-0.5719227,2.33015,24
2024-08-14,kepez,31.232483,44.565464,0.0,985.36566,0.25256285,0.2946812,1.956668,24
2024-08-15,kepez,31.55774,43.989338,0.0,984.97534,0.27676454,0.119904555,1.9891266,24
2024-08-16,kepez,33.09206,31.194372,0.0008583068620282575,983.325,0.65203476,-2.8163376,2.9902408,24
2024-08-17,kepez,33.027252,24.647448,0.0,981.7537,1.0054741,-2.1258214,2.7274497,24
2024-08-18,kepez,30.208384,39.60299,0.0008583068620282575,983.3874,-0.042241413,0.2219569,2.1430764,24
2024-08-19,kepez,28.815918,51.78747,0.0,986.2095,-0.10286522,0.5513048,1.8843635,24
2024-08-20,kepez,29.048737,57.192642,0.0008546918479623855,986.2993,-0.01579833,0.7338163,1.8235911,24
2024-08-21,kepez,28.954416,63.871613,6.347136149997823e-07,983.299,-0.6638716,0.77999735,1.9531299,24
2024-08-22,kepez,27.420645,65.91305,0.0012841310308431275,983.33887,-0.6029536,0.36128604,1.9001861,24
2024-08-23,kepez,27.89689,68.49839,0.0017153206499642693,986.3448,-0.12600708,0.88160735,1.6463348,24
2024-08-24,kepez,30.784342,52.612995,0.29921531677246094,985.93463,0.5168762,-0.21935289,1.9463125,24
2024-08-25,kepez,29.941315,50.2242,0.019299983250675723,984.17694,0.75758487,-0.43752277,1.8291425,24
2024-08-26,kepez,28.84674,60.163223,0.0,985.56195,-0.045859654,0.7495208,1.9672232,24
2024-08-27,kepez,28.150045,64.6002,0.0,987.1819,-0.013945897,0.72229576,1.7733747,24
2024-08-28,kepez,28.159494,59.79619,0.0008583068620282575,988.587,0.29470953,0.4807024,1.6693689,24
2024-08-29,kepez,28.203186,59.98691,0.000852346317969932,987.585,0.4082044,0.42328897,1.552731,24
2024-08-30,kepez,28.642893,56.55334,0.0,986.4653,0.67371434,0.11904017,1.616683,24
2024-08-31,kepez,28.203735,57.436718,0.0021487467165570706,985.93866,0.31953302,0.48277164,1.7995831,24
2024-09-01,kepez,26.735138,60.756992,0.4352509859018028,985.8277,-0.32323328,0.20892334,1.775248,24
2024-09-02,kepez,25.004923,71.24287,1.8302142852917314,989.9199,-0.5062167,0.39997673,1.3320327,24
2024-09-03,kepez,26.365591,69.944984,0.5715666338801384,990.5633,0.07779503,0.22859411,1.2205266,24
2024-09-04,kepez,28.391623,60.950535,0.015485285985050723,987.53326,0.7172672,0.05314223,1.6003932,24
2024-09-05,kepez,29.184753,54.661407,0.040918588638305664,986.1452,0.77367944,-0.26706418,1.7837023,24
2024-09-06,kepez,30.107138,50.38235,0.0,986.41144,0.65308315,-0.61473846,2.0230844,24
2024-09-07,kepez,30.274008,41.532944,0.0,987.0141,1.1235495,-0.71788216,2.2103002,24
2024-09-08,kepez,27.892618,52.412693,0.6873569915910593,986.40094,0.1181728,-0.2619252,1.7643265,24
2024-09-09,kepez,26.982147,67.961006,0.17073449271265417,987.65204,-0.18997829,0.5486663,1.4669362,24
2024-09-10,kepez,25.751242,75.46783,1.672533297096379,987.0373,-0.86571616,1.1649915,1.8905302,24
2024-09-11,kepez,24.527842,77.7466,5.006137304008007,988.427,-0.9192613,0.9179935,1.8999004,24
2024-09-12,kepez,25.343903,72.977005,1.3406187063083053,990.25775,0.018814722,-0.026069602,1.694739,24
2024-09-13,kepez,25.832764,66.90329,0.0017310112525592558,987.9675,0.09451803,0.41334233,1.7120634,24
2024-09-14,kepez,26.9056,60.37889,0.0,985.5261,0.5744076,-0.053500216,1.9105045,24
2024-09-15,kepez,26.14263,63.814335,0.002585224933682184,983.4533,-0.4192829,0.29942286,1.5394607,24
2024-09-16,kepez,25.03657,54.669693,0.0012833064602091326,984.52075,0.33061472,-0.094856344,2.2157562,24
2024-09-17,kepez,24.547964,62.057865,0.0,989.24774,-0.14464442,0.30856016,1.6119083,24
2024-09-18,kepez,24.43928,64.270775,0.0008583068620282575,990.831,-0.13025348,0.3219452,1.653395,24
2024-09-19,kepez,24.93508,62.48852,0.002566280272731092,987.9773,0.60795784,0.2271275,1.7324266,24
2024-09-20,kepez,24.610361,66.28638,0.21682683654944412,988.3767,0.13211505,0.16290049,1.4156399,24
2024-09-21,kepez,23.812185,66.29707,4.952156450599432,988.4234,0.34584108,-0.45810223,1.7506863,24
2024-09-22,kepez,23.502838,58.209194,0.1813948038034141,988.44867,0.3991553,-1.148891,1.6884319,24
2024-09-23,kepez,23.724771,54.291946,0.0008553266184208042,990.0669,0.5286217,-0.53890055,2.1527746,24
2024-09-24,kepez,23.114267,62.32594,0.0008584491979490849,993.0346,-0.009646098,-0.057164233,1.6298641,24
2024-09-25,kepez,24.66575,57.56541,3.259913228248479e-06,992.7715,0.6438249,-0.304139,1.7287502,24
2024-09-26,kepez,25.730194,53.127216,0.0,990.8723,0.6777789,-0.6085282,1.8738612,24
2024-09-27,kepez,26.677652,49.119762,0.0004351138045421976,989.3335,0.7054259,-0.66991615,1.8788646,24
2024-09-28,kepez,25.983002,53.93759,0.0008583068051848386,988.3728,0.41395378,-0.19973119,1.93464,24
2024-09-29,kepez,24.760406,61.17368,0.0004351138045421976,986.6917,0.010350545,0.2820159,1.8392787,24
2024-09-30,kepez,22.448843,78.886955,4.282995127141476,984.86456,-0.8023707,-0.4869624,2.2553854,24
2024-10-01,kepez,22.859629,41.180347,0.0,985.07544,1.4568539,-3.2628117,3.6057675,24
2024-10-02,kepez,22.578217,42.174908,0.000852346317969932,988.77203,0.7847481,-1.503533,2.9107342,24
2024-10-03,kepez,21.666391,64.08434,0.0012874597814516164,993.40826,0.07250913,0.03923289,1.7003611,24
2024-10-04,kepez,22.8767,65.30432,0.0013077157632324088,993.5296,0.37199402,0.17613538,1.3955916,24
2024-10-05,kepez,23.411377,66.58344,0.0004357596594672941,991.2885,0.27779186,0.0889167,1.6350423,24
2024-10-06,kepez,22.806122,69.803444,0.0008583068620282575,990.28485,0.20669644,0.053203147,1.6065949,24
2024-10-07,kepez,23.09966,72.076065,0.07419288158416748,991.9157,-0.21955566,0.05729258,1.688078,24
2024-10-08,kepez,23.87449,63.726032,0.0025480985641479492,994.2204,0.44403017,-0.038429182,1.597417,24
2024-10-09,kepez,22.429413,74.67072,2.3841948859626427e-05,993.50433,-0.060214996,0.29100397,1.585219,24
2024-10-10,kepez,22.169516,72.865204,0.0021413222839328228,990.79346,-0.17686145,0.37227693,1.5956742,24
2024-10-11,kepez,22.592031,70.46215,0.005816428938487661,989.80133,-0.09800085,0.20125611,1.5727195,24
2024-10-12,kepez,22.969992,76.44751,0.05029141902923584,990.93695,-0.21521632,0.60248756,1.522843,24
2024-10-13,kepez,23.17341,78.57368,0.27064526511821896,991.104,-0.1193161,0.44861758,1.3438977,24
2024-10-14,kepez,23.123587,77.560486,0.013685211342817638,990.2681,0.060769398,0.4070586,1.3498707,24
2024-10-15,kepez,23.062326,76.26132,0.02376735210418701,991.5376,0.31369463,0.21072097,1.2119097,24
2024-10-16,kepez,22.89743,69.4398,0.0004261731874066754,992.15137,0.1755174,0.10205404,1.69947,24
2024-10-17,kepez,22.463043,38.536915,3.0772753234487027e-06,992.6438,1.2659708,-5.033312,5.216817,24
2024-10-18,kepez,19.028666,30.13263,0.0017046926927832828,994.3281,1.8683472,-5.2384067,5.574379,24
2024-10-19,kepez,18.974539,29.912651,0.0017184111129608937,996.0774,0.8440094,-3.2380943,3.4113357,24
2024-10-20,kepez,18.62443,34.85745,0.0017295787984039634,999.5684,0.33321634,-1.1812153,2.289508,24
2024-10-21,kepez,19.479218,28.301981,0.0008453411055597826,1000.9927,0.7106387,-4.1564174,4.232229,24
2024-10-22,kepez,19.161123,32.143574,0.0008523463748133508,1001.33026,0.9994895,-4.0944114,4.2732444,24
2024-10-23,kepez,19.240988,34.65189,0.0008583068620282575,1001.3244,0.42043814,-1.8693867,2.4910738,24
2024-10-24,kepez,19.376017,39.7578,0.0,1000.26733,0.6104393,-1.3505751,2.0899558,24
2024-10-25,kepez,19.35969,36.17107,0.0017106531799981894,998.1114,0.54988986,-1.1659173,2.09672,24
2024-10-26,kepez,19.40683,38.541378,0.0008701620686224487,997.878,0.8646488,-1.9368439,2.3292937,24
2024-10-27,kepez,19.600107,37.473362,0.0,999.58075,0.42894807,-1.00785,2.024997,24
2024-10-28,kepez,18.525839,52.083538,0.0,997.30634,0.47616068,-0.45110574,1.7424493,24
2024-10-29,kepez,19.511007,36.76943,0.0,994.124,0.97958755,-1.8403463,2.2259517,24
2024-10-30,kepez,20.797506,30.197023,0.0,992.3157,1.0812207,-2.2954185,2.6928606,24
2024-10-31,kepez,19.71749,38.408485,0.0,992.9991,0.71057194,-1.6811333,2.2442923,24
2024-11-01,kepez,19.9228,39.16582,0.000852346317969932,995.12177,0.9211896,-1.835042,2.2593417,24
2024-11-02,kepez,20.008383,41.95824,0.0008612870487922919,994.718,0.9999854,-0.8325844,1.9121337,24
2024-11-03,kepez,19.761047,41.673393,0.0025693825591588393,993.7634,1.3408852,-2.0316544,2.4908247,24
2024-11-04,kepez,18.373007,42.136112,8.557435648981482e-06,994.61743,0.5141881,-1.7435426,2.4880784,24
2024-11-05,kepez,17.134207,43.171204,0.000852346317969932,996.8005,0.8014838,-2.0150588,2.3036995,24
2024-11-06,kepez,17.179148,37.812683,0.0008619792879471788,1000.3428,0.45928347,-1.2923445,2.1551988,24
2024-11-07,kepez,16.827698,37.125538,0.0017115757486863004,1002.03735,0.6846015,-1.9271635,2.3102565,24
2024-11-08,kepez,16.925852,32.367203,0.0008523463748133508,1000.16,0.81094676,-1.9866527,2.347358,24
2024-11-09,kepez,17.111816,33.138287,0.0,996.6746,0.64202565,-1.7403013,2.1825829,24
2024-11-10,kepez,15.669108,52.47694,4.043686203658581,994.31036,1.4567484,-1.6576535,2.5140676,24
2024-11-11,kepez,16.39208,71.75987,1.1664718622341752,996.6082,0.5584897,-0.5827493,1.9066849,24
2024-11-12,kepez,16.36854,68.94175,0.0,998.49054,0.5008207,-0.61086583,1.4941047,24
2024-11-13,kepez,16.451416,63.225323,0.000852346317969932,999.04047,0.73045224,-0.370423,1.5753832,24
2024-11-14,kepez,17.442526,60.858677,0.001293420325509942,996.5102,0.65215176,-0.65759975,1.9190279,24
2024-11-15,kepez,16.005371,75.085976,0.05017518924432807,993.94147,-0.27009788,-0.4823297,1.5790472,24
2024-11-16,kepez,15.242412,83.95488,12.510987933637807,993.60724,-0.4908276,-0.23554356,1.3790015,24
2024-11-17,kepez,14.200236,93.00931,34.725443460047245,990.21625,-1.1719615,0.26175854,1.4633187,24
2024-11-18,kepez,14.474213,78.42094,1.1471837788121775,989.75604,-0.06552187,-0.53779477,1.7082485,24
2024-11-19,kepez,14.4912615,71.28101,0.007186830771388486,993.51416,0.1380568,-0.6125861,1.3786644,24
2024-11-20,kepez,13.752289,76.303154,0.21532922892220085,994.8294,-0.31218204,-0.5529147,1.516627,24
2024-11-21,kepez,14.485087,90.670876,38.15015032887459,993.4416,-0.93021125,1.2860655,2.2150397,24
2024-11-22,kepez,16.076141,95.79291,38.58502954244614,995.6089,-1.0207545,0.7367547,1.707366,24
2024-11-23,kepez,16.562998,94.64326,27.36540138721466,994.70215,-0.906812,2.6479952,3.112017,24
2024-11-24,kepez,9.188741,40.747154,0.05117058753967285,998.22363,2.7364674,-7.027769,7.5884414,24
2024-11-25,kepez,7.877716,39.048206,0.0008583068620282575,999.7692,2.1009693,-5.0338535,5.5688605,24
2024-11-26,kepez,9.382701,54.168026,0.0,998.1638,0.91199046,-2.6367524,3.1219158,24
2024-11-27,kepez,10.023082,59.497696,0.0,999.3985,0.19924088,-2.2770665,2.3572435,24
2024-11-28,kepez,11.050191,62.051533,0.001718990461085923,1001.87054,0.24150467,-1.5778637,1.9770774,24
2024-11-29,kepez,10.492198,66.50344,0.0012934206097270362,1001.3995,0.04844411,-1.0250651,1.6281029,24
2024-11-30,kepez,10.575836,76.59587,0.0,1002.3151,-0.06497574,-0.78548557,1.2860876,24
2024-12-01,kepez,11.740001,81.0637,0.6968796369619668,1000.29816,0.26666704,-0.77006346,1.265995,24
2024-12-02,kepez,12.809886,86.121086,8.612889039795846,996.6052,-0.2541294,-0.9005849,1.281254,24
2024-12-03,kepez,12.506989,93.16141,61.88391521573067,993.10284,-2.0012257,1.1680506,2.5440288,24
2024-12-04,kepez,11.896454,88.80334,37.069281563162804,994.9886,-0.017817179,-1.6224507,1.7200474,24
2024-12-05,kepez,11.896321,86.71377,8.073042146861553,999.4507,0.21846135,-1.2342066,1.3909345,24
2024-12-06,kepez,12.648407,79.4175,0.12497902207542211,1000.28766,0.48217264,-1.3427747,1.5114137,24
2024-12-07,kepez,13.071472,72.36176,18.080919981002808,997.06744,0.7786934,-1.0191168,1.6398481,24
2024-12-08,kepez,13.10143,91.792725,15.63456654548645,996.2303,-1.4970392,1.2831179,2.1852067,24
2024-12-09,kepez,13.781178,91.13085,11.203612200915813,1001.448,-1.408508,1.1568447,1.8706733,24
2024-12-10,kepez,13.827148,89.99755,6.1107901856303215,1002.43726,-0.80447483,0.08774813,1.0295355,24
2024-12-11,kepez,13.588776,85.29973,1.932874321937561,999.94037,-0.48685452,-0.7273421,1.2407113,24
2024-12-12,kepez,13.050405,65.886314,0.3319917232147418,997.1284,1.0644034,-2.993705,3.2096856,24
2024-12-13,kepez,11.500255,48.603897,0.0,1000.2553,1.880209,-4.647181,5.0289464,24
2024-12-14,kepez,10.778656,48.87875,0.000870227722771233,1004.70776,0.5921236,-2.616766,2.9604712,24
2024-12-15,kepez,10.182689,81.81224,4.934519529342651,1004.1379,-0.5126655,0.015596072,1.6556306,24
2024-12-16,kepez,12.341309,81.89683,13.209679629653692,1000.0298,0.27026248,-1.4740372,1.7616848,24
2024-12-17,kepez,11.034526,61.12871,0.0008596848033448623,1003.8718,0.93327445,-1.8935274,2.3291256,24
2024-12-18,kepez,10.954183,69.4537,0.001289829015149735,1001.5273,0.66213024,-1.2790489,1.6292816,24
2024-12-19,kepez,10.87561,71.51916,0.0008493365157846711,996.7403,0.41035137,-0.9173269,1.3758372,24
2024-12-20,kepez,10.523193,83.2766,1.2574642896652222,993.91626,-0.30351725,-0.70673275,1.3852736,24
2024-12-21,kepez,11.997314,92.303986,29.317393898963928,993.574,-0.4453208,0.20397513,1.5494308,24
2024-12-22,kepez,11.099202,82.85324,4.865446360781789,993.233,0.2009042,-1.0379524,1.6712837,24
2024-12-23,kepez,10.819835,89.71542,8.936062455177307,990.7254,-0.6424548,-0.6934859,1.1966931,24
2024-12-24,kepez,12.388428,91.59814,45.362431555986404,989.1336,-1.3666083,4.1455517,4.4114103,24
2024-12-25,kepez,10.90862,94.10575,41.91206023097038,990.23895,-1.4057432,2.0834625,2.928466,24
2024-12-26,kepez,10.040914,89.614655,11.663037352263927,993.3444,-0.72282094,-1.6072451,1.9620076,24
2024-12-27,kepez,10.947276,75.35972,3.5434141755104065,991.4764,0.7853901,-1.4919791,2.0722075,24
2024-12-28,kepez,9.001119,90.50708,15.233725309371948,993.1225,-0.9724329,-0.510246,1.4854342,24
2024-12-29,kepez,8.918223,91.140015,24.551207199692726,996.26074,-1.1980098,0.27332625,1.6777586,24
2024-12-30,kepez,9.824168,68.93662,0.1936405897140503,996.51324,1.3038768,-3.0439675,3.3399954,24
2024-12-31,kepez,10.516927,57.573795,0.0008583010639995337,1002.3641,1.5879046,-3.0097198,3.4242284,24
2025-01-01,kepez,9.941142,61.521008,0.0,1007.2034,0.67481714,-1.7303549,1.9277487,24
2025-01-02,kepez,8.870453,71.43825,0.0018924474716186523,1007.1435,0.14636791,-0.85724276,1.4091979,24
2025-01-03,kepez,9.251576,77.68683,0.3638446214608848,1004.1578,-0.2699407,-0.8186386,1.321576,24
2025-01-04,kepez,10.636577,90.0217,13.72915506362915,1000.0981,-0.43093565,-0.9583192,1.168115,24
2025-01-05,kepez,12.346954,78.9263,3.8288235664367676,996.0617,0.49989787,-1.3582296,1.514863,24
2025-01-06,kepez,11.634064,68.281555,0.0008624298288850696,998.90375,0.50107867,-1.6263944,2.1888056,24
2025-01-07,kepez,11.008647,84.62757,0.9473657119087875,1004.18634,-0.13462512,-0.7182503,1.077211,24
2025-01-08,kepez,12.306885,87.338776,1.3255164376460016,1003.6457,-0.062334698,-0.596302,0.9153932,24
2025-01-09,kepez,11.304118,79.02786,2.9802322387695312e-05,999.7356,0.68210477,-1.0753299,1.3586446,24
2025-01-10,kepez,11.080302,71.9016,0.0021506893972400576,995.4065,0.5936172,-0.76885796,1.2608198,24
2025-01-11,kepez,10.101288,77.45261,0.6199806812219322,996.1692,-0.07680019,-0.63508797,1.5243527,24
2025-01-12,kepez,11.976481,88.49729,11.410027800593525,998.378,-0.7579778,-0.05921491,1.6900039,24
2025-01-13,kepez,13.257416,93.751045,12.04740721732378,1000.57764,-1.3267225,1.4831449,2.0636795,24
2025-01-14,kepez,12.957153,90.77323,4.751577973365784,1000.28204,-0.25083733,-0.6344431,1.0751052,24
2025-01-15,kepez,11.198222,91.909615,19.111943896859884,997.667,-0.1711998,-0.84120816,1.3917923,24
2025-01-16,kepez,11.804718,71.2947,2.4646781384944916,1001.925,0.7257436,-1.8938211,2.0790107,24
2025-01-17,kepez,12.043569,53.251972,0.0008583068620282575,1005.53253,1.2145748,-3.781191,4.0076585,24
2025-01-18,kepez,11.804708,49.784245,0.000852346317969932,1001.63995,1.1878866,-3.0993083,3.334028,24
2025-01-19,kepez,12.448364,56.22984,0.0013043331819062587,998.4651,0.99319714,-2.0065272,2.4871416,24
2025-01-20,kepez,12.721568,63.304523,0.0008463860581287008,997.4826,0.58685535,-1.758626,2.557356,24
2025-01-21,kepez,11.2553,85.70013,2.82461941242218,1001.27637,-0.37916246,-0.55859035,1.4588227,24
2025-01-22,kepez,10.855611,91.23978,33.91436114907265,998.7913,-0.90349704,-1.5371865,2.00759,24
2025-01-23,kepez,10.933217,85.08482,6.860642461106181,999.1062,-0.37945113,-0.71290636,1.3810734,24
2025-01-24,kepez,10.440022,84.55323,2.910026232711971,1000.47015,-0.30357805,-0.57767564,1.3176674,24
2025-01-25,kepez,10.888997,91.478516,32.35757409129292,999.34863,-1.1925502,0.10618576,1.7603126,24
2025-01-26,kepez,11.839172,76.87483,27.05523930490017,1000.3,0.21096225,-1.1900772,1.7717462,24
2025-01-27,kepez,11.207194,72.5899,0.0004351138045421976,999.9668,0.7848358,-0.9144058,1.6845781,24
2025-01-28,kepez,9.905833,80.20255,0.0020593397493939847,1001.0932,0.11963137,-0.8349056,1.4509112,24
2025-01-29,kepez,10.569905,82.71424,0.00873224144015694,1003.2359,0.2000215,-0.5453027,1.2208494,24
2025-01-30,kepez,10.536519,78.87761,0.03712177203851752,1003.7197,0.07775954,-0.33169937,1.285781,24
2025-01-31,kepez,11.391571,71.08175,0.10776818089652807,1000.8183,0.6013328,-0.7474378,1.4946526,24
2025-02-01,kepez,12.1614685,65.574905,0.0008583068620282575,1000.9607,0.85495037,-1.1457539,1.9625678,24
2025-02-02,kepez,10.771251,74.13125,0.0025925666022885707,1000.88043,0.1972313,-0.46740913,1.5916234,24
2025-02-03,kepez,11.038116,79.89944,0.0017106528389376763,997.28973,0.04723994,-0.34990945,1.3039125,24
2025-02-04,kepez,10.21051,85.090645,9.051179885602778,994.0909,0.12878418,-0.61412495,1.1465195,24
2025-02-05,kepez,9.301727,55.84084,2.1492272499017417,990.7275,1.4095093,-5.2477775,5.4993587,24
2025-02-06,kepez,6.292806,36.197792,0.003004073732881807,995.5494,2.3940713,-6.6975646,7.229788,24
2025-02-07,kepez,6.3798423,36.63921,0.0004351138045421976,1000.9567,2.1132514,-5.649441,6.0859737,24
2025-02-08,kepez,8.230377,46.711575,0.0,1000.36084,1.1525753,-3.5216625,3.8586748,24
2025-02-09,kepez,8.572205,49.69116,0.0,997.2618,0.73852235,-3.049139,3.1757755,24
2025-02-10,kepez,8.210114,49.772167,0.0012904401955893263,996.9417,0.76763326,-2.4275458,2.6671956,24
2025-02-11,kepez,7.58785,48.593124,0.000852346317969932,998.4234,0.8441601,-2.3491948,2.8001292,24
2025-02-12,kepez,7.3243103,45.81752,0.041085480916080996,998.6467,1.1358217,-2.907799,3.1612413,24
2025-02-13,kepez,8.061473,40.573177,0.0017298234524787404,999.6629,2.1782005,-3.9598787,4.542052,24
2025-02-14,kepez,8.137166,58.296543,0.0017225738702109084,999.794,0.20525868,-0.93734574,1.968815,24
2025-02-15,kepez,8.42039,74.35848,0.001729240466374904,997.56354,0.073303856,-0.6369813,1.1098474,24
2025-02-16,kepez,9.400848,73.834656,0.09024739119922742,994.4673,-0.049781162,-0.30804315,1.5445641,24
2025-02-17,kepez,9.403005,86.50531,6.135317504231352,995.0022,-0.33868217,-0.48550987,1.4813281,24
2025-02-18,kepez,10.632335,92.19926,34.35404598712921,995.5662,-1.0585368,-0.11484718,1.4862593,24
2025-02-19,kepez,11.789134,64.13778,4.036396741867065,993.4102,0.7492733,-2.4682205,2.6441572,24
2025-02-20,kepez,7.9256797,37.40019,0.0025778999770409428,996.3186,1.5967541,-5.4680405,5.787491,24
2025-02-21,kepez,5.197998,33.03777,0.0004351138045421976,1000.5102,0.97420186,-5.257916,5.4526577,24
2025-02-22,kepez,3.878381,31.385214,0.0,1003.0445,1.0742754,-5.186907,5.35467,24
2025-02-23,kepez,3.5923576,32.22707,0.000852346317969932,1005.2846,0.24030812,-4.347385,4.398086,24
2025-02-24,kepez,4.603058,39.276485,0.000861157957388059,1006.6314,-0.08223089,-2.4368827,3.1099346,24
2025-02-25,kepez,5.0752463,67.520515,0.015436551620950922,1004.3221,-0.60198784,-0.3127772,1.2594823,24
2025-02-26,kepez,7.1779785,74.538826,0.016427864466095343,1001.44727,-0.18872707,-0.34212685,1.6198994,24
2025-02-27,kepez,8.696808,75.12205,0.7024147271295078,1001.8467,-0.06825256,-0.37705168,1.7115601,24
2025-02-28,kepez,9.585083,82.77703,3.4821508452296257,998.19305,-0.2968966,-0.8137143,1.5478454,24
2025-03-01,kepez,10.843872,74.08275,0.00025331974029541016,998.2944,0.6336479,-0.69077426,1.8705977,24
2025-03-02,kepez,10.689738,80.809814,0.6162405013014904,1000.1387,-0.14624028,-0.22887039,1.4894838,24
2025-03-03,kepez,11.625224,84.03997,8.299857378005981,994.66144,0.10395658,-0.8457596,1.4039701,24
2025-03-04,kepez,12.254313,55.511448,0.0004351138045421976,992.46356,0.6687584,-2.9081504,3.1046731,24
2025-03-05,kepez,13.997874,48.334576,0.0004351138045421976,996.3115,1.1766031,-2.803631,3.0702207,24
2025-03-06,kepez,15.050293,46.494358,0.0,999.61743,1.2280102,-2.7442245,3.0335,24
2025-03-07,kepez,15.702891,45.35051,0.0,995.9678,0.6574516,-1.4685259,2.195764,24
2025-03-08,kepez,13.6553545,62.392685,0.0025684157662908547,990.3714,0.4971454,-0.56324756,1.768415,24
2025-03-09,kepez,12.186727,78.5791,0.010279606613039505,991.72723,-0.18573253,-0.6938706,1.596769,24
2025-03-10,kepez,12.281901,80.72018,0.000852346317969932,996.25946,0.029750824,0.051039457,1.5106511,24
2025-03-11,kepez,12.722707,79.94644,0.003567566466244898,999.7629,-0.024953207,0.06785691,1.4331652,24
2025-03-12,kepez,13.149139,74.1545,0.0008583068620282575,999.5153,0.40031496,-0.5702718,1.6763252,24
2025-03-13,kepez,14.353658,65.71123,0.000852346317969932,996.69116,0.45788637,-0.7559207,1.7358994,24
2025-03-14,kepez,16.762238,59.497875,0.0012865057215094566,996.77936,0.8978589,-0.7594058,1.8415418,24
2025-03-15,kepez,18.025137,61.597225,0.0021521964299608953,998.5007,0.88878185,-0.65501696,1.9376215,24
2025-03-16,kepez,17.231607,62.87982,0.06976127770030871,996.6692,0.44000754,-0.46982446,1.6989688,24
2025-03-17,kepez,15.980743,67.470894,0.1271367073059082,990.9292,-0.5509078,-0.092667736,1.7471857,24
2025-03-18,kepez,15.508342,60.218876,0.04438161704456434,987.09,0.60230654,-0.91340756,1.9223357,24
2025-03-19,kepez,11.202606,49.50012,1.814723014831543,989.5888,1.637936,-4.899315,5.2213264,24
2025-03-20,kepez,7.7938333,33.077927,0.0,997.04425,2.0982394,-6.3557625,6.8795686,24
2025-03-21,kepez,9.670369,38.21999,0.0012874601225121296,998.219,1.351202,-4.3234363,4.74785,24
2025-03-22,kepez,10.64212,51.03035,0.0013008348105358891,999.5469,0.349439,-0.7575124,2.4308052,24
2025-03-23,kepez,10.968699,74.56422,0.10822787589859217,1003.7222,-0.23360062,0.18679173,1.7292329,24
2025-03-24,kepez,13.797709,77.98753,0.3175437595928088,1005.8851,0.2091742,0.15857284,1.3740038,24
2025-03-25,kepez,16.592062,74.8417,0.05013048939872533,1002.6407,0.34224358,-0.01678594,1.4552101,24
2025-03-26,kepez,17.50648,69.90418,0.002372264759742393,995.70795,0.45766196,-0.20927596,1.4858456,24
2025-03-27,kepez,17.854166,64.22327,0.0026404857180750696,990.65875,0.6057306,-0.17130657,1.6870433,24
2025-03-28,kepez,18.58544,59.753094,0.12308981263231544,984.83105,0.05327058,0.299643,2.0580635,24
2025-03-29,kepez,15.2690935,84.17478,7.471400145732332,985.424,-1.5942832,0.82496804,2.5648682,24
2025-03-30,kepez,12.898021,83.109795,5.934590473771095,987.50006,-0.82502365,0.69832087,1.8249542,24
2025-03-31,kepez,13.6362,77.02012,4.051271127536893,990.4887,-0.14629364,-0.6829402,1.4179416,24
2025-04-01,kepez,12.988007,82.056465,26.971209794282913,987.489,0.21512978,-0.54808694,1.6485971,24
2025-04-02,kepez,13.017802,92.70428,30.81323578953743,986.4146,-1.2241102,1.0851029,1.9792156,24
2025-04-03,kepez,13.767731,81.31682,0.9180784109048545,991.1972,-0.15567462,0.032399017,1.6798482,24
2025-04-04,kepez,12.581737,81.96877,1.8907398043666035,991.59576,-0.4285749,-0.107668556,1.4680792,24
2025-04-05,kepez,12.532135,86.517784,9.101545438170433,988.5178,-0.47049728,0.13614464,1.8006278,24
2025-04-06,kepez,13.028005,85.473045,7.04168900847435,988.8938,-1.0877997,0.47357342,2.0057924,24
2025-04-07,kepez,13.293701,84.81138,2.938243793323636,991.4466,-0.813509,0.57008153,2.081536,24
2025-04-08,kepez,14.288971,80.60917,3.30430269241333,992.2587,-0.3870074,-0.6109347,1.4582542,24
2025-04-09,kepez,13.948659,70.785416,2.3823410738259554,988.0542,0.011399587,-1.4692063,1.9829315,24
2025-04-10,kepez,11.876668,42.878845,0.0018954276583826868,990.7912,2.1778743,-2.9990892,4.2298884,24
2025-04-11,kepez,11.349172,45.212967,0.004241096576151904,988.21783,0.549949,-2.033334,2.4304435,24
2025-04-12,kepez,11.495463,47.12932,0.40207733400166035,990.22095,0.30120596,-1.5113055,2.9144764,24
2025-04-13,kepez,13.300862,59.005646,0.5707472555513959,992.5332,0.5656598,-1.5050589,2.358291,24
2025-04-14,kepez,13.0416975,52.67216,0.0008583068620282575,995.99994,0.1468951,-2.3894606,2.4920459,24
2025-04-15,kepez,15.2812195,41.641613,0.0008472074455312395,997.33075,1.2130438,-2.5032203,2.9135468,24
2025-04-16,kepez,17.748709,48.891254,0.0,998.04816,1.1081333,-1.2699827,1.8937974,24
2025-04-17,kepez,16.81318,63.350605,0.0029980064937262796,998.1162,0.3112526,0.03229149,1.6954931,24
2025-04-18,kepez,17.49291,70.60796,0.0008665026030030276,994.0142,0.2892971,0.06907312,1.6344005,24
2025-04-19,kepez,17.177155,73.75364,0.021263957023620605,990.5462,-0.5684363,0.2860286,1.6965028,24
2025-04-20,kepez,16.424093,76.612434,0.004950165930495132,989.3125,0.023866653,0.41610563,1.7437243,24
2025-04-21,kepez,16.45925,79.67724,0.0019747994883800857,990.0051,-0.031074524,0.57409364,1.6176838,24
2025-04-22,kepez,17.759155,71.790825,0.03561681296559982,990.3408,0.5017789,-0.04301834,1.564087,24
2025-04-23,kepez,20.237549,61.788837,0.0012874597814516164,986.68085,0.76966095,-0.76220894,2.151241,24
2025-04-24,kepez,16.851868,80.39037,10.423868346151721,984.94965,-1.0332083,0.6895445,2.1337917,24
2025-04-25,kepez,15.157002,88.005226,20.399322733283043,987.5068,-1.1676197,-0.25301042,1.9120259,24
2025-04-26,kepez,15.814229,77.85699,1.181483268737793,989.41943,-0.20990627,0.30850232,1.8620077,24
2025-04-27,kepez,16.164633,74.622894,0.004106772394152358,992.0319,0.12980461,0.1272109,1.6571623,24
2025-04-28,kepez,17.970877,67.13119,0.1650732447160408,991.10815,0.49668312,-0.4750692,1.8471011,24
2025-04-29,kepez,17.949808,63.788437,0.21750439191237092,989.1804,0.20803134,-0.49297777,1.819178,24
2025-04-30,kepez,16.927725,73.91645,4.428252577781677,987.46967,1.1268845,-0.765538,1.6254715,24
2025-05-01,kepez,14.593181,90.367615,32.553281635046005,987.4338,-1.1281446,1.8465723,2.323189,24
2025-05-02,kepez,15.739003,73.4292,0.07488131450372748,989.4431,-0.107393265,-0.026848236,1.5964713,24
2025-05-03,kepez,16.38622,74.15829,1.4843642711639404,990.42944,0.27021536,-0.48189822,1.7056228,24
2025-05-04,kepez,17.019754,74.529106,0.12487050844356418,989.79877,0.1610082,-0.123098016,1.8003281,24
2025-05-05,kepez,17.847809,69.26316,0.0008523463748133508,989.8188,0.29179254,0.11106881,1.8137163,24
2025-05-06,kepez,18.132273,77.44539,0.0017290449250140227,994.2385,-0.16087468,0.3399302,1.6719126,24
2025-05-07,kepez,18.7064,78.38824,0.0008469099839203409,995.66156,0.0033016205,0.40693155,1.6079664,24
2025-05-08,kepez,19.41806,76.42556,0.011271243238297757,993.0686,0.045412064,-0.13187034,1.7008408,24
2025-05-09,kepez,20.94462,69.30793,0.0004351138045421976,992.6088,0.3818353,-0.0485452,1.6219236,24
2025-05-10,kepez,20.859915,72.593575,0.08141398575389758,991.90845,0.08984693,-0.40619448,1.741095,24
2025-05-11,kepez,20.47338,67.468155,0.0008583068620282575,987.82764,-0.25527573,-0.23778836,1.6940974,24
2025-05-12,kepez,20.602133,67.530174,0.0021457663024193607,983.2857,0.5985877,-0.4638424,1.6967348,24
2025-05-13,kepez,20.391306,60.62511,0.04428029205882922,982.52936,0.91972417,-0.6178046,1.737195,24
2025-05-14,kepez,19.2482,64.80549,0.14716386795043945,986.7266,0.18449974,0.014700334,1.5223137,24
2025-05-15,kepez,19.411774,62.686687,0.0017118391042458825,990.9305,0.03214836,0.009165685,1.965166,24
2025-05-16,kepez,18.25058,76.57362,0.5253881099633873,994.2906,-0.4651095,0.7758276,1.8254505,24
2025-05-17,kepez,19.762238,65.45299,0.0017166139514301904,992.22504,-0.30830064,0.25656393,1.4531311,24
2025-05-18,kepez,20.142466,63.883564,0.0012814989531761967,992.9528,0.05811755,0.081900276,1.6340569,24
2025-05-19,kepez,21.535849,52.163727,0.0017285350395468413,993.3879,0.8214367,-0.8054288,2.5015714,24
2025-05-20,kepez,20.937439,62.371323,0.0017081086411963042,991.5071,0.4219214,0.22605188,1.5607432,24
2025-05-21,kepez,22.292673,54.3076,0.002145116923202295,992.1889,0.7134984,-0.6696113,2.1444187,24
2025-05-22,kepez,23.740173,53.690872,0.0,990.4776,0.9092541,-0.54129094,1.9780627,24
2025-05-23,kepez,25.250265,46.286076,0.0,987.53143,1.0550379,-0.53117704,2.3371024,24
2025-05-24,kepez,26.165049,44.42319,0.030297040211735293,988.1897,1.8164507,-1.5872046,2.7800362,24
2025-05-25,kepez,25.201202,56.551678,0.0008523456926923245,988.3838,0.41967264,0.08871591,1.8038502,24
2025-05-26,kepez,23.951172,62.438446,0.022709369659423828,985.4428,-0.13717206,0.40658632,2.0525463,24
2025-05-27,kepez,23.287405,58.64266,0.0008612871056357108,984.2874,0.92836505,-0.68070793,2.1995108,24
2025-05-28,kepez,22.717224,52.83724,0.0,986.23615,0.800504,-0.59589386,2.4023569,24
2025-05-29,kepez,19.995901,70.15348,2.1566003561019897,986.2121,0.26325354,-0.43641984,1.5044233,24
2025-05-30,kepez,18.677176,79.7391,9.310126304626465,987.90924,-0.6631883,0.08549575,1.3362902,24
2025-05-31,kepez,18.264944,75.73347,3.3911915961652994,990.25555,0.15784962,-0.33608827,1.7162815,24
2025-06-01,kepez,19.235239,67.68641,0.000855822065659595,991.49005,0.058116913,0.20151508,1.8251262,24
2025-06-02,kepez,21.370077,66.15838,0.0,993.5993,0.399971,0.07948355,1.2980968,24
2025-06-03,kepez,23.845032,55.072266,0.0008583068620282575,993.0589,0.942688,-1.9044441,2.2716928,24
2025-06-04,kepez,26.05366,42.153942,0.0008583068620282575,992.32,1.3704624,-2.3062847,2.7904413,24
2025-06-05,kepez,26.404501,45.56192,0.0,991.7954,0.69666415,-0.58013505,1.9922441,24
2025-06-06,kepez,26.323782,52.215622,0.0,990.175,0.63275903,-0.12564941,1.7666888,24
2025-06-07,kepez,26.85377,54.900085,0.0004410743486005231,988.91846,0.5654132,-0.19769168,1.9171606,24
2025-06-08,kepez,27.126902,56.697647,0.0008583068620282575,987.1272,0.572787,-0.1603365,2.1463673,24
2025-06-09,kepez,26.64446,56.070293,0.0008702277796146518,986.9108,0.42159018,-0.015349428,1.8847027,24
2025-06-10,kepez,26.970175,58.827053,0.000852346317969932,985.8979,0.51968,0.22472572,1.8688973,24
2025-06-11,kepez,27.884623,49.878235,0.0,984.7835,0.505614,-0.22939277,2.1288116,24
2025-06-12,kepez,27.639618,57.61272,0.0,986.51263,0.34179816,0.08347026,1.8302928,24
2025-06-13,kepez,27.917908,59.13255,0.0008583068620282575,987.13873,0.3428618,0.31436297,1.8057532,24
2025-06-14,kepez,27.413422,65.16367,0.0017225738702109084,986.2195,0.43024126,0.29005495,1.6405777,24
2025-06-15,kepez,27.297333,49.488163,0.0025667541194707155,985.6374,0.8992011,-1.5020571,2.2946396,24
2025-06-16,kepez,26.887136,38.43787,0.002158694769605063,986.4805,1.0090624,-2.0800498,2.576846,24
2025-06-17,kepez,27.740744,30.242828,0.0,988.26465,1.2307078,-2.557416,2.9387867,24
2025-06-18,kepez,28.371378,31.273302,0.0012853206499130465,989.956,0.8680064,-0.8207981,2.243265,24
2025-06-19,kepez,28.862844,36.8754,2.1391315385699272e-06,989.0032,0.8191274,-0.7310648,2.2254815,24
2025-06-20,kepez,29.135977,43.12147,0.0008463858875984442,986.37695,0.75453186,0.02117308,1.95686,24
2025-06-21,kepez,28.005453,52.525146,0.0030696382964379154,986.0583,0.4620285,-0.14098077,1.9424472,24
2025-06-22,kepez,28.078552,46.123016,0.29143690517230425,986.6385,1.024128,-1.5016637,2.0193093,24
2025-06-23,kepez,29.385092,30.760073,0.00043682769046426984,987.1794,1.3694153,-2.2176914,2.914381,24
2025-06-24,kepez,29.670828,28.15405,0.0012837981557822786,986.9429,1.0282339,-0.9462976,2.4588208,24
2025-06-25,kepez,30.317047,35.598732,0.0008523463748133508,985.5769,0.96714336,-0.6138293,1.9760708,24
2025-06-26,kepez,31.698263,31.996176,0.0,984.4558,0.97529155,-0.9136321,2.0473564,24
2025-06-27,kepez,32.471783,30.885714,0.0,984.1939,1.1691946,-1.8115736,2.5049312,24
2025-06-28,kepez,32.168274,33.066685,0.0012878535926574841,980.49835,0.8221671,-0.96378136,2.2140708,24
2025-06-29,kepez,30.431295,30.721228,4.426510713528842e-06,979.8227,1.0269877,-4.142499,4.305608,24
2025-06-30,kepez,28.726706,29.713202,0.0004261731874066754,984.20856,1.5236429,-2.9916687,3.591364,24
2025-07-01,kepez,29.534393,36.328583,0.0,983.95233,0.79027605,-0.9361942,2.1802697,24
2025-07-02,kepez,30.779795,34.74019,0.000852346317969932,984.3408,0.9684761,-2.2132895,2.5312815,24
2025-07-03,kepez,29.927887,20.707262,0.0004351138045421976,987.12823,1.3541179,-4.164557,4.4214644,24
2025-07-04,kepez,29.538004,24.222002,0.000852346317969932,988.5357,0.8744208,-3.482256,3.6690836,24
2025-07-05,kepez,29.256662,33.32395,0.0004351138613856165,988.89575,0.47999954,-0.5387273,2.143873,24
2025-07-06,kepez,29.608267,42.164425,0.0004351138045421976,987.7431,0.5154743,0.24545789,2.0267317,24
2025-07-07,kepez,30.637482,38.6518,0.0,984.33203,0.553812,0.12036407,2.1091778,24
2025-07-08,kepez,29.249765,49.59581,0.0,982.86993,-0.037361145,0.62636715,1.8137435,24
2025-07-09,kepez,28.695444,63.46193,0.003426653620408615,982.6789,-0.10370699,0.7967637,1.7878357,24
2025-07-10,kepez,28.093811,66.831,0.0004330853471401497,982.09375,-0.23933792,0.80440664,1.7463006,24
2025-07-11,kepez,27.03895,67.30708,0.0004351138045421976,984.053,-0.38396898,0.8349684,1.7315316,24
2025-07-12,kepez,27.544596,69.24259,0.0008523463748133508,986.51154,-0.30722046,1.0294789,1.6721572,24
2025-07-13,kepez,27.82756,72.13311,0.0012934200981362665,987.3338,-0.21325493,0.95423955,1.7383004,24
2025-07-14,kepez,28.515646,72.50828,2.3841835172788706e-05,984.5832,-0.21274312,1.1636189,1.8017515,24
2025-07-15,kepez,28.099497,79.79547,0.11550784256542102,980.85425,-0.38632584,1.4964446,1.7019091,24
2025-07-16,kepez,28.415558,75.54279,0.05697081360267475,981.9296,0.08649826,1.0270948,1.4718595,24
2025-07-17,kepez,29.030325,72.44095,0.006551301339641213,985.85785,0.03530824,1.3178862,1.5492101,24
2025-07-18,kepez,28.18751,75.68662,0.11001095845131204,987.2531,-0.1078256,1.0636915,1.446283,24
2025-07-19,kepez,29.158712,70.181786,0.0008613773161414429,985.04877,0.102303825,0.9279892,1.4649768,24
2025-07-20,kepez,30.554962,55.92921,0.0004410743486005231,982.3611,0.56255084,-0.07632685,2.0641315,24
2025-07-21,kepez,30.740915,53.98332,0.0,982.9582,0.49125037,-0.010539174,2.2487476,24
2025-07-22,kepez,31.206247,48.933903,0.0,984.9296,0.5823536,0.14709897,2.1578472,24
2025-07-23,kepez,32.540028,43.005398,0.0012847312973462977,983.3238,0.9599908,-0.11803321,2.0456417,24
2025-07-24,kepez,34.13856,34.868725,0.0012814989531761967,980.5303,1.3327421,-1.4660438,2.124932,24
2025-07-25,kepez,35.25292,22.51854,0.0,980.38837,1.2687969,-3.5508873,3.8688157,24
2025-07-26,kepez,35.197796,21.958204,0.0,979.9517,1.2879066,-2.5190442,3.1016629,24
2025-07-27,kepez,32.514416,38.43971,0.0,979.8596,0.16392899,0.29542795,2.1384587,24
2025-07-28,kepez,30.13909,58.788883,0.0,980.2583,-0.42292786,0.8840706,1.6683971,24
2025-07-29,kepez,29.12205,67.25982,0.006079673767089844,982.071,-0.4744574,0.9884681,1.505361,24
2025-07-30,kepez,28.268896,71.85175,0.0,984.7144,-0.45311737,1.1146673,1.6524488,24
2025-07-31,kepez,28.01446,73.02789,0.0022321937649394386,983.5959,-0.49424234,1.2626299,1.6733475,24
2025-08-01,kepez,28.177984,73.939735,0.0039339056456810795,980.56683,-0.5719802,1.2064525,1.6887392,24
2025-08-02,kepez,27.618622,78.08539,0.3118217109658872,982.78876,-0.59076375,1.2243958,1.7635107,24
2025-08-03,kepez,27.019236,71.66465,0.005536819116969127,986.6053,-0.3559939,0.80486107,1.6170393,24
2025-08-04,kepez,28.121735,70.75295,0.003657196430140175,987.93854,-0.20187569,1.023863,1.6950399,24
2025-08-05,kepez,29.158133,70.121826,0.0026643274395610206,986.9736,-0.12182108,0.8485856,1.7161751,24
2025-08-06,kepez,30.282928,66.349075,0.0012736212511299527,984.8714,-0.24908893,0.99443465,1.7356893,24
2025-08-07,kepez,29.66397,65.43946,0.00043511374769877875,984.01514,-0.1993243,0.8771517,1.5415058,24
2025-08-08,kepez,32.238586,53.717224,0.0,984.6799,0.2810135,0.026904821,1.2519894,24
2025-08-09,kepez,35.259064,29.40947,0.0012874597814516164,986.53906,1.1805922,-2.208286,2.807944,24
2025-08-10,kepez,34.93045,32.118908,0.0008583068620282575,986.6462,0.62581825,-0.8059538,2.4994686,24
2025-08-11,kepez,32.393047,41.943493,0.0,985.7856,0.24876404,0.13731027,1.9165331,24
2025-08-12,kepez,32.447083,39.247242,0.0004261731874066754,986.6004,0.43246332,-0.0070843697,1.8190266,24
2025-08-13,kepez,32.887817,33.11427,0.0008510056659360998,987.61725,0.39343452,-0.27140525,1.87442,24
2025-08-14,kepez,31.661255,40.157963,0.0004261731874066754,987.0525,0.08705521,-0.03954534,1.9064642,24
2025-08-15,kepez,29.717642,49.149555,0.002573769961600192,984.4414,0.115478516,0.22679234,1.8799328,24
2025-08-16,kepez,28.058817,65.33384,0.08342084584000986,982.93304,-0.48579535,0.7492144,1.6077186,24
2025-08-17,kepez,27.957907,70.08085,0.0023096799850463867,983.9648,-0.6345787,1.0419428,1.8024154,24
2025-08-18,kepez,26.80895,66.63981,0.00042633519115042873,985.96893,-0.39565977,0.50103253,1.6122104,24
2025-08-19,kepez,28.342865,58.392075,0.000852346317969932,984.2351,0.12951088,0.53536505,1.6747493,24
2025-08-20,kepez,28.829,59.790054,0.000852346317969932,982.149,0.21205013,0.3129554,1.870709,24
2025-08-21,kepez,30.13798,47.3306,0.002571718141552992,984.1953,0.5118936,-0.5036704,2.5246737,24
2025-08-22,kepez,29.969748,48.31201,0.0,985.2187,0.40442085,0.14335966,1.9184283,24
2025-08-23,kepez,29.542856,50.975216,0.0008583068620282575,983.6255,0.13479996,0.1411972,1.8322219,24
2025-08-24,kepez,28.413666,60.912876,0.0,982.57526,0.067370735,0.23504329,1.7535783,24
2025-08-25,kepez,30.556885,44.60998,0.0,984.176,0.73258525,-1.0227941,2.636277,24
2025-08-26,kepez,29.600515,54.349407,0.000852346317969932,984.9633,0.16176605,-0.037390072,1.8680869,24
2025-08-27,kepez,29.404367,54.745983,0.0,985.70624,-0.003627777,0.34739622,1.8486849,24
2025-08-28,kepez,28.989084,49.265644,0.0008583068620282575,986.40643,0.0925115,0.0013583899,2.0296562,24
2025-08-29,kepez,27.817892,65.14674,0.0020005026613034715,987.5032,-0.4834118,0.9140811,1.7692791,24
2025-08-30,kepez,26.499023,76.5697,0.002459538336552214,989.2542,-0.5052878,0.7849521,1.6477333,24
2025-08-31,kepez,27.891592,68.57523,0.002587852577562444,988.50446,-0.11391131,0.57608116,1.4947457,24
2025-09-01,kepez,28.345083,65.649345,0.0004405845288601995,985.5105,0.0053736367,0.56726235,1.4718971,24
2025-09-02,kepez,28.066153,66.40334,0.0008515731337865873,982.22845,0.06413841,0.51665014,1.5622177,24
2025-09-03,kepez,30.189829,50.369614,0.0004261731874066754,981.8855,0.62251014,-0.62338585,2.048929,24
2025-09-04,kepez,28.821167,50.12366,0.012481212252168916,983.43335,-0.09110197,-0.105603136,2.2469113,24
2025-09-05,kepez,27.233429,68.15576,0.009626150131225586,986.8732,-0.33202615,0.7074315,1.849089,24
2025-09-06,kepez,25.739115,68.65984,0.1025289311655797,988.8128,-0.40821075,0.19981547,1.7191124,24
2025-09-07,kepez,25.987741,63.249786,0.0004410743486005231,987.1408,0.074575424,0.48178425,1.5559363,24
2025-09-08,kepez,26.238495,61.50059,0.08821785741019994,985.86847,0.2651221,0.12633531,1.6686777,24
2025-09-09,kepez,26.462393,55.593166,0.0017106531231547706,987.8553,0.32194328,-0.17987633,2.0545547,24
2025-09-10,kepez,27.813864,49.258663,0.0008583068051848386,990.18036,0.6144816,-0.8664697,1.9137039,24
2025-09-11,kepez,28.781006,41.005264,0.0,989.22003,0.9661954,-1.6577257,2.1789105,24
2025-09-12,kepez,27.956848,46.62337,0.000852346317969932,989.2939,0.1064078,-0.24914117,2.1546488,24
2025-09-13,kepez,27.856455,55.699963,0.000852346317969932,989.7368,0.27989134,0.01790174,1.742884,24
2025-09-14,kepez,28.24121,52.329952,0.0004410743486005231,989.7859,0.2546927,-0.060948055,2.007055,24
2025-09-15,kepez,27.391775,57.30638,0.002570709511928726,989.3389,0.24357224,0.15728188,1.7118987,24
2025-09-16,kepez,27.736715,58.684994,0.0,988.4472,0.38105965,-0.079000354,1.8723027,24
2025-09-17,kepez,27.644196,52.907536,0.000852346317969932,987.8032,0.17164357,-0.2947588,2.165529,24
2025-09-18,kepez,27.687113,43.986507,0.0,987.33527,1.1427237,-3.3306797,3.5365944,24
2025-09-19,kepez,24.533386,26.914444,0.0004261731874066754,993.0734,1.9089508,-5.5342164,5.902641,24
2025-09-20,kepez,25.485697,29.449438,0.0012874597814516164,993.55975,1.3034719,-2.8635466,3.264969,24
2025-09-21,kepez,26.649017,33.539417,0.0004410746328176174,991.7219,0.74781924,-1.3962092,2.2769766,24
2025-09-22,kepez,25.155386,41.500042,0.0017046922948793508,991.92114,0.063238144,-0.608223,2.1079419,24
2025-09-23,kepez,24.151937,54.07098,0.0,992.83575,0.17815144,-0.0013379256,1.6920825,24
2025-09-24,kepez,24.315195,50.939835,0.0,990.74835,0.44315657,-0.09269476,1.8125119,24
2025-09-25,kepez,26.215912,43.772404,0.0,987.5411,1.0463448,-0.5402854,1.8827695,24
2025-09-26,kepez,26.144297,42.088776,0.0008583068620282575,988.6169,0.54074925,-0.57004684,2.1235974,24
2025-09-27,kepez,24.6061,57.50552,0.013947486877441406,990.4947,-0.2110138,-0.025361856,2.0075793,24
2025-09-28,kepez,23.113382,76.40949,0.22292733774520457,991.5078,-0.8868065,0.40156102,2.045933,24
2025-09-29,kepez,22.400177,77.9446,4.250525875249878,991.5142,-0.9743474,-0.09461256,1.8704695,24
2025-09-30,kepez,24.011536,58.267445,4.284831928089261,989.9143,0.78356427,-2.1574318,2.389979,24
2025-10-01,kepez,23.239838,43.13521,0.0,989.7842,0.67557335,-1.3474712,2.4383671,24
2025-10-02,kepez,21.503988,61.343872,0.00959038698056247,989.12427,-0.21608035,-0.1288861,1.8450804,24
2025-10-03,kepez,21.476858,76.70765,2.9594779498438584,989.8399,-1.2629713,1.8438683,2.5696273,24
2025-10-04,kepez,20.93693,79.326355,4.552352475002408,993.50214,-1.2115775,1.5228649,2.1830957,24
2025-10-05,kepez,20.542063,62.986782,0.0012962613027411862,994.1714,0.20494144,-0.50559807,1.7626241,24
2025-10-06,kepez,20.043823,65.76351,0.0025719400582602248,991.3586,-0.21549082,0.013146083,1.5263013,24
2025-10-07,kepez,18.517141,87.76801,21.894782781600952,988.93536,-1.3604417,1.9457232,3.1859992,24
2025-10-08,kepez,17.997314,80.23235,8.1059904769063,987.0366,-1.0921847,2.6929998,3.0347233,24
2025-10-09,kepez,16.789145,75.02766,9.89341177046299,993.14844,-0.3477777,-0.6473651,1.8511249,24
2025-10-10,kepez,19.06318,59.03954,0.0,997.4864,0.8464076,-1.4324988,2.2903178,24
2025-10-11,kepez,18.642843,64.76703,0.0004351138045421976,994.1738,0.28606355,-0.6173933,1.8348168,24
2025-10-12,kepez,18.793884,42.35584,0.0008661395440867636,993.00854,2.0736072,-4.806307,5.270448,24
2025-10-13,kepez,17.912598,47.056477,0.00042416900214448106,995.06036,0.639857,-1.9613856,2.7432127,24
2025-10-14,kepez,17.089865,68.52473,0.0012889495337731205,995.3176,0.023527265,-0.23063247,1.4373927,24
2025-10-15,kepez,17.683044,71.67567,0.0,994.6149,0.14088504,-0.24358685,1.3763756,24
2025-10-16,kepez,18.463541,68.53315,0.0017195934560731985,994.695,0.3455321,-0.36925986,1.4578285,24
2025-10-17,kepez,18.471527,68.83407,0.0008583068620282575,996.81464,0.30021477,-0.3165753,1.5670563,24
2025-10-18,kepez,18.051727,75.488014,0.019478797185001895,997.41504,-0.09414355,-0.27060202,1.5994716,24
2025-10-19,kepez,19.317972,72.745056,4.470348358154297e-05,995.1202,0.2210223,-0.23530062,1.4268489,24
2025-10-20,kepez,19.272614,70.52311,0.5504369619302452,992.8925,0.5591755,-0.835043,1.3602787,24
2025-10-21,kepez,19.361145,74.313225,3.024682402610779,992.84985,0.49345016,-0.4292638,1.0741872,24
2025-10-22,kepez,19.189148,77.08181,0.7740238215774298,994.7243,-0.2222398,0.020618716,1.4723147,24
2025-10-23,kepez,18.235575,83.295044,24.750006617978215,994.68964,0.94567937,-1.1495068,1.6082333,24
2025-10-24,kepez,18.860239,81.65854,1.1132300132885575,993.16327,-0.09125773,-0.449788,1.6407558,24
2025-10-25,kepez,19.292694,85.1845,3.0926913022994995,992.8985,-0.5802212,-0.24442482,1.3842579,24
2025-10-26,kepez,19.83253,81.178215,1.017957809381187,992.4615,-0.02803421,-0.16931915,1.5151752,24
2025-10-27,kepez,19.042572,80.82717,0.1014947920339182,993.4041,-0.5789812,0.19171531,1.5071983,24
2025-10-28,kepez,18.43274,89.727455,11.65208219026681,993.4925,-0.82983494,1.2037954,1.8361701,24
2025-10-29,kepez,19.904795,63.740616,1.016634691040963,994.9627,1.2583936,-2.7056315,3.041825,24
2025-10-30,kepez,18.60674,50.55009,0.0004351138045421976,997.2094,0.7857049,-1.3815149,2.0284152,24
2025-10-31,kepez,17.57963,64.93878,0.0,997.41815,0.82412785,-0.68553144,1.5707341,24
2025-11-01,kepez,18.673462,67.014366,0.000852346317969932,996.7068,0.5999985,-0.40270483,1.4486066,24
2025-11-02,kepez,19.432993,64.71114,0.0004351138045421976,996.68024,0.61477727,-0.6789996,1.312085,24
2025-11-03,kepez,17.839264,65.378944,0.0,997.3156,0.66401035,-1.2891303,1.5730239,24
2025-11-04,kepez,18.468851,55.62412,0.0,996.6106,0.8634701,-1.3300505,1.7418784,24
2025-11-05,kepez,19.257437,59.019703,0.009071826525541837,994.49835,1.0224298,-1.3217808,1.813767,24
2025-11-06,kepez,20.167227,62.013294,2.9050440298306057,990.83105,1.5395775,-1.8063313,2.4450283,24
2025-11-07,kepez,17.193369,86.35653,6.243661046028137,993.6575,0.0064779916,-0.79319954,1.391408,24
2025-11-08,kepez,17.31841,77.68659,0.006911158379807603,997.6028,0.51203793,-1.0205847,1.6058782,24
2025-11-09,kepez,17.009338,74.27108,0.0008612762485427083,998.9226,0.6250038,-0.7692447,1.5388713,24
2025-11-10,kepez,16.308084,72.58848,0.0,996.92755,0.5366071,-1.1916262,1.4313487,24
2025-11-11,kepez,16.09202,74.320305,0.39736329335937626,993.72534,0.16858737,-0.5149594,1.6967975,24
2025-11-12,kepez,16.379831,80.26433,3.2535851350985467,995.5679,0.47781816,-1.0854946,1.4774203,24
2025-11-13,kepez,16.470245,70.73011,0.0,994.99335,0.9186878,-1.2648045,1.6882902,24
2025-11-14,kepez,16.349112,47.352627,0.001720833097351715,993.2869,1.6245638,-3.9284232,4.270827,24
2025-11-15,kepez,14.72346,42.767185,0.0,993.02386,1.3441511,-3.906635,4.1709876,24
2025-11-16,kepez,14.394725,54.726818,0.0012785195053766074,997.1198,0.36341858,-0.96737224,1.7347466,24
2025-11-17,kepez,13.896037,71.405235,0.0004351138045421976,1002.9312,0.32414225,-0.79054195,1.5203552,24
2025-11-18,kepez,15.102753,77.72541,0.01556538092017945,1003.2185,0.37796274,-0.8148596,1.3643775,24
2025-11-19,kepez,14.661896,74.24689,0.0,1000.7369,0.36849213,-1.124097,1.4324144,24
2025-11-20,kepez,15.560547,69.834145,0.0017106532368416083,1000.15894,0.497715,-0.9276094,1.5519801,24
2025-11-21,kepez,16.6538,64.638794,0.001974857696040999,1000.46533,1.0119174,-1.2447991,1.7865009,24
2025-11-22,kepez,18.288107,60.54219,0.0008463859444418631,999.8791,0.63260907,-0.5085476,1.2957603,24
2025-11-23,kepez,18.127096,62.671032,0.0,996.8845,0.64057416,-0.48227635,1.4159316,24
2025-11-24,kepez,15.20636,80.75822,32.08206593990326,994.69965,1.314455,-1.5034479,2.0424087,24
2025-11-25,kepez,16.375113,67.34934,0.7248163165058941,994.9275,0.58130455,-0.8557692,1.7033597,24
2025-11-26,kepez,14.449513,88.60787,8.177518873708323,998.2302,-0.17959149,-0.5068743,0.94399744,24
2025-11-27,kepez,14.989441,87.44392,5.462867207825184,998.6744,-0.6430588,-0.78079915,1.3235991,24
2025-11-28,kepez,15.370992,77.32347,0.41317762224934995,998.25385,0.1983382,-1.2225202,1.4215099,24
2025-11-29,kepez,14.681427,79.68096,19.6100864559412,993.20306,0.10493978,0.2874922,2.1843846,24
2025-11-30,kepez,13.477325,87.22114,8.299348875880241,991.29315,-0.08171797,-0.69544154,1.6351382,24
2025-12-01,kepez,12.424835,75.93706,0.24722516536712646,996.00824,0.27273336,-0.8883547,1.3827742,24
2025-12-02,kepez,13.33903,63.4435,0.000852346317969932,998.1219,0.6643569,-1.1075974,1.6745573,24
2025-12-03,kepez,11.689758,73.74065,0.000852346317969932,999.2315,0.32720312,-1.1694609,1.4088153,24
2025-12-04,kepez,13.010966,78.71665,0.8760392665863037,997.1106,0.7337439,-1.4331805,1.6236473,24
2025-12-05,kepez,13.000325,85.14388,39.79870676994324,991.4819,-0.259788,-0.004088322,2.3124726,24
2025-12-06,kepez,12.912598,94.840065,52.093565464019775,988.9344,-0.82094544,-0.097260796,1.128262,24
2025-12-07,kepez,12.000377,90.889565,9.609612636268139,987.2449,-0.98326206,-1.2304624,1.7837857,24
2025-12-08,kepez,12.567006,76.1756,0.08958578109741211,990.49005,0.55874187,-1.5281092,1.7106005,24
2025-12-09,kepez,13.475881,60.57226,0.00025331974029541016,992.4253,1.5369873,-3.0281794,3.4190054,24
2025-12-10,kepez,13.12442,63.150208,0.000852346317969932,993.77496,1.6071154,-2.431998,2.9298623,24
2025-12-11,kepez,13.311666,56.002472,0.0,993.4106,1.7175382,-3.4036505,3.8204272,24
2025-12-12,kepez,12.211792,58.08035,0.0004351138045421976,995.274,0.660162,-1.861445,2.2303076,24
2025-12-13,kepez,11.955505,63.23711,0.0008553266184208042,997.2128,0.90823203,-2.5020492,2.695197,24
2025-12-14,kepez,11.361287,64.60053,0.005647301804856397,998.39526,0.25981522,-1.4547297,1.8910259,24
2025-12-15,kepez,11.875712,56.63682,0.0017159718481707387,996.919,1.5009581,-3.6752899,3.9849901,24
2025-12-16,kepez,11.534413,50.142254,0.0004349267328507267,998.4101,0.9696293,-3.9016922,4.034167,24
2025-12-17,kepez,11.000885,51.796204,0.0004351138045421976,1002.23334,0.64951515,-3.3730743,3.4562142,24
2025-12-18,kepez,10.883972,60.276875,0.0012875389074906707,1004.71234,0.5886823,-1.2187977,1.5749348,24
2025-12-19,kepez,10.674377,67.50359,0.002157114693090989,1002.061,0.50325096,-0.878692,1.4680911,24
2025-12-20,kepez,10.41631,71.95218,0.1752257376210764,996.9722,0.118808985,-0.93570805,1.4060602,24
2025-12-21,kepez,11.710419,82.85795,8.080670610070229,994.2299,0.9395135,-1.5492435,1.8644267,24
2025-12-22,kepez,11.804158,86.75607,23.736391216516495,993.4477,0.037611645,-1.2578768,1.5272336,24
2025-12-23,kepez,11.8741255,85.1322,15.64010325819254,994.16846,0.45582643,-1.7154616,1.8122939,24
2025-12-24,kepez,11.999339,87.37652,16.812235116958618,998.5097,0.3856194,-1.7432784,1.8363338,24
2025-12-25,kepez,12.251587,85.79702,12.852105312049389,998.41156,0.4691991,-1.3307637,1.5316645,24
2025-12-26,kepez,11.191325,72.43976,0.0018117948457074817,994.3874,0.72620296,-1.6902943,1.9193529,24
2025-12-27,kepez,9.760223,54.714306,0.0021378026531237992,989.53076,1.6481329,-4.4776216,4.785541,24
2025-12-28,kepez,7.7110085,51.820835,0.0012897817214252427,987.7172,0.5163072,-2.6758137,3.4853964,24
2025-12-29,kepez,7.9303184,47.511417,0.0008434050755568023,990.5433,0.7287178,-3.9594448,4.0449305,24
2025-12-30,kepez,7.308451,68.10138,6.853267550468445,995.00616,-0.5012868,-0.83809406,1.6313194,24
2025-12-31,kepez,10.272349,83.691154,8.738225558772683,984.1796,-0.089686714,-1.2607307,1.5330005,24
2024-01-01,kumluca,13.6468,84.42233,4.229295067489147,994.4864,-0.38887978,-0.56975937,1.1554517,24
2024-01-02,kumluca,14.04662,82.26719,0.4411578120198101,992.50287,0.92350453,-0.2339191,2.0658677,24
2024-01-03,kumluca,14.436076,81.16036,2.872335957363248,991.1621,1.8366661,0.31245446,2.5906115,24
2024-01-04,kumluca,15.221405,75.96853,0.0068694353103637695,989.11957,3.4692166,0.94115496,3.7223232,24
2024-01-05,kumluca,15.373973,80.5252,0.03604590892791748,990.4619,1.4299647,0.0693591,2.2452776,24
2024-01-06,kumluca,14.94576,74.847206,0.7656097295694053,995.5745,-0.9766883,-0.44783947,1.7371768,24
2024-01-07,kumluca,14.541595,87.78437,18.95185193279758,990.15936,0.8874791,3.447037,3.8334866,24
2024-01-08,kumluca,14.872273,79.52844,0.5291342677082866,987.6458,4.0640926,2.2952013,4.676307,24
2024-01-09,kumluca,12.970886,84.71673,5.5734422348905355,985.8513,2.177533,1.033115,2.5116723,24
2024-01-10,kumluca,11.272563,83.85064,6.717091426253319,985.68646,0.84128696,-1.022988,1.7850872,24
2024-01-11,kumluca,11.155324,78.55425,0.6896648555994034,987.84784,0.827041,-0.4168783,1.8828883,24
2024-01-12,kumluca,11.352061,79.31551,2.144068479537964,983.6159,1.7635485,-0.020488182,2.0806572,24
2024-01-13,kumluca,11.057953,68.26803,0.17465651035308838,983.04736,-0.97747296,-1.6676135,2.0228326,24
2024-01-14,kumluca,10.6502075,76.415855,0.06866455078125,987.34125,-0.12532489,-0.13729985,1.9478141,24
2024-01-15,kumluca,10.838603,79.24477,0.4840940237045288,991.27905,2.8686905,1.0136133,3.2572937,24
2024-01-16,kumluca,13.113027,88.34113,19.940629601478577,989.3775,4.177287,3.2672527,5.3647885,24
2024-01-17,kumluca,13.418447,83.88209,0.5630582454614341,991.3572,0.5562485,-0.4207294,1.6985389,24
2024-01-18,kumluca,13.30837,84.4579,0.2695262373890728,994.3702,1.1685098,0.3522549,1.8171625,24
2024-01-19,kumluca,14.747467,84.737114,1.6526579856872559,992.3055,2.504341,2.233237,3.52933,24
2024-01-20,kumluca,14.679321,85.87737,0.1742243766784668,992.2657,-0.39683047,-0.23334904,1.4024471,24
2024-01-21,kumluca,14.584534,86.97729,11.050254106521606,990.1103,-1.420279,-0.9185417,2.1547167,24
2024-01-22,kumluca,14.101094,64.81125,1.1055193608626723,989.14746,-1.4637254,-4.0331535,4.3114514,24
2024-01-23,kumluca,12.937775,75.547874,0.9557176381349564,990.2155,0.24015038,-0.45375308,2.00597,24
2024-01-24,kumluca,12.007324,82.882484,0.7836222648620605,990.63184,0.5511288,-0.16087723,1.4822955,24
2024-01-25,kumluca,12.776601,76.513306,3.8752735126763582,989.95166,-0.17476845,-0.23669879,1.1344724,24
2024-01-26,kumluca,10.955292,74.6191,10.518967872485518,987.1862,-0.16482799,-0.6543102,1.5522126,24
2024-01-27,kumluca,10.423818,57.969112,0.3712177276611328,991.38794,-0.59016675,-0.9929159,2.1033947,24
2024-01-28,kumluca,9.452321,66.27697,1.915323780849576,993.3069,-0.95100784,-1.9102745,2.2595327,24
2024-01-29,kumluca,9.083964,47.845592,0.09141266491496935,993.3072,-2.0245478,-3.939215,4.5379663,24
2024-01-30,kumluca,8.712718,53.914104,5.586293256783392,991.1989,-0.5487728,-3.4664485,3.5946903,24
2024-01-31,kumluca,9.445668,68.943565,2.5332749355584383,992.9397,-0.23891385,-1.5533562,1.840281,24
2024-02-01,kumluca,9.993581,71.800934,0.12660352513194084,993.41766,0.30376408,-0.9347004,2.0083034,24
2024-02-02,kumluca,10.824269,74.94746,0.000852346317969932,991.0651,0.956151,-0.056543905,1.7553592,24
2024-02-03,kumluca,11.090881,76.56841,0.2154274114332111,992.2927,-0.3740495,-1.0446688,1.4063805,24
2024-02-04,kumluca,10.555501,77.92417,0.3574937582015991,993.61523,0.74202937,-0.01892662,1.9399463,24
2024-02-05,kumluca,11.834361,74.256584,0.2514600637368858,993.9007,0.6139434,-0.15079434,1.7415571,24
2024-02-06,kumluca,14.081329,77.42872,0.006011128334648674,996.4041,0.4698213,-0.14384866,1.431763,24
2024-02-07,kumluca,13.185649,87.03805,2.6890724025179225,996.36346,1.2083855,1.0722607,2.0366278,24
2024-02-08,kumluca,12.905467,85.31315,0.803804025053978,993.96344,1.5400664,1.2852114,2.1882899,24
2024-02-09,kumluca,12.103923,86.1477,2.1641970379278064,990.69604,0.39204153,0.246701,1.6017841,24
2024-02-10,kumluca,12.144084,84.57922,1.4153659576550126,994.0659,-0.42954445,0.12503414,1.3264822,24
2024-02-11,kumluca,12.848989,81.7702,1.3132095336914062,996.602,-1.3586044,-0.33604088,1.5019487,24
2024-02-12,kumluca,14.090434,80.684326,14.180947095155716,991.79785,-1.914697,1.0261489,2.404313,24
2024-02-13,kumluca,12.8211775,90.09299,25.701988488435745,983.67035,-1.4726568,-0.5205629,2.5977604,24
2024-02-14,kumluca,11.67747,79.86425,4.68035601079464,980.42426,-0.7537148,-1.2693819,1.8901888,24
2024-02-15,kumluca,11.491923,84.12325,4.733116365969181,983.8808,-2.4957292,-2.235202,3.488663,24
2024-02-16,kumluca,12.283671,75.83239,0.4291534423828125,987.3718,-0.41706774,-0.16265552,1.8285289,24
2024-02-17,kumluca,12.293712,77.95002,1.4149218332022429,991.4326,1.1006991,-0.1842686,2.0335968,24
2024-02-18,kumluca,12.135986,77.54123,0.2514868974685669,993.4136,0.26182476,-0.7839833,1.6530896,24
2024-02-19,kumluca,11.539083,73.17834,0.7870740373618901,992.55817,0.14994223,-0.9020645,1.9063436,24
2024-02-20,kumluca,11.662242,73.80158,0.5141341243870556,993.28253,-0.31597647,-0.5356179,1.6046926,24
2024-02-21,kumluca,11.76179,74.98611,0.011120479939563666,994.6479,0.47095618,-0.11366657,1.479343,24
2024-02-22,kumluca,12.367523,75.87696,0.8737623575143516,994.76483,0.22606023,-0.020130435,1.2269098,24
2024-02-23,kumluca,12.504608,78.995316,0.0012755390343954787,994.8377,0.16533725,-0.24738264,1.4072342,24
2024-02-24,kumluca,13.425649,80.19775,0.001714524842100218,995.3592,0.70200473,-0.22059345,1.5498734,24
2024-02-25,kumluca,14.459645,74.4098,0.0008675702929394902,993.40796,0.9492922,0.07191285,1.6874633,24
2024-02-26,kumluca,13.288371,85.5888,3.7426394410431385,988.9671,-1.2361526,-0.3054764,1.6859485,24
2024-02-27,kumluca,14.1024065,70.345436,0.6424342282116413,991.0991,-1.1378016,-0.52944183,1.9027323,24
2024-02-28,kumluca,14.170024,73.49778,0.0,996.15936,-0.68231773,-0.08198738,1.161968,24
2024-02-29,kumluca,13.903412,72.81633,0.0,996.7889,-1.5673574,-1.0356725,2.1229837,24
2024-03-01,kumluca,14.341695,57.227734,0.000852346317969932,992.1923,-2.0657036,-1.8125916,2.8571317,24
2024-03-02,kumluca,14.042918,59.842243,1.0968982939516536,987.0157,-1.2448044,-0.5387818,1.9535526,24
2024-03-03,kumluca,13.303589,77.83889,1.1479937238618731,987.24756,0.82820195,0.121255755,1.7399988,24
2024-03-04,kumluca,12.764171,83.47702,0.6857782718725502,988.90314,0.43192163,-0.17025821,1.8023778,24
2024-03-05,kumluca,13.098602,86.55845,9.296741336584091,987.2827,1.4173361,2.230244,3.2129097,24
2024-03-06,kumluca,12.971272,77.1123,0.9325459832325578,985.0057,2.0165005,0.3902825,2.1861444,24
2024-03-07,kumluca,13.586975,70.85033,0.37680863169953227,988.9377,0.66847485,0.00475808,1.701817,24
2024-03-08,kumluca,12.248891,81.15079,2.7736304327845573,988.3069,2.0443153,0.3928142,2.5856044,24
2024-03-09,kumluca,12.062602,79.55702,5.332648754119873,988.94684,-0.40372595,-0.1211733,1.5012654,24
2024-03-10,kumluca,12.128621,67.12394,0.0008523929864168167,990.7473,-0.1935463,-1.293408,2.4131134,24
2024-03-11,kumluca,13.457438,73.363304,0.0004351138045421976,996.3931,0.5874949,0.37836778,1.7294397,24
2024-03-12,kumluca,12.954651,78.08637,0.006884848119170783,995.06976,-0.6439247,0.13483052,1.2864219,24
2024-03-13,kumluca,13.359294,78.46994,0.40169060230255127,989.0474,0.7619893,0.5213172,1.6117646,24
2024-03-14,kumluca,12.437703,76.939926,0.36391912726685405,987.77765,2.0599315,0.2684526,2.5297992,24
2024-03-15,kumluca,13.219808,76.465385,2.3307257215492427,988.5754,1.2289871,0.20756686,2.002314,24
2024-03-16,kumluca,12.840759,75.76626,1.2317044893279672,990.71045,0.36979306,-0.16915767,1.6897229,24
2024-03-17,kumluca,12.971364,74.68305,0.21284818649291992,989.7172,-1.2072315,-1.0668938,1.8473204,24
2024-03-18,kumluca,13.47345,71.042076,0.1351781393168494,983.90845,1.1311232,-0.5313212,1.6807379,24
2024-03-19,kumluca,14.389415,69.71618,0.24032891087699682,982.2172,1.8403225,0.110693656,2.6820831,24
2024-03-20,kumluca,13.8532,75.18775,1.8209042464150116,984.62225,2.620404,0.7782429,3.1099403,24
2024-03-21,kumluca,12.488332,77.07611,15.862363390624523,986.4948,0.29279983,-0.47558403,1.6105095,24
2024-03-22,kumluca,11.774811,65.26539,4.62456326931715,986.13214,-1.1349767,-1.1208241,2.2744896,24
2024-03-23,kumluca,12.012034,54.968002,0.000852346317969932,987.7724,-0.45661736,-1.3670248,2.867624,24
2024-03-24,kumluca,12.700032,72.28069,0.15278458886314183,985.8857,0.9690385,0.2911744,2.243787,24
2024-03-25,kumluca,13.674672,77.96893,0.5724979564547539,983.8543,3.6303787,1.5366325,4.289541,24
2024-03-26,kumluca,15.66155,77.9533,0.09140372276306152,987.1993,1.0077318,0.6564017,2.549175,24
2024-03-27,kumluca,15.931844,84.42983,0.3330111503601074,991.5809,-0.54812366,0.38961196,1.4621376,24
2024-03-28,kumluca,16.045633,71.44639,0.2227604272775352,991.8584,-1.6462237,-1.666632,2.5098703,24
2024-03-29,kumluca,18.425009,61.996403,0.6788969039916992,990.88776,0.5676972,-0.9315315,1.8718737,24
2024-03-30,kumluca,19.648651,62.369083,0.000852346317969932,992.8374,0.4291973,-0.31671175,1.5479025,24
2024-03-31,kumluca,19.478088,64.498344,0.0017074116840376519,994.96906,0.47196832,-0.29117712,1.3921413,24
2024-04-01,kumluca,20.420258,62.93042,0.0,992.95215,0.7565637,-0.040937822,1.4849721,24
2024-04-02,kumluca,20.746347,64.35039,0.0021412958517430525,989.3469,1.0109259,0.2527673,1.6932629,24
2024-04-03,kumluca,20.525827,66.83405,0.0,987.4194,0.41241392,0.2360558,1.3425046,24
2024-04-04,kumluca,18.697592,77.22505,0.013732369552599266,987.6573,0.8220179,0.7468923,1.5588115,24
2024-04-05,kumluca,18.061646,79.31028,0.17510652833152562,988.6053,1.1163298,0.29370642,1.8512617,24
2024-04-06,kumluca,18.14628,64.562485,1.1466920841485262,987.69354,0.14094989,-1.4358143,2.243364,24
2024-04-07,kumluca,17.497772,61.054234,0.0012873903756371874,983.9029,0.94139415,-1.1637062,1.9858524,24
2024-04-08,kumluca,17.382751,51.4717,0.7304310796030222,983.5159,-1.9950657,-2.322507,3.5711887,24
2024-04-09,kumluca,16.683329,69.19657,0.48063648864626884,985.11273,1.0263195,-0.045063894,1.5580006,24
2024-04-10,kumluca,17.586649,76.14753,0.0017139245755970478,985.42804,0.47658792,0.42589256,1.9938031,24
2024-04-11,kumluca,18.618591,78.619705,0.0,989.3056,0.4130427,0.25017676,1.5427855,24
2024-04-12,kumluca,19.282084,76.04543,0.0,990.6074,0.76098377,0.4294062,1.4480647,24
2024-04-13,kumluca,20.166891,71.65748,1.1818945640698075,989.6541,0.8108425,-0.27352905,1.7041259,24
2024-04-14,kumluca,20.621695,59.586895,0.006863474936835701,988.23175,0.0010159811,-1.4425062,1.7369639,24
2024-04-15,kumluca,20.715189,53.086224,0.0008642672355563263,990.19965,0.6459783,-0.9155838,2.3547165,24
2024-04-16,kumluca,20.187632,58.459904,0.00042915337417070987,990.013,0.47712007,0.27580142,1.5935136,24
2024-04-17,kumluca,19.809011,58.249832,0.0004188495381640678,984.6397,-1.4148979,-1.0417532,1.9115859,24
2024-04-18,kumluca,19.467438,69.25814,0.04807114601135254,981.16205,1.9429246,1.6209589,2.8111308,24
2024-04-19,kumluca,17.945852,76.05168,1.7895579803735018,984.928,1.8183371,1.5546068,2.578462,24
2024-04-20,kumluca,16.549643,77.34712,8.02302360534668,982.4915,2.3998756,3.1352997,4.647675,24
2024-04-21,kumluca,16.479116,76.54973,1.8316209316253662,987.7878,1.487655,0.8473204,2.6119158,24
2024-04-22,kumluca,17.726126,81.41951,0.16780197620391846,992.9158,0.37751898,0.9106485,1.7112632,24
2024-04-23,kumluca,19.23256,68.29691,0.0025697172532090917,992.33734,-1.3984604,-0.72432965,1.8661175,24
2024-04-24,kumluca,22.23464,51.111206,0.0034591998883115593,986.2707,-1.3773504,-1.5506879,2.2105103,24
2024-04-25,kumluca,22.508718,56.727634,0.06349683098960668,981.6597,-0.33320245,-0.01771315,2.0138443,24
2024-04-26,kumluca,21.120728,58.167942,0.012010335922241211,982.50244,1.5112423,0.66494775,1.9922477,24
2024-04-27,kumluca,22.0354,57.563465,0.001293420666570455,984.6165,0.31647393,0.23374534,1.1263059,24
2024-04-28,kumluca,22.519806,51.551483,0.002556816355081537,985.83246,1.0134863,0.3931675,1.4635482,24
2024-04-29,kumluca,23.455984,51.379974,0.0017285344142692338,985.9406,0.52268094,0.32560858,1.3830205,24
2024-04-30,kumluca,23.617838,56.631104,0.05837277933551377,985.1954,0.07099851,-0.01169316,1.1731225,24
2024-05-01,kumluca,23.859741,53.5363,0.000852346317969932,983.51764,0.55482227,0.51355314,1.3778119,24
2024-05-02,kumluca,22.047262,69.6471,0.000852346317969932,981.29816,0.72100514,0.6965149,1.5207895,24
2024-05-03,kumluca,21.660929,70.60901,2.441018808269746,980.52313,1.8121694,1.13668,2.6204274,24
2024-05-04,kumluca,19.737946,59.104137,0.1514971227152273,978.9226,4.437187,2.392234,5.137354,24
2024-05-05,kumluca,17.316996,67.28424,6.253623971133493,980.9663,1.1722202,-0.099965416,1.8036815,24
2024-05-06,kumluca,18.376343,65.627045,0.021457672119140625,984.6611,0.8163128,-0.36396042,2.5008814,24
2024-05-07,kumluca,19.727976,64.30451,0.0008702277796146518,987.52515,1.0272948,0.5853195,2.0989885,24
2024-05-08,kumluca,19.578695,68.8429,0.0008583068620282575,989.9114,-0.4738814,0.38985276,1.3912977,24
2024-05-09,kumluca,19.457062,64.008766,0.04894137293831591,987.69385,-1.2563356,-0.29326984,1.4903421,24
2024-05-10,kumluca,21.704386,50.42633,0.013720989045395982,981.5271,-1.0834776,-1.0202854,2.9283817,24
2024-05-11,kumluca,18.28008,75.98417,1.4599859687223216,981.4516,1.1626568,1.6758312,2.1216505,24
2024-05-12,kumluca,18.598389,76.87258,5.276888608932495,983.4351,0.74895096,0.12081941,1.5907584,24
2024-05-13,kumluca,18.801432,70.59672,0.6218421622179449,984.0273,1.3029093,0.2969199,1.9054939,24
2024-05-14,kumluca,18.856934,68.51618,0.011146650649607182,985.42206,0.09991455,-0.11006943,2.4909382,24
2024-05-15,kumluca,19.052246,76.06423,0.032629581255605444,988.24896,0.24133809,0.45878398,1.3609236,24
2024-05-16,kumluca,20.32496,76.902885,0.0068744939198950306,991.7723,0.29492697,0.7981632,1.5372912,24
2024-05-17,kumluca,21.563772,73.33626,0.023601939574291464,992.0662,0.5013962,1.0121421,1.543747,24
2024-05-18,kumluca,22.491404,71.40472,0.15532970428466797,989.2468,0.16781807,1.1516649,1.9810427,24
2024-05-19,kumluca,23.47222,66.26859,0.0008672504918649793,986.325,0.06607119,0.5817937,1.6153206,24
2024-05-20,kumluca,23.507029,69.11321,0.009447336196899414,983.59503,0.7301572,0.7388463,1.624008,24
2024-05-21,kumluca,25.628042,59.854294,0.0008549805556867796,984.8056,1.0355581,0.63796103,2.0377471,24
2024-05-22,kumluca,25.616241,57.005558,0.03346204903209582,985.6491,0.38339233,0.51960003,1.6092882,24
2024-05-23,kumluca,24.205475,61.98704,0.07811188697814941,982.4698,1.976635,1.4931527,2.72812,24
2024-05-24,kumluca,21.21228,75.78896,20.24017571238801,982.50836,0.099878944,0.53975993,1.0023518,24
2024-05-25,kumluca,22.391062,67.80247,0.10728836059570312,983.0903,1.02027,0.4744072,1.7597704,24
2024-05-26,kumluca,21.906881,68.4796,0.29525160789489746,984.2033,-0.83371544,0.0050703683,1.5222435,24
2024-05-27,kumluca,21.32244,70.66976,0.08154510578606278,984.2845,-0.23941231,-0.0928214,2.242418,24
2024-05-28,kumluca,21.917053,65.36682,0.0008475471986457705,984.3149,0.73920614,0.7162234,1.3745583,24
2024-05-29,kumluca,21.349356,72.05339,0.0,985.971,-0.44011816,0.56403095,1.4825207,24
2024-05-30,kumluca,20.631613,78.71413,0.27765034462845506,986.2927,1.2706528,1.100309,2.0735953,24
2024-05-31,kumluca,21.605865,73.534874,0.005155801773071289,989.5173,1.1450838,1.179622,1.9732093,24
2024-06-01,kumluca,23.288065,71.67556,0.0008583068620282575,992.1729,0.25574556,0.6882108,1.419511,24
2024-06-02,kumluca,25.879843,60.828747,0.0,989.57715,1.5399342,0.67592305,2.042275,24
2024-06-03,kumluca,28.906607,48.444214,0.0017195934560731985,986.1529,1.1576023,0.24264717,1.9606813,24
2024-06-04,kumluca,30.595856,41.42586,0.035193562325730454,984.1413,1.1335447,-0.027254105,1.730854,24
2024-06-05,kumluca,31.90738,36.06934,0.0,983.6057,0.8972183,-0.4459858,1.6699761,24
2024-06-06,kumluca,32.119793,34.725494,0.17423927783966064,983.78107,0.92341846,-1.1646868,2.0705006,24
2024-06-07,kumluca,31.35081,39.283016,0.0017195968098349113,983.81976,0.83116215,-0.84724873,1.7879475,24
2024-06-08,kumluca,29.395712,44.83838,0.02917647361755371,980.1961,1.2699934,0.23228264,1.8932241,24
2024-06-09,kumluca,28.046305,50.700497,0.0,979.9156,0.84329605,-0.20212047,2.160808,24
2024-06-10,kumluca,28.54371,46.81016,0.000852346317969932,983.14557,1.0874888,0.26388124,2.3333447,24
2024-06-11,kumluca,29.056915,48.40163,0.0008523463748133508,984.16376,1.1087087,0.53940696,2.1983025,24
2024-06-12,kumluca,30.722757,46.84465,0.0017132691141341638,985.24805,0.75136185,0.54501307,2.0437548,24
2024-06-13,kumluca,31.930319,43.688053,0.000852346317969932,985.9839,0.49566078,0.48789346,1.8673972,24
2024-06-14,kumluca,33.573322,33.23361,0.0025892150006256998,983.51855,1.5382131,0.20652111,2.6650882,24
2024-06-15,kumluca,30.262747,42.709087,0.0012785349099431187,978.69037,1.2922739,0.89679784,2.3154488,24
2024-06-16,kumluca,28.882254,52.45129,0.0017106531231547706,980.2496,-0.89059764,-0.01702571,1.3900348,24
2024-06-17,kumluca,27.830658,66.65952,0.0004351138613856165,983.6284,0.1513037,1.2077345,1.4983879,24
2024-06-18,kumluca,28.612122,64.40913,0.001702981137441384,984.3467,0.75056916,1.364493,1.6804048,24
2024-06-19,kumluca,29.39506,60.399414,0.0,983.2112,0.73140526,1.1090196,1.6739655,24
2024-06-20,kumluca,29.961905,58.936596,0.0,982.3128,0.80019885,1.260549,1.685916,24
2024-06-21,kumluca,29.677988,60.99899,0.0025629994411247026,980.4346,0.78769225,1.3575573,1.8713461,24
2024-06-22,kumluca,30.069296,57.3287,0.0017156735339085571,977.5202,0.016429782,0.8813961,1.8624139,24
2024-06-23,kumluca,29.969309,59.334614,3.6470737541094422e-06,977.2187,1.2436695,1.2658557,2.3024335,24
2024-06-24,kumluca,29.586843,59.89676,0.0004410743486005231,979.65826,1.1917661,1.3640879,2.0190122,24
2024-06-25,kumluca,29.218292,64.82613,0.0,980.48834,1.0127417,1.3505392,1.8749205,24
2024-06-26,kumluca,31.079071,55.483185,0.0021517274717552937,979.39264,1.1861452,0.7545536,1.9652901,24
2024-06-27,kumluca,30.889547,54.983402,0.0,979.89746,0.15357907,0.60306484,1.7658573,24
2024-06-28,kumluca,29.586588,63.511642,0.0017251713870791718,977.8951,0.39562288,1.0460434,1.8138536,24
2024-06-29,kumluca,28.923422,64.58157,0.0025633820541770547,975.715,-0.8156497,0.028254509,1.3110138,24
2024-06-30,kumluca,31.000326,38.47128,0.0012891123333247378,978.3814,-0.015368779,-1.3385819,3.1106617,24
2024-07-01,kumluca,30.339975,46.508877,1.979060471057892e-06,979.3679,1.0040245,-0.24695039,2.6411707,24
2024-07-02,kumluca,30.532492,41.677383,0.000852346317969932,977.4865,1.4687691,0.44327405,2.6807518,24
2024-07-03,kumluca,28.545523,54.162884,0.0008642673492431641,976.69415,1.185009,1.544129,2.5212169,24
2024-07-04,kumluca,26.105276,72.34839,0.18881604773923755,979.3884,1.208402,2.1369712,2.5353162,24
2024-07-05,kumluca,25.835245,71.72279,0.8359773200936615,981.5787,1.0509129,0.8381894,1.700798,24
2024-07-06,kumluca,29.376139,56.25128,0.0021569894670392387,980.2089,1.287611,-0.038154442,2.2672503,24
2024-07-07,kumluca,32.11549,38.995342,0.0,978.6631,1.0258384,-1.405942,3.1469495,24
2024-07-08,kumluca,33.133118,38.389706,0.0,977.6586,0.57124585,-0.98554105,2.967306,24
2024-07-09,kumluca,33.039562,43.277924,0.0008583068620282575,977.9196,0.30591646,-0.09998492,1.7034327,24
2024-07-10,kumluca,30.81482,56.997406,2.404123544692993,980.0983,-0.8974578,0.015390198,1.8292928,24
2024-07-11,kumluca,29.54067,61.684185,0.000852346317969932,982.2258,1.0137733,0.83605194,2.1130638,24
2024-07-12,kumluca,29.152353,62.80837,0.0008583068620282575,981.58234,1.372488,1.1748748,2.2046475,24
2024-07-13,kumluca,28.383291,65.598076,0.0,979.2222,0.73633957,1.0266575,1.7182788,24
2024-07-14,kumluca,29.931723,63.937626,0.0875532568898052,977.6746,1.3159117,0.92715216,1.9718304,24
2024-07-15,kumluca,30.791504,57.161053,0.0,977.279,1.0156904,0.5918215,1.5898128,24
2024-07-16,kumluca,31.118052,56.942795,0.000852346317969932,979.01685,0.35663095,0.8768944,1.3041921,24
2024-07-17,kumluca,30.492392,60.638107,0.0,980.62616,1.7312387,1.0679196,2.2653646,24
2024-07-18,kumluca,31.341461,56.330265,0.000852346317969932,980.48145,1.3158308,0.72916365,1.9637784,24
2024-07-19,kumluca,32.97101,48.884525,0.0021398063836386427,978.148,0.9828205,-0.1689167,1.6114937,24
2024-07-20,kumluca,33.429413,40.48193,0.0008595657732257678,976.9858,0.7468192,-0.8915734,2.8723156,24
2024-07-21,kumluca,32.717213,42.280914,0.002580881073299679,978.626,1.4370518,0.3656347,2.522679,24
2024-07-22,kumluca,32.1309,50.81453,0.000852346317969932,979.01685,1.6099535,0.8795112,2.4454756,24
2024-07-23,kumluca,31.3367,60.809845,0.0,979.09955,0.35128975,0.8663562,1.6506495,24
2024-07-24,kumluca,30.593863,64.45896,0.000852346317969932,976.54364,0.4856116,0.78626317,1.2487702,24
2024-07-25,kumluca,29.562225,67.63611,0.0034391878216410987,974.7608,0.8826186,1.219159,1.7657782,24
2024-07-26,kumluca,29.22702,65.81666,0.3802478313446045,976.0572,0.6064498,0.267754,1.7990805,24
2024-07-27,kumluca,31.428345,44.70604,0.0,980.9234,-0.40406227,-1.4012307,3.0343037,24
2024-07-28,kumluca,31.455963,39.963657,0.0008583068620282575,984.0373,0.32444444,-1.1301943,3.237686,24
2024-07-29,kumluca,31.330414,49.074738,0.0021427867977763526,980.10474,1.0590254,0.16833155,2.5159543,24
2024-07-30,kumluca,31.54827,46.49289,0.0008523463748133508,976.36505,0.97063446,0.37243935,1.8780423,24
2024-07-31,kumluca,32.361835,38.549282,0.000852346317969932,978.5859,-0.047968548,-1.2010015,2.9015481,24
2024-08-01,kumluca,31.301056,46.778625,0.0021312280296115205,980.09326,1.2556953,0.5196902,2.4886935,24
2024-08-02,kumluca,30.496408,50.13841,0.000852346317969932,979.3299,2.1302643,1.1302115,2.7320325,24
2024-08-03,kumluca,29.857767,59.983395,0.0013009248505113646,978.1226,1.202816,1.2193903,2.0997107,24
2024-08-04,kumluca,29.762625,60.319485,0.0,979.2768,0.72449684,1.0188993,2.1324058,24
2024-08-05,kumluca,29.447348,57.70711,0.0,979.51337,1.3507589,1.266415,2.2020938,24
2024-08-06,kumluca,29.556314,65.29053,0.0,979.2526,0.70595485,1.2680601,1.7111589,24
2024-08-07,kumluca,29.386923,70.71719,0.0,979.6077,-0.13027255,0.6791312,1.2843913,24
2024-08-08,kumluca,29.615915,68.82975,0.0,981.08417,-0.513244,1.0536368,1.3867015,24
2024-08-09,kumluca,29.390036,68.90477,0.0,981.9401,0.6197923,1.365821,1.6233772,24
2024-08-10,kumluca,29.243814,70.467224,0.1768171787261963,982.37994,0.73235255,1.2149987,1.5346271,24
2024-08-11,kumluca,30.507345,63.88959,0.0008583068620282575,981.4056,0.17374754,0.6046993,1.5697271,24
2024-08-12,kumluca,32.294636,39.862732,0.0008583068620282575,980.5528,0.6724097,-0.9138367,2.7114685,24
2024-08-13,kumluca,31.670877,40.148567,0.0,980.9887,0.72555476,-0.11094451,2.2873793,24
2024-08-14,kumluca,31.29303,47.167206,0.0,981.6765,1.4604893,0.60486186,2.0881479,24
2024-08-15,kumluca,31.521688,48.796448,0.0,981.28204,1.1674709,0.37073871,1.815466,24
2024-08-16,kumluca,32.432312,42.867916,0.0008583068620282575,979.3775,0.46534857,-0.485649,2.034847,24
2024-08-17,kumluca,32.179516,33.305332,0.0,977.73956,0.25974655,-0.79570264,3.1477633,24
2024-08-18,kumluca,30.243216,46.933903,0.0008583068620282575,979.5161,0.54548645,0.6813075,1.8039042,24
2024-08-19,kumluca,28.727945,59.90668,0.0,982.3203,0.28991637,0.7602892,1.7225186,24
2024-08-20,kumluca,29.520578,64.7947,0.0008546918479623855,982.5135,0.83104414,1.0025338,1.8441911,24
2024-08-21,kumluca,29.652008,62.379025,6.347136149997823e-07,979.199,1.667529,1.374195,2.693148,24
2024-08-22,kumluca,27.743643,69.40703,0.016304501514241565,979.23175,0.55303186,0.7528469,1.3922065,24
2024-08-23,kumluca,27.924072,71.74914,0.0029968205126351677,982.4077,-0.20732625,0.83579034,1.4945006,24
2024-08-24,kumluca,29.703531,67.82047,0.8973479270935059,982.3584,1.3360087,0.8676019,1.9699014,24
2024-08-25,kumluca,29.662912,60.50176,0.09356737126609005,980.2735,0.5033531,0.24104576,1.8037969,24
2024-08-26,kumluca,29.23468,61.020184,0.0,981.69775,0.32124647,0.7167652,1.7593931,24
2024-08-27,kumluca,28.160868,64.87553,0.09182095527648926,983.29144,1.0953884,0.88587,2.089708,24
2024-08-28,kumluca,28.172434,64.12465,0.0008583068620282575,984.7837,1.2319654,0.82213306,1.8149396,24
2024-08-29,kumluca,28.394592,66.05932,0.03947615550714545,983.7505,1.0633558,0.57632446,1.639842,24
2024-08-30,kumluca,28.628977,61.67992,0.0,982.6907,1.1791261,0.5538953,1.9644183,24
2024-08-31,kumluca,28.574991,57.479107,0.0021487467165570706,981.9861,1.6092058,0.80047995,2.1950765,24
2024-09-01,kumluca,27.254913,61.37447,0.09441672591492534,981.7861,1.547535,0.8238322,2.2609582,24
2024-09-02,kumluca,24.942749,74.326965,3.5224794410169125,985.79865,0.34843826,0.31037712,1.0027956,24
2024-09-03,kumluca,26.359488,72.99385,0.572490505874157,986.67584,1.0801144,0.33662632,1.7551125,24
2024-09-04,kumluca,28.039083,65.67508,0.0004351138045421976,983.81616,1.3475162,0.51369315,1.772428,24
2024-09-05,kumluca,28.312033,63.47965,0.0,982.41095,1.1425352,0.52439904,1.7914314,24
2024-09-06,kumluca,28.92216,63.34343,0.554889440536499,982.7935,1.3792795,0.025194803,1.8767885,24
2024-09-07,kumluca,29.512045,57.777836,0.0,983.4245,1.1606588,0.36720085,1.7814478,24
2024-09-08,kumluca,28.181437,60.278717,0.0017098388411795895,982.21094,-1.0775262,-0.58850396,1.8075355,24
2024-09-09,kumluca,27.116669,69.87388,0.19140240419801557,983.43945,-2.3948936,-0.62560946,2.7513046,24
2024-09-10,kumluca,26.031677,72.62095,0.3210277791367844,982.8443,0.532823,1.0988702,2.112916,24
2024-09-11,kumluca,25.760345,69.67013,0.5729228141717613,984.147,1.6150812,2.0108078,2.6781235,24
2024-09-12,kumluca,26.181793,68.888756,0.06737411058566067,986.06396,0.81813115,0.8479945,2.034221,24
2024-09-13,kumluca,26.99227,63.869217,0.0017310112525592558,983.94214,1.6989288,0.982251,2.3448856,24
2024-09-14,kumluca,27.56128,61.13371,0.0,981.79535,1.5091406,0.6526359,2.1469724,24
2024-09-15,kumluca,26.791718,59.803493,0.002585224933682184,979.2375,2.7154827,0.87830067,3.1227791,24
2024-09-16,kumluca,25.162466,58.606007,0.0021475738094522967,980.5449,2.535815,1.2448857,3.0130408,24
2024-09-17,kumluca,24.806265,62.847992,0.06394088268280029,985.249,1.6354256,0.7290924,2.2397053,24
2024-09-18,kumluca,25.438547,63.967007,0.0008583068620282575,986.68304,1.4765987,0.7285614,2.145725,24
2024-09-19,kumluca,25.358093,64.72299,0.010285081771144178,984.1652,1.2729563,0.65018255,1.8907676,24
2024-09-20,kumluca,24.927744,66.83439,3.3083558482758235,984.34625,0.43358803,0.03554046,1.566648,24
2024-09-21,kumluca,24.575857,69.31885,5.114221479743719,984.3942,0.20240848,-0.46750164,1.1892155,24
2024-09-22,kumluca,23.096588,72.53214,8.70880763977766,984.5749,0.07876142,-0.5146543,1.380356,24
2024-09-23,kumluca,23.19043,68.42739,0.18410981283523142,986.25946,0.17844264,-0.22721434,1.9452022,24
2024-09-24,kumluca,23.537283,71.835266,0.0008435492873104522,989.03174,0.5405248,0.04443896,1.6272126,24
2024-09-25,kumluca,24.226297,69.51334,3.259913228248479e-06,989.0786,1.4515234,0.20969565,2.0414774,24
2024-09-26,kumluca,25.20163,64.16978,0.0,987.1514,1.2182655,-0.05489862,2.0060334,24
2024-09-27,kumluca,25.660889,62.98975,0.0004351138045421976,985.6106,1.0167866,-0.18887775,1.8339643,24
2024-09-28,kumluca,25.927338,61.992123,0.0008583068051848386,984.5811,1.0068086,0.07454046,1.8197109,24
2024-09-29,kumluca,25.941153,63.715942,0.0004351138045421976,982.7571,0.8753001,0.41297698,1.5264053,24
2024-09-30,kumluca,24.061636,74.38426,2.6693486142903566,980.2967,1.0574112,0.48691455,2.531867,24
2024-10-01,kumluca,21.85556,72.64345,2.0161569118499756,981.1167,0.042303085,-0.25532475,1.5211211,24
2024-10-02,kumluca,21.691254,68.79087,0.03134012149530463,984.6904,0.8081042,-0.1579113,1.9808388,24
2024-10-03,kumluca,22.450571,69.57159,0.0012874597814516164,989.3804,-0.10388247,0.45435333,1.3033068,24
2024-10-04,kumluca,22.982737,74.3608,0.0013077157632324088,989.7613,1.3759817,0.75108653,1.8271817,24
2024-10-05,kumluca,24.26831,70.75928,0.0004357596594672941,987.42725,1.2760015,0.4478848,1.7567526,24
2024-10-06,kumluca,23.871552,73.44479,0.0008583068620282575,986.26154,-0.49311233,0.006084005,1.4132603,24
2024-10-07,kumluca,24.382944,74.26231,0.008150935173034668,987.764,1.5158772,1.1075449,2.3422732,24
2024-10-08,kumluca,23.554422,73.5514,0.008597970008850098,990.36005,0.9462884,0.29107928,1.6351346,24
2024-10-09,kumluca,23.580942,76.6233,0.0,989.4627,0.31653467,0.51846164,1.1751939,24
2024-10-10,kumluca,23.196371,78.589745,0.0038698572097928263,986.7464,0.8735129,0.9254182,1.6135931,24
2024-10-11,kumluca,23.310862,80.16604,0.7106711555024958,985.7609,0.516257,0.54736614,1.5618943,24
2024-10-12,kumluca,23.585876,81.62548,0.04634261131286621,986.957,0.81167984,0.9936822,1.6209493,24
2024-10-13,kumluca,23.410635,84.57885,1.2072279350832105,987.02313,1.0126826,1.4474783,1.8242579,24
2024-10-14,kumluca,23.170218,82.8524,1.404619193635881,986.26605,-0.36309943,0.2388457,0.9444383,24
2024-10-15,kumluca,23.063303,81.30835,0.23561716079711914,987.5601,-0.5459652,0.05215164,1.2752683,24
2024-10-16,kumluca,24.05368,74.52851,0.012868642443208955,988.23676,1.1563524,0.45744142,1.5958214,24
2024-10-17,kumluca,23.621735,55.644104,0.016319849237333983,987.2917,-1.3656616,-2.1777005,2.629514,24
2024-10-18,kumluca,21.314962,29.49095,0.0017046926927832828,988.63605,-1.670756,-2.8408234,3.5107253,24
2024-10-19,kumluca,19.36435,52.516663,0.006859311724838335,991.7578,-0.6386159,-0.83794785,1.889959,24
2024-10-20,kumluca,19.56543,58.680878,0.0017295787984039634,995.258,-0.36905417,-0.666811,2.3224652,24
2024-10-21,kumluca,19.952362,53.59471,0.0008453411055597826,996.2264,-0.86028415,-1.6267542,2.3825243,24
2024-10-22,kumluca,20.432526,36.443848,0.0008523463748133508,995.9927,-1.9983133,-3.7065942,4.2746296,24
2024-10-23,kumluca,19.421732,47.12402,0.0008583068620282575,996.9028,-0.6946742,-1.3502216,2.475002,24
2024-10-24,kumluca,19.295206,62.928738,0.0,996.2632,0.46550116,-0.30420884,2.1634417,24
2024-10-25,kumluca,19.727365,53.04132,0.0017106531799981894,993.841,-0.9987348,-1.1521641,2.3058307,24
2024-10-26,kumluca,19.801605,53.60986,0.0008701620686224487,993.726,-0.016698837,-1.14652,2.0939617,24
2024-10-27,kumluca,20.048513,53.22162,0.0,995.41486,-0.0805734,-0.80708504,2.206899,24
2024-10-28,kumluca,20.02299,63.1954,0.0,993.33716,0.6787567,-0.08115133,1.6544628,24
2024-10-29,kumluca,19.841898,54.020096,0.0,990.00824,-0.27167383,-0.92131966,2.0213225,24
2024-10-30,kumluca,20.165182,52.12732,0.0,988.059,0.07694837,-1.377531,2.4098403,24
2024-10-31,kumluca,20.050497,49.685467,0.0,988.5512,-1.4068598,-2.0290744,2.7288868,24
2024-11-01,kumluca,20.577341,49.447495,0.000852346317969932,990.7601,-0.949131,-2.31311,2.679285,24
2024-11-02,kumluca,20.687256,51.106358,0.3330230829305947,990.6551,-0.42176756,-1.3359617,2.0361917,24
2024-11-03,kumluca,20.484274,52.502945,0.0025693825591588393,989.80176,0.8021075,-0.30659738,1.7480668,24
2024-11-04,kumluca,19.069376,51.835236,8.557435648981482e-06,989.9637,-1.6599249,-2.1384807,2.9959795,24
2024-11-05,kumluca,18.107431,57.967243,0.000852346317969932,992.58795,-0.588124,-0.98905784,1.6828151,24
2024-11-06,kumluca,18.006622,54.180065,0.0008619792879471788,995.989,-0.8621073,-1.2162743,2.3565233,24
2024-11-07,kumluca,17.827454,53.197353,0.0017115757486863004,997.669,-0.7701104,-1.4395739,2.2100656,24
2024-11-08,kumluca,17.77481,49.680176,0.0008523463748133508,995.81757,-0.2930571,-1.4820954,2.215974,24
2024-11-09,kumluca,17.903076,46.480473,0.09655952453613281,992.2309,-1.037845,-1.7422951,2.3065438,24
2024-11-10,kumluca,17.057861,60.585697,8.37965589016676,989.8408,-0.53096336,-3.1213171,3.3926327,24
2024-11-11,kumluca,16.282623,78.32188,0.6304025591816753,992.4661,0.51029223,-0.26601756,2.0522745,24
2024-11-12,kumluca,16.8543,77.209404,0.003427267074584961,994.48975,0.51502156,-0.24148107,1.6039416,24
2024-11-13,kumluca,17.593588,72.275406,0.000852346317969932,995.0737,0.9973793,-0.1668911,1.6568489,24
2024-11-14,kumluca,17.9033,72.92616,0.001293420325509942,992.5173,0.5632846,-0.2750721,1.6262684,24
2024-11-15,kumluca,16.482422,82.29313,3.163296054140119,989.60065,1.0411814,-0.40021706,2.2249475,24
2024-11-16,kumluca,15.522441,87.819405,6.8183718249201775,989.27057,0.55739015,0.12521489,1.5053916,24
2024-11-17,kumluca,14.768758,88.302986,3.724217414855957,985.6421,1.2546946,0.7405589,1.5445963,24
2024-11-18,kumluca,14.634288,81.01262,1.1076360824517906,985.47894,0.41970763,-0.29821146,1.8005024,24
2024-11-19,kumluca,14.1388855,82.67602,1.0956422192975879,989.38794,0.40471938,-0.37780416,1.5054183,24
2024-11-20,kumluca,14.402191,76.824104,0.017158687114715576,990.37067,1.15787,0.27167025,1.7390677,24
2024-11-21,kumluca,14.968486,90.204796,13.126526027917862,989.19196,1.5118867,1.3280576,2.1772883,24
2024-11-22,kumluca,17.191538,88.27759,1.3956070179119706,991.1939,0.8749568,0.93422383,1.7063422,24
2024-11-23,kumluca,17.005625,88.432945,2.64528370462358,990.6338,2.2777176,1.8108778,3.011575,24
2024-11-24,kumluca,11.374207,46.624863,4.8455598298460245,991.85693,-0.71096104,-4.5640645,5.028581,24
2024-11-25,kumluca,9.633901,39.100433,0.0008583068620282575,994.03375,-1.9401277,-4.877929,5.268721,24
2024-11-26,kumluca,10.743215,58.696888,0.0,993.47925,0.3243847,-0.7011445,2.2987373,24
2024-11-27,kumluca,11.466197,74.020775,0.0,995.09686,-0.63340074,-0.81722766,1.3574005,24
2024-11-28,kumluca,12.662415,71.17298,0.001718990461085923,997.56177,-0.55073166,-0.9347566,1.541752,24
2024-11-29,kumluca,13.362396,75.044075,0.0012934206097270362,997.0778,-0.12888336,-0.18204744,1.1058577,24
2024-11-30,kumluca,14.271474,78.49117,0.1004338264465332,997.8176,-0.89306,-0.16146214,1.2319553,24
2024-12-01,kumluca,13.874359,84.32426,1.3076334726065397,995.9416,-0.20944786,0.015092771,1.2568825,24
2024-12-02,kumluca,13.986969,90.07731,7.147985743358731,992.11896,-0.30849138,-0.122101784,1.0612379,24
2024-12-03,kumluca,13.082916,91.74923,14.901476912200451,988.30035,-0.21277364,0.5060837,0.94423074,24
2024-12-04,kumluca,12.980519,80.123436,0.46604275121353567,990.169,0.021489462,-0.5721577,1.6438522,24
2024-12-05,kumluca,13.107097,83.153915,2.123470156220719,994.79645,-1.3721962,-0.9099064,1.8854076,24
2024-12-06,kumluca,14.270966,80.344574,1.1488378513604403,995.8118,-1.6453094,-1.7733574,2.469805,24
2024-12-07,kumluca,14.083435,76.54092,23.213326930999756,992.697,-0.7935316,-1.7713953,2.339961,24
2024-12-08,kumluca,13.842072,83.41979,3.3641457557678223,991.8987,1.1231594,0.7322553,1.4996152,24
2024-12-09,kumluca,15.34319,83.27935,4.192824941128492,997.0251,0.38905883,0.8382209,1.268828,24
2024-12-10,kumluca,15.447835,83.83044,1.1552751529961824,998.019,0.080026306,0.42061353,0.96003604,24
2024-12-11,kumluca,14.808014,83.979385,0.1115649938583374,995.35126,1.6641058,0.6001522,2.0274656,24
2024-12-12,kumluca,13.614614,81.92801,10.324561037123203,992.7017,-0.56051517,-0.90019923,1.6720768,24
2024-12-13,kumluca,13.080577,59.968,4.6566128730773926e-05,994.83276,-1.2194818,-2.8732555,3.1945436,24
2024-12-14,kumluca,12.2465925,61.31007,0.04721283767139539,999.88403,-0.8877551,-1.4128475,2.2066376,24
2024-12-15,kumluca,13.245107,73.19391,4.862725741986651,999.5991,0.6854953,1.2007767,1.7295939,24
2024-12-16,kumluca,13.184245,84.84135,12.291812803596258,995.57477,0.79915243,0.24019623,2.2889907,24
2024-12-17,kumluca,12.400493,63.09941,0.0008596848033448623,999.3001,-0.66200143,-1.4991589,2.2858443,24
2024-12-18,kumluca,13.278157,77.81126,0.001289829015149735,997.3823,0.8460088,-0.1761233,1.290748,24
2024-12-19,kumluca,13.085164,79.37538,0.0008493365157846711,992.5245,-0.26693544,-0.4098806,1.4385022,24
2024-12-20,kumluca,13.6467285,82.257416,0.5733668804168701,989.3779,1.7015282,0.6599054,2.084735,24
2024-12-21,kumluca,13.056722,91.65745,13.537198305130005,989.32904,3.0611694,1.5981808,3.6612966,24
2024-12-22,kumluca,12.948894,70.10146,0.007280437785084359,988.8343,2.908139,0.5409457,3.1752975,24
2024-12-23,kumluca,12.783783,72.3476,0.15106797400221694,986.1155,0.82625455,0.5204627,1.5140725,24
2024-12-24,kumluca,12.624431,86.059105,31.24622069299221,985.0877,1.6599623,3.2827995,3.8381798,24
2024-12-25,kumluca,11.019948,88.94146,28.330588713288307,985.4848,0.38274956,1.6828276,2.718218,24
2024-12-26,kumluca,10.930318,90.197716,11.944192461669445,988.0823,-2.4973571,-1.9895287,3.214115,24
2024-12-27,kumluca,11.236989,79.185905,10.947264730930328,987.0197,-1.9798077,-1.6943513,3.1045828,24
2024-12-28,kumluca,10.320943,89.16611,7.950097322463989,988.39496,0.6937048,0.21957171,1.5623747,24
2024-12-29,kumluca,9.328542,84.044334,5.67341735586524,991.53326,0.50658005,0.4352932,1.6196173,24
2024-12-30,kumluca,10.29601,70.10532,0.9171068668365479,991.82404,-0.7943899,-2.208376,2.4462144,24
2024-12-31,kumluca,11.145752,65.04607,0.0008583301678299904,997.8291,0.23829524,-1.5232291,1.8932179,24
2025-01-01,kumluca,10.418274,76.6164,0.0,1002.9035,-0.015714249,-0.9163495,1.3253533,24
2025-01-02,kumluca,11.793793,77.23375,0.08969008922576904,1002.7955,0.11688793,-0.204899,1.0920815,24
2025-01-03,kumluca,11.645213,79.473495,0.82697271136567,999.6494,0.02103424,-0.019566337,1.2282813,24
2025-01-04,kumluca,12.019551,87.50472,9.648680686950684,995.543,-0.078010045,-0.07007456,1.1209191,24
2025-01-05,kumluca,12.843455,82.553604,1.977980136871338,991.86456,-0.56427044,-1.0215597,2.1524127,24
2025-01-06,kumluca,11.946727,78.29815,1.0158102959394455,994.6237,-0.2300208,-0.81926554,1.4909533,24
2025-01-07,kumluca,12.733174,80.901695,0.7420128094963729,999.70844,-0.9661681,-0.19054031,1.4654322,24
2025-01-08,kumluca,13.415039,81.869225,0.7814749260433018,999.25653,-0.8100154,-0.13446932,1.1271292,24
2025-01-09,kumluca,12.953044,82.44484,0.0,995.57855,-0.47707498,-0.7107262,1.1582192,24
2025-01-10,kumluca,13.460999,68.809326,0.0021506893972400576,991.33984,0.121774755,-0.7732932,1.2293053,24
2025-01-11,kumluca,12.360728,80.485634,0.7445841911248863,991.79755,1.087303,0.33557448,1.7198335,24
2025-01-12,kumluca,12.994222,86.68625,1.3904720544815063,993.84796,0.32372794,0.3321425,1.2698196,24
2025-01-13,kumluca,14.191254,83.20327,1.2835830566473305,996.2939,0.413105,0.27700886,0.8330586,24
2025-01-14,kumluca,13.175008,86.303276,1.8719732179306448,995.7483,-1.1885,-0.9707875,1.7434164,24
2025-01-15,kumluca,12.950908,84.29159,1.5119132585823536,993.2144,0.82814914,0.2274971,1.7952329,24
2025-01-16,kumluca,12.492706,80.450264,0.43685431592166424,997.7491,0.5045929,-0.37929472,1.3972722,24
2025-01-17,kumluca,12.631297,66.83381,0.00514984139954322,1000.58636,-0.72028035,-2.1108825,2.5954363,24
2025-01-18,kumluca,12.067403,76.95212,0.000852346317969932,997.435,1.0586141,-0.2979982,1.6803716,24
2025-01-19,kumluca,12.570679,71.81457,0.0013043331819062587,994.41846,1.1456629,-0.40547326,1.7640401,24
2025-01-20,kumluca,13.781301,69.1486,0.0008463860581287008,993.32135,0.6146874,-0.48101774,1.3677934,24
2025-01-21,kumluca,12.782318,82.3395,1.8685311079025269,996.701,-1.5312214,-0.57063466,1.9482198,24
2025-01-22,kumluca,12.663066,84.165596,9.55038028769195,993.7984,-0.35694757,-0.59663475,1.0019445,24
2025-01-23,kumluca,11.20047,82.42983,1.0574448970146477,994.42914,-0.5064042,-1.4572911,1.7333683,24
2025-01-24,kumluca,10.978435,86.910805,2.646588545758277,995.97095,-1.1072483,-0.42950264,1.4838434,24
2025-01-25,kumluca,11.431315,91.78887,30.844107852317393,994.7644,-0.776087,0.7319996,1.4500141,24
2025-01-26,kumluca,12.730123,79.08555,20.64271830022335,995.6058,-1.6695105,-0.48853907,2.2335339,24
2025-01-27,kumluca,12.068115,81.55219,0.011163950148329604,995.91046,1.0914154,-0.18304189,1.6253194,24
2025-01-28,kumluca,12.111318,80.71877,0.07681846909690648,996.62897,-1.1449764,-1.0086931,1.7072557,24
2025-01-29,kumluca,12.235759,82.97453,0.6484391051344573,998.90137,-0.16708462,-0.31076494,1.4306717,24
2025-01-30,kumluca,12.569478,80.1722,0.024455785023747012,999.4423,-0.061319232,0.10854721,1.2579931,24
2025-01-31,kumluca,12.471893,80.55261,0.18625259690452367,996.7578,1.1225528,0.07600784,1.8045574,24
2025-02-01,kumluca,12.890391,74.76606,0.0008732080232221051,996.8641,0.86809325,-0.18001492,1.6963035,24
2025-02-02,kumluca,13.453217,75.26773,0.0025925666022885707,996.6421,0.32953516,0.11889458,1.2784778,24
2025-02-03,kumluca,13.277049,81.36097,0.002574920245024259,993.06226,1.0083402,0.3903656,1.5085397,24
2025-02-04,kumluca,12.737854,85.85929,3.172299265543188,989.63055,0.720988,0.15333112,1.4573203,24
2025-02-05,kumluca,10.463185,63.20122,6.585377501323819,985.10077,-1.116044,-3.5622509,3.9028454,24
2025-02-06,kumluca,7.730306,35.174686,0.003004073732881807,989.94653,-0.25267756,-4.816461,4.9310575,24
2025-02-07,kumluca,7.8204346,39.68929,0.0004351138045421976,994.99457,-1.0880831,-4.718207,4.85838,24
2025-02-08,kumluca,9.22289,54.426228,0.0060051679611206055,995.5642,-0.5853398,-1.5973867,2.0604327,24
2025-02-09,kumluca,9.255635,66.07441,0.0017285346984863281,992.6614,-0.7379587,-1.635341,2.23329,24
2025-02-10,kumluca,8.945709,60.464283,0.58793427888304,992.1992,-1.0661069,-1.9787135,2.5057013,24
2025-02-11,kumluca,7.6166587,69.432014,0.8419930818490684,993.89166,-0.24275398,-1.3031335,2.0524447,24
2025-02-12,kumluca,7.566335,65.05785,0.36348699359223247,994.00714,-0.67537624,-1.4790272,1.9235383,24
2025-02-13,kumluca,8.349965,52.014095,0.0017298234524787404,994.99634,0.13812065,-0.79941726,2.1085336,24
2025-02-14,kumluca,10.50883,66.01336,0.0017225738702109084,995.5515,0.5711441,0.12092248,1.3383012,24
2025-02-15,kumluca,10.617818,75.30127,0.017166843463201076,993.1248,-1.1468703,-0.6790549,1.5709342,24
2025-02-16,kumluca,11.093068,80.220055,0.2939760743174702,990.25104,0.52089757,0.0049451194,1.5512146,24
2025-02-17,kumluca,10.831553,87.60321,6.167369894683361,990.44806,-0.43764052,-0.24612999,1.2499487,24
2025-02-18,kumluca,11.890147,88.38312,9.593725204467773,990.80756,0.48026124,0.8037319,1.4957538,24
2025-02-19,kumluca,10.996409,83.682396,9.0731680393219,989.02734,-0.068841934,-0.86840755,1.8041824,24
2025-02-20,kumluca,9.007222,50.035732,1.1986494064331055,990.48145,-1.4024729,-3.696719,3.9933224,24
2025-02-21,kumluca,7.20459,36.648636,0.004726648057840066,994.19556,-2.5633957,-4.773419,5.4436355,24
2025-02-22,kumluca,5.4814897,35.632107,0.11977553685937892,996.8896,-2.1906579,-4.6767955,5.18562,24
2025-02-23,kumluca,5.49991,39.797607,0.001716613724056515,999.50244,-2.3315303,-2.690077,3.646946,24
2025-02-24,kumluca,5.4853005,51.343555,0.15283809625543654,1001.6402,-1.3731651,-1.1874118,2.7708213,24
2025-02-25,kumluca,7.019989,76.64609,4.362328705610707,999.7359,0.014223099,0.46045685,0.9352916,24
2025-02-26,kumluca,8.979817,80.65347,1.0703124571591616,997.029,0.38406754,0.044958115,1.4096565,24
2025-02-27,kumluca,10.031117,81.69446,0.30470278579741716,997.47675,0.22768657,0.10284742,1.7684804,24
2025-02-28,kumluca,10.397095,89.25176,5.889701831620187,993.57306,-0.46136603,-0.5124855,1.3121839,24
2025-03-01,kumluca,11.060588,82.35383,0.255778431892395,994.40894,1.2282524,0.09063848,1.8655602,24
2025-03-02,kumluca,12.125122,85.691826,1.8037438276223838,995.8024,0.7504069,0.24846523,1.8062326,24
2025-03-03,kumluca,12.004781,88.91443,5.2193403244018555,990.2065,0.21738024,-0.24464464,1.3425506,24
2025-03-04,kumluca,12.299724,67.929924,0.00302791585227169,987.81104,-0.6552569,-2.172514,2.453939,24
2025-03-05,kumluca,14.638988,58.97801,0.0004351138045421976,991.6682,-0.53474134,-1.8792334,2.6186984,24
2025-03-06,kumluca,15.095215,58.50221,0.0,995.17535,0.34540114,-1.3923773,1.981198,24
2025-03-07,kumluca,14.61443,62.489384,0.0,991.7744,0.32399622,-0.7578325,1.7896332,24
2025-03-08,kumluca,14.769124,64.767876,0.0025684157662908547,986.4322,1.6686949,0.18492138,2.2481272,24
2025-03-09,kumluca,13.681111,79.053825,0.029204080419731326,987.3776,0.42860666,-0.1384507,1.46219,24
2025-03-10,kumluca,13.891846,83.31434,0.02147555278497748,992.11774,0.5894839,0.38050723,1.4201628,24
2025-03-11,kumluca,13.85674,81.90533,0.0042530214159341995,995.6132,-0.12004598,0.2709819,1.0827588,24
2025-03-12,kumluca,13.804413,73.247505,0.0008583068620282575,995.2991,-0.99857014,-0.7034505,1.5768143,24
2025-03-13,kumluca,15.653707,62.79285,0.000852346317969932,992.4062,-0.94079524,-1.7394413,2.1065269,24
2025-03-14,kumluca,17.50825,58.839478,0.0012865057215094566,992.6785,0.0076408386,-0.9389712,1.8980981,24
2025-03-15,kumluca,18.888824,61.283512,0.0021521964299608953,994.6677,0.99038506,-0.17397857,1.659708,24
2025-03-16,kumluca,19.618814,57.226444,0.0017225738702109084,992.6717,0.8256276,0.13251114,1.648704,24
2025-03-17,kumluca,17.813507,65.20577,0.0,986.6446,0.95438194,1.2765542,1.8629279,24
2025-03-18,kumluca,16.053995,76.1101,1.3556837802752852,983.08374,1.3226027,0.5332274,2.2276359,24
2025-03-19,kumluca,11.855357,65.30328,16.487210988998413,984.58466,0.52628225,-2.517601,3.4438698,24
2025-03-20,kumluca,9.09494,37.08778,0.0,991.128,-0.64234084,-4.4553313,4.6412797,24
2025-03-21,kumluca,10.357625,48.015392,0.0012874601225121296,993.239,-0.8691146,-2.077505,2.9094546,24
2025-03-22,kumluca,11.113475,65.63958,0.008602404079738335,995.35065,1.0450363,0.39137268,1.9802109,24
2025-03-23,kumluca,12.645457,74.23872,0.0017143775039585307,999.4243,1.0113945,0.78257626,1.8575975,24
2025-03-24,kumluca,14.425232,80.59953,0.0008642673492431641,1001.8647,1.2397732,0.6172927,1.7772664,24
2025-03-25,kumluca,16.261251,76.77782,0.0008523463748133508,998.73444,1.1166984,0.7491239,1.732636,24
2025-03-26,kumluca,18.1904,68.794945,0.000852346317969932,991.8516,0.79052734,0.3891941,1.2926714,24
2025-03-27,kumluca,18.7111,62.80672,0.005590915861830581,986.6004,-1.1742376,-0.9268405,1.807054,24
2025-03-28,kumluca,18.879465,58.86897,0.08196260750992224,980.6115,-0.41450286,-0.70086557,2.5711832,24
2025-03-29,kumluca,15.462697,74.08618,0.021028257833677344,980.9611,3.2724159,2.0300665,4.1011825,24
2025-03-30,kumluca,13.757233,81.94211,0.4763542674481869,983.01215,2.070118,1.631874,2.830617,24
2025-03-31,kumluca,14.181529,75.71606,2.5436014402657747,985.8391,-1.5182825,-2.185585,2.85269,24
2025-04-01,kumluca,14.625295,79.132545,50.75811222195625,983.2007,-1.981851,-1.0710769,3.0089324,24
2025-04-02,kumluca,13.516337,87.19488,2.077537588775158,982.2138,2.2447212,1.8295488,3.119504,24
2025-04-03,kumluca,13.409088,84.16361,0.298681843560189,986.9339,0.9727027,0.2598567,2.0480664,24
2025-04-04,kumluca,13.5434065,83.08241,2.75044739828445,987.2304,-0.7659772,-0.45890555,1.4801526,24
2025-04-05,kumluca,14.106679,83.188774,2.1281896624714136,984.18866,1.6608707,1.3798784,2.6099932,24
2025-04-06,kumluca,13.893971,78.303444,0.15706958947703242,984.405,2.0264175,1.6051245,2.7530508,24
2025-04-07,kumluca,14.510417,80.74156,0.16306639008689672,986.95917,2.358366,1.7172576,3.1382897,24
2025-04-08,kumluca,15.030751,83.67979,0.5128383636474609,987.81866,0.53657657,0.57001424,1.8094717,24
2025-04-09,kumluca,13.989105,79.11858,14.107990078628063,983.70294,2.611538,0.39084002,2.788661,24
2025-04-10,kumluca,12.036336,62.129536,3.835756506305188,986.5166,0.33831534,0.40174904,1.7902595,24
2025-04-11,kumluca,12.818492,66.723206,5.488866940140724,983.6221,0.9588439,0.08283627,2.007935,24
2025-04-12,kumluca,12.33726,59.365982,2.0431869197636843,985.8776,-0.1710027,-0.15453465,2.7469609,24
2025-04-13,kumluca,13.404866,64.02098,0.5566358559008222,988.10693,-0.8396136,-1.2723116,3.0004933,24
2025-04-14,kumluca,13.88683,68.65735,0.007295608611457283,991.7812,-0.114416756,-0.24431904,1.9786564,24
2025-04-15,kumluca,14.832245,66.83623,0.0008472071613141452,993.3099,1.1151028,-0.24727969,2.5969217,24
2025-04-16,kumluca,17.36142,63.5695,0.0,994.25446,1.5628859,-0.058109283,2.1160722,24
2025-04-17,kumluca,18.065054,65.28118,0.0029980064937262796,994.02,-0.2287051,-0.2896893,1.7484809,24
2025-04-18,kumluca,18.963205,70.85141,0.0008665026030030276,990.0818,0.62824565,0.65322024,1.3113024,24
2025-04-19,kumluca,17.765533,80.79241,0.013738870620727539,986.31464,0.91296834,1.2087988,1.6735471,24
2025-04-20,kumluca,17.226013,83.83146,0.004279613676771987,985.29083,1.0166239,0.75391483,1.5643139,24
2025-04-21,kumluca,17.10256,83.99174,0.008158781383826863,985.90845,-0.41746774,0.573524,1.3803538,24
2025-04-22,kumluca,17.841593,75.944595,0.0030130713639664464,986.3587,-0.4109408,-0.034432728,1.6956477,24
2025-04-23,kumluca,20.160645,66.064156,0.0012874597814516164,982.7004,0.43787384,-0.3544127,2.091893,24
2025-04-24,kumluca,18.548971,74.920685,0.020607379155990202,980.72675,1.7375845,1.340993,2.4299972,24
2025-04-25,kumluca,16.79071,83.36281,3.791993673075922,982.7134,2.213321,1.1138515,2.910779,24
2025-04-26,kumluca,16.102722,83.16764,2.047926187515259,985.2461,0.7772357,0.74038714,2.0563076,24
2025-04-27,kumluca,16.960775,80.50802,0.16222299018409103,987.9202,0.43721834,0.28337952,1.5029883,24
2025-04-28,kumluca,17.87387,75.28205,0.02832528844010085,987.10614,0.8730666,0.289742,1.2688388,24
2025-04-29,kumluca,18.637878,71.07258,0.19139755750074983,984.9817,-0.025570551,0.10170809,1.1944404,24
2025-04-30,kumluca,17.124582,79.10265,9.584695100784302,983.39923,-0.8313675,-1.4170069,2.5775106,24
2025-05-01,kumluca,14.845134,87.18406,12.336443178355694,983.0317,0.29108557,1.4934229,1.9002644,24
2025-05-02,kumluca,15.733632,77.13404,0.6184011581353843,985.19525,-1.0018228,-0.009900808,1.5287366,24
2025-05-03,kumluca,17.31957,74.77219,0.16780197620391846,986.309,0.23025768,-0.19763716,1.2029169,24
2025-05-04,kumluca,17.836731,76.39541,1.217930344864726,985.7879,0.672198,0.1321917,1.3538318,24
2025-05-05,kumluca,19.225006,76.598625,0.05407929347711615,985.9412,1.224898,0.8013764,2.0315354,24
2025-05-06,kumluca,19.179312,81.04893,0.0017290449250140227,990.1052,0.46839777,0.63000995,1.4133147,24
2025-05-07,kumluca,19.50059,80.02522,0.0008469099839203409,991.68823,0.4321753,0.9454651,1.611291,24
2025-05-08,kumluca,20.401785,73.31383,0.19312501444801455,989.0024,0.5320657,0.6815045,1.6173368,24
2025-05-09,kumluca,21.519003,70.90514,0.04291832374292426,988.69,0.4122715,0.4004701,1.4505954,24
2025-05-10,kumluca,22.722952,63.95975,0.00514984139954322,987.90845,0.73616856,0.6429998,1.7220182,24
2025-05-11,kumluca,21.371328,74.09831,0.0008583068620282575,983.71344,-0.36981836,0.48220268,1.2122028,24
2025-05-12,kumluca,20.913818,75.722176,1.1136531829833984,979.4941,1.2107906,0.48818398,1.807594,24
2025-05-13,kumluca,20.030222,71.73179,2.581351902335882,978.87775,1.8516496,0.004876097,2.0931356,24
2025-05-14,kumluca,20.228506,68.90894,0.24932622909545898,982.6604,0.5892442,0.1459666,1.505124,24
2025-05-15,kumluca,19.542389,74.28725,0.0017118391042458825,986.8588,0.21557935,0.4191185,1.6050478,24
2025-05-16,kumluca,18.795176,74.293755,0.009018182936415542,989.98895,-2.0866508,-0.22274828,2.219004,24
2025-05-17,kumluca,19.688019,70.75029,0.0017166139514301904,988.01666,-0.48074532,0.35694644,1.9023191,24
2025-05-18,kumluca,21.275604,73.43789,0.23475289344787598,988.6491,1.3006306,0.75003177,1.8721429,24
2025-05-19,kumluca,21.502563,64.14908,0.0017136393353212043,989.45746,1.3796235,0.71568936,1.9686099,24
2025-05-20,kumluca,21.711935,64.46316,0.0017081086411963042,987.61993,0.7397925,0.22039597,1.6283312,24
2025-05-21,kumluca,23.007355,60.01048,0.002145116923202295,988.31683,0.4981664,0.4081882,1.891077,24
2025-05-22,kumluca,24.477152,54.805874,0.0,986.821,1.3919201,0.4722182,2.0853264,24
2025-05-23,kumluca,25.615335,46.474377,0.0,983.66644,1.3656254,0.2289141,2.3101482,24
2025-05-24,kumluca,26.844168,45.940205,0.01888275073724799,984.69135,1.2475218,0.23375893,1.9452027,24
2025-05-25,kumluca,26.90148,42.91676,0.0008523456926923245,984.38257,1.1891226,0.72905606,2.2200568,24
2025-05-26,kumluca,24.798096,53.315414,0.11157989501953125,981.4561,-0.229091,0.500377,1.7733086,24
2025-05-27,kumluca,23.62383,61.14537,0.0008612871056357108,980.5029,0.980896,0.7358367,1.7936126,24
2025-05-28,kumluca,22.710226,65.71708,0.05578994733923537,982.40533,0.6246821,0.7672246,1.8416257,24
2025-05-29,kumluca,21.40101,67.22315,0.9183883666992188,982.0271,0.69367343,0.52289003,1.411753,24
2025-05-30,kumluca,19.670746,79.14931,2.8989315032958984,983.51434,0.22849464,0.42887953,1.554145,24
2025-05-31,kumluca,18.654428,76.14742,3.521219128742814,985.9605,-2.0115433,-0.77641624,2.328132,24
2025-06-01,kumluca,19.254202,76.556786,1.3689909828826785,987.64087,1.6292839,1.0488458,2.09222,24
2025-06-02,kumluca,21.013062,78.47864,0.35662949085235596,989.9793,1.3229446,0.59417266,1.7766247,24
2025-06-03,kumluca,23.331442,65.72503,0.01888871156552341,989.3743,1.3614298,0.19081156,1.8348899,24
2025-06-04,kumluca,24.94396,56.991962,0.0008583068620282575,988.61914,1.5504755,-0.09148153,2.2253115,24
2025-06-05,kumluca,26.29252,51.562862,0.0,988.0446,1.0698534,0.23118496,2.200956,24
2025-06-06,kumluca,27.05832,52.648876,0.0,986.4912,1.2813185,0.61244875,2.0270228,24
2025-06-07,kumluca,28.32081,47.070236,0.0004410743486005231,985.0413,0.76772434,0.4413464,1.6883231,24
2025-06-08,kumluca,28.104116,51.05777,0.0008583068620282575,983.3338,1.2823004,0.45408407,1.9511255,24
2025-06-09,kumluca,28.414968,50.367874,0.0008702277796146518,983.095,0.548584,0.61787,1.6660732,24
2025-06-10,kumluca,28.517374,50.52014,0.000852346317969932,982.087,0.2068545,0.53429604,1.2520066,24
2025-06-11,kumluca,29.032492,50.535145,0.0,980.9477,0.544473,0.46433282,1.5167884,24
2025-06-12,kumluca,29.52471,49.46612,0.0,982.6389,0.4924736,0.41149354,1.6964135,24
2025-06-13,kumluca,28.933533,54.525223,0.0008583068620282575,983.3188,0.5111968,0.81753683,1.5193669,24
2025-06-14,kumluca,27.914236,59.74957,0.0017225738702109084,982.47455,0.87980586,0.90651006,1.6168919,24
2025-06-15,kumluca,27.634165,56.364048,0.0025667541194707155,981.667,0.1787014,0.08626071,1.6107502,24
2025-06-16,kumluca,27.329031,44.28941,0.002158694769605063,982.35675,-0.21225102,-0.7670615,2.6707351,24
2025-06-17,kumluca,27.487976,40.008724,0.0,984.1805,0.23603821,-1.0284445,2.92921,24
2025-06-18,kumluca,27.8184,38.54218,0.0012853206499130465,986.0551,0.37264505,-0.76830786,2.7985466,24
2025-06-19,kumluca,28.467987,42.17651,2.1391315385699272e-06,985.25903,1.1848501,-0.20323277,2.2905529,24
2025-06-20,kumluca,29.44571,42.991505,0.0008463858875984442,982.8078,1.340388,0.6344543,2.2336156,24
2025-06-21,kumluca,28.607584,51.088573,0.002562998815847095,982.0708,0.055575054,0.22449775,1.4795879,24
2025-06-22,kumluca,28.424826,53.76624,0.0008642676903036772,982.6381,0.43253455,0.385584,1.3441736,24
2025-06-23,kumluca,28.947998,39.555252,0.00043682769046426984,983.16187,0.41018677,-0.9321892,2.6168277,24
2025-06-24,kumluca,28.941742,38.961483,0.0012837981557822786,983.1316,1.0005646,-0.45134315,2.6692216,24
2025-06-25,kumluca,29.958405,40.149727,0.0008523463748133508,981.9698,1.0968634,0.13263066,2.0920293,24
2025-06-26,kumluca,31.007507,37.241985,0.0,980.75,1.135163,-0.14064217,2.1678636,24
2025-06-27,kumluca,32.217876,33.83962,0.0,980.28937,0.12777202,-1.1607355,3.0284808,24
2025-06-28,kumluca,31.757467,35.247166,0.0012878535926574841,976.7871,1.1500072,-0.15925665,2.4733794,24
2025-06-29,kumluca,31.246317,34.00128,4.426510713528842e-06,975.02435,-1.1245829,-2.479474,2.9170067,24
2025-06-30,kumluca,28.941467,32.25597,0.0004261731874066754,979.5877,-1.0618063,-2.5070496,4.515514,24
2025-07-01,kumluca,28.637177,45.893375,0.0,980.4368,1.6058074,0.53695035,2.4578316,24
2025-07-02,kumluca,29.996023,43.114,0.000852346317969932,980.5791,0.7434395,-0.1898926,2.3750658,24
2025-07-03,kumluca,29.723541,30.298246,0.0004351138045421976,982.3724,-0.8972046,-1.7844304,3.6743243,24
2025-07-04,kumluca,28.916016,37.751743,0.000852346317969932,984.177,-0.42741838,-1.2290413,3.5987785,24
2025-07-05,kumluca,28.341461,46.019802,0.0004351138613856165,985.21704,1.0270373,0.41085768,2.4548814,24
2025-07-06,kumluca,29.422068,47.463806,0.0004351138045421976,984.2422,1.5325235,0.9060617,2.4571512,24
2025-07-07,kumluca,30.647573,44.38031,0.0,980.6945,1.8316847,0.957685,2.5343592,24
2025-07-08,kumluca,30.070566,48.416492,0.0,979.00244,1.3253098,0.9254394,2.0008605,24
2025-07-09,kumluca,29.33957,57.62981,0.003858787295030197,978.76385,0.28907457,0.77076274,1.8474401,24
2025-07-10,kumluca,28.362366,63.127796,0.0004330853471401497,978.21625,0.51355106,1.1128783,1.7896571,24
2025-07-11,kumluca,27.266653,71.22234,0.0012844800494349329,980.1155,0.26841545,1.1826653,1.6346521,24
2025-07-12,kumluca,27.61312,71.970436,0.0012993812106287805,982.6149,0.84333295,1.3279815,1.7143394,24
2025-07-13,kumluca,28.256433,72.26707,0.0012636177189051523,983.4488,0.6986103,1.3215084,1.7966428,24
2025-07-14,kumluca,28.81138,72.452805,0.0008881091844159528,980.77313,0.4791921,1.500126,1.7117592,24
2025-07-15,kumluca,28.849823,75.18858,0.0008583068620282575,976.9205,0.08779526,1.5802661,1.8280606,24
2025-07-16,kumluca,28.18159,77.38415,0.0025666765850473894,978.0654,-0.19210689,1.0917717,1.5175067,24
2025-07-17,kumluca,28.251678,76.92081,0.0034518607208156027,982.1145,0.6463515,1.4372506,1.7136469,24
2025-07-18,kumluca,28.014578,76.762505,0.12142524792579934,983.3364,1.0463492,1.5861117,1.9477144,24
2025-07-19,kumluca,28.991882,70.45075,0.013735980246565305,981.26666,1.1913338,1.1473902,1.8803889,24
2025-07-20,kumluca,30.555288,57.940887,0.0004410743486005231,978.6232,0.99561566,0.9289425,1.7092396,24
2025-07-21,kumluca,30.928823,55.026226,0.0,979.1911,0.47078323,0.6787308,1.692453,24
2025-07-22,kumluca,31.557566,50.968662,0.0,981.34546,1.4574757,0.9007611,2.1233015,24
2025-07-23,kumluca,32.226795,49.29481,0.0012847312973462977,979.9317,1.5698948,0.93921775,2.403155,24
2025-07-24,kumluca,33.2188,42.333332,0.0012814989531761967,977.1594,1.462747,0.32334432,2.3692925,24
2025-07-25,kumluca,35.177887,26.562075,0.0,976.1434,-0.031109491,-2.0374596,2.7672222,24
2025-07-26,kumluca,34.769573,25.800043,0.0,975.8875,0.24713516,-1.4915377,3.2031496,24
2025-07-27,kumluca,33.09091,40.30411,0.0,976.0125,1.0973192,0.91359204,2.0026348,24
2025-07-28,kumluca,30.017344,63.63382,0.0,976.3379,0.4238739,1.166175,1.7376736,24
2025-07-29,kumluca,28.489237,69.32078,0.04120171070098877,978.17926,1.2658991,1.5834185,2.0796516,24
2025-07-30,kumluca,28.065283,69.53419,0.0,980.8091,1.3001379,1.5307846,2.142143,24
2025-07-31,kumluca,27.950659,69.71646,0.003424286660447251,979.6904,1.6063436,1.7112789,2.4036272,24
2025-08-01,kumluca,28.446375,73.19216,0.007718800588918384,976.6193,0.5906175,1.2659007,1.8159162,24
2025-08-02,kumluca,28.216522,75.11191,0.08325278486154275,978.63666,-1.2405847,0.4824117,1.8592137,24
2025-08-03,kumluca,27.65628,71.02375,0.5209828959777951,982.4632,-0.94954044,0.5568142,1.8647486,24
2025-08-04,kumluca,28.500885,70.54391,0.055811251513659954,984.06274,0.7828655,1.2575666,1.7013054,24
2025-08-05,kumluca,29.961843,64.97323,0.0021576879589702003,983.0928,0.9810435,1.0109391,1.9745427,24
2025-08-06,kumluca,30.896372,54.431286,0.0012736212511299527,981.06854,1.7843584,1.2305187,2.3495166,24
2025-08-07,kumluca,29.452057,58.735046,0.00043511374769877875,980.221,1.2580732,1.1479443,1.9390327,24
2025-08-08,kumluca,31.179749,57.979244,0.0,981.02985,0.928922,0.8118983,1.740139,24
2025-08-09,kumluca,34.509632,33.431084,0.0012874597814516164,982.3003,-0.6869208,-1.9134861,2.8724,24
2025-08-10,kumluca,34.12967,35.740093,0.0008583068620282575,982.5162,-1.0432491,-1.1677499,2.9457588,24
2025-08-11,kumluca,32.130432,48.3756,0.0,982.1081,1.1732432,1.0124527,1.7798843,24
2025-08-12,kumluca,31.483948,55.289875,0.0004261731874066754,983.01044,1.7408943,0.85428447,2.188516,24
2025-08-13,kumluca,33.139935,43.124424,0.0008510056659360998,983.9256,1.0024027,0.3941221,1.6859213,24
2025-08-14,kumluca,33.699017,36.214207,0.0004261731874066754,983.15625,1.2958769,0.63635796,1.864574,24
2025-08-15,kumluca,30.91336,48.702564,0.002573769961600192,980.591,1.7868246,0.9625101,2.2987905,24
2025-08-16,kumluca,28.845032,65.87187,0.0008535130859854689,978.898,0.70491916,0.66543347,1.6079341,24
2025-08-17,kumluca,28.443827,64.29543,0.003859400749206543,979.941,1.6402016,1.4405432,2.306533,24
2025-08-18,kumluca,27.975372,61.46639,0.005150003289600136,981.84515,1.2720242,1.1307119,1.8904275,24
2025-08-19,kumluca,28.812836,59.04951,0.000852346317969932,980.50055,1.6638533,1.132655,2.135438,24
2025-08-20,kumluca,29.499573,59.836548,0.000852346317969932,978.3886,0.6795184,0.7060218,1.6221833,24
2025-08-21,kumluca,30.223999,55.08675,0.002571718141552992,980.33154,0.30351958,0.2658609,1.830644,24
2025-08-22,kumluca,30.807882,51.930645,0.0,981.51196,0.9038105,0.8727705,2.0378258,24
2025-08-23,kumluca,31.01706,47.276672,0.0008583068620282575,979.7776,0.70962906,0.65047455,1.7028512,24
2025-08-24,kumluca,29.753754,58.931946,0.0,978.7674,0.513375,0.3887705,1.5795674,24
2025-08-25,kumluca,30.055338,54.045322,0.0,980.19525,-0.016804377,-0.27999625,2.4838054,24
2025-08-26,kumluca,29.858572,57.751896,0.000852346317969932,981.06866,0.057843525,0.14514573,1.8973058,24
2025-08-27,kumluca,29.775543,54.25404,0.0,981.92377,0.8588397,0.7215417,1.6133405,24
2025-08-28,kumluca,28.928701,54.5224,0.0008583068620282575,982.64935,1.1722234,1.0234734,1.8167644,24
2025-08-29,kumluca,27.827982,66.04385,0.0017322817598142137,983.5861,1.350715,1.3306664,2.0265207,24
2025-08-30,kumluca,27.155518,72.03835,0.29307689237612067,985.1622,0.67647487,1.1883944,1.796042,24
2025-08-31,kumluca,28.284658,61.528,0.013748822311754338,984.60236,1.2813116,1.0043851,1.9681064,24
2025-09-01,kumluca,28.923777,59.761303,0.0004405845288601995,981.6917,0.96541595,0.94828445,1.655512,24
2025-09-02,kumluca,28.542715,64.06605,0.0008515731337865873,978.3926,0.605622,0.6613441,1.4442028,24
2025-09-03,kumluca,29.384817,64.97326,0.010722875231294893,978.17755,0.9512658,0.549425,1.8150166,24
2025-09-04,kumluca,29.10437,57.050404,0.0008583068620282575,979.44586,0.010582606,0.30679107,1.7162061,24
2025-09-05,kumluca,27.753937,66.24009,0.0,982.8603,0.4135386,0.8970067,1.8476421,24
2025-09-06,kumluca,26.055115,68.727066,0.45318304910324514,984.7358,0.77599335,0.6906602,1.3769013,24
2025-09-07,kumluca,26.593048,65.310326,0.0012755393754559918,983.17706,0.24714215,0.6042208,1.4607106,24
2025-09-08,kumluca,26.76242,62.82863,0.00901818202692084,981.93677,-0.12379392,0.2772549,1.362631,24
2025-09-09,kumluca,26.654694,62.062725,0.06265639967750758,983.98615,0.2688427,0.16902097,1.8482798,24
2025-09-10,kumluca,27.676413,58.270126,0.0008583068051848386,986.46906,0.7496948,0.124761544,2.3284407,24
2025-09-11,kumluca,28.24349,52.522755,0.0,985.498,1.0586027,-0.07280532,2.2586176,24
2025-09-12,kumluca,28.552713,50.243015,0.000852346317969932,985.3581,0.33069167,0.030359149,1.9392647,24
2025-09-13,kumluca,28.15976,61.372807,0.000852346317969932,985.8669,0.17849159,0.32503065,1.4365296,24
2025-09-14,kumluca,28.517008,60.892895,0.0004410743486005231,985.8704,-0.13817024,0.25045332,1.2245156,24
2025-09-15,kumluca,27.719168,66.34553,0.002570709511928726,985.45605,0.0924085,0.5512028,1.3666788,24
2025-09-16,kumluca,28.09194,62.41458,0.0,984.65967,1.0116749,0.5622757,1.9710445,24
2025-09-17,kumluca,28.34667,57.507076,0.000852346317969932,983.78906,0.35796356,0.3417158,2.188063,24
2025-09-18,kumluca,27.409363,62.07196,0.0,983.1394,-0.08278084,-0.49974683,1.7407452,24
2025-09-19,kumluca,26.276468,25.881294,0.0004261731874066754,987.14044,-2.0569508,-4.9107223,5.3970566,24
2025-09-20,kumluca,25.475769,32.859966,0.0012874597814516164,989.1523,-0.8829295,-2.1547658,3.534275,24
2025-09-21,kumluca,25.744476,46.916718,0.0004410746328176174,987.69696,0.5388756,-0.71363276,2.409879,24
2025-09-22,kumluca,25.646433,49.946106,0.0017046922948793508,987.8387,-0.09573809,-0.42479202,2.1707494,24
2025-09-23,kumluca,25.32601,58.5068,0.0,988.88495,0.27450562,0.21098304,1.4513294,24
2025-09-24,kumluca,24.941904,56.544113,0.0,986.9013,1.3665777,0.3104628,2.1044586,24
2025-09-25,kumluca,26.603037,52.178486,0.0,984.0261,1.5233141,0.36917913,2.114168,24
2025-09-26,kumluca,26.682302,49.482483,0.0008583068620282575,984.7822,0.95143443,-0.032205064,2.0345714,24
2025-09-27,kumluca,25.378479,59.232197,0.0,986.3784,-0.43244934,0.06700468,1.8832368,24
2025-09-28,kumluca,23.725525,73.96171,0.01118183081416646,987.3024,0.08674494,0.58775896,1.6365069,24
2025-09-29,kumluca,23.869822,71.13822,0.21755620855401503,987.1755,2.4333675,1.7046224,3.1002226,24
2025-09-30,kumluca,23.028463,76.163994,4.529285244643688,986.063,1.3955841,0.24316232,2.172666,24
2025-10-01,kumluca,23.080414,64.06807,0.0,985.7391,0.78246623,-0.20859583,2.1077378,24
2025-10-02,kumluca,22.84904,66.11141,0.004285573595552705,984.99384,0.26080766,0.19313538,1.6523329,24
2025-10-03,kumluca,21.743948,72.60675,0.5604803445748985,985.82495,1.492644,1.3295656,2.1175785,24
2025-10-04,kumluca,22.1521,65.131386,0.6201148644322529,989.2646,2.6567085,2.2072115,3.5141995,24
2025-10-05,kumluca,21.649893,60.48028,0.05708634125767276,990.0468,1.9938005,0.5207691,2.5194552,24
2025-10-06,kumluca,21.34851,64.22947,0.0025719400582602248,987.16724,1.7836547,0.71460277,2.306349,24
2025-10-07,kumluca,19.446096,85.47825,19.347965717315674,984.77875,1.9482741,2.3609657,3.240576,24
2025-10-08,kumluca,18.306559,74.06522,1.3204931747168303,983.2603,3.5439644,2.7928534,4.568567,24
2025-10-09,kumluca,18.480469,67.02955,0.3536134900059551,988.58594,1.2534593,0.56141585,2.0841079,24
2025-10-10,kumluca,19.12316,72.01554,0.0,993.5568,0.9502487,-0.00940311,2.0411713,24
2025-10-11,kumluca,20.513205,70.509605,0.025752186047611758,990.04254,0.6275756,0.28486905,1.7746891,24
2025-10-12,kumluca,20.229513,51.302044,0.0008661395440867636,987.6314,-1.1464449,-3.103304,3.3850536,24
2025-10-13,kumluca,18.979004,46.90723,0.00042416900214448106,990.4366,-1.1273142,-1.5804448,2.538966,24
2025-10-14,kumluca,19.290384,68.40906,0.0012889495337731205,991.1268,0.27130964,0.18353176,1.2750098,24
2025-10-15,kumluca,19.962015,75.89865,0.0,990.4882,0.41407838,0.19692421,1.3377756,24
2025-10-16,kumluca,20.392334,71.671906,0.0017195934560731985,990.6646,0.06729317,0.0689522,1.1403399,24
2025-10-17,kumluca,20.631845,68.92047,0.0008583068620282575,992.7883,0.91756505,0.28681827,1.5308732,24
2025-10-18,kumluca,20.898325,74.13944,0.018450617062626407,993.053,1.4226208,0.8237379,2.1071417,24
2025-10-19,kumluca,21.080832,76.17967,0.13047456741333008,990.9848,1.2022234,0.34390268,2.002524,24
2025-10-20,kumluca,20.769928,73.869774,2.962428377941251,988.6963,1.6349812,0.13393076,2.1020405,24
2025-10-21,kumluca,20.661194,76.703705,1.3694316148757935,988.6594,1.0134697,0.0395269,1.4764379,24
2025-10-22,kumluca,21.103373,77.49969,0.014601040675188415,990.56055,-0.285635,0.47764996,1.337793,24
2025-10-23,kumluca,20.294739,88.8067,3.271859610322281,990.22797,-0.6125482,0.10899743,1.0547084,24
2025-10-24,kumluca,20.319794,81.54911,0.3188490809407085,988.80786,1.5675964,0.97672564,2.0929515,24
2025-10-25,kumluca,20.29473,83.74934,0.9535700082778931,988.49225,0.8660679,0.6410325,1.7136143,24
2025-10-26,kumluca,19.72291,81.64231,2.977892872877419,988.19696,1.0379244,0.32543182,1.7965976,24
2025-10-27,kumluca,20.297617,82.228325,0.3699391963891685,989.1858,0.6086815,0.73732895,1.443345,24
2025-10-28,kumluca,19.625366,85.78012,1.7912983894348145,989.2304,1.2612702,1.8116852,2.306639,24
2025-10-29,kumluca,19.91448,74.75507,0.033470987546024844,990.7461,0.67636234,-0.64492196,1.9006028,24
2025-10-30,kumluca,19.762583,61.860905,0.0004351138045421976,992.98486,-0.28383446,-0.8214156,1.5301065,24
2025-10-31,kumluca,20.317831,70.56513,0.0,993.46265,0.7811184,0.09803784,1.3572916,24
2025-11-01,kumluca,20.954874,71.23249,0.000852346317969932,992.7172,0.6487859,-0.054438233,1.3108605,24
2025-11-02,kumluca,21.49932,66.72116,0.0004351138045421976,992.65656,-0.38888487,-0.40625384,1.1106037,24
2025-11-03,kumluca,20.986319,61.612347,0.0,993.10443,-0.9254875,-0.996955,1.6015903,24
2025-11-04,kumluca,20.333435,56.972233,0.0,992.41644,-0.61211586,-1.2418343,1.6515999,24
2025-11-05,kumluca,20.647003,59.803986,0.018876790591093595,990.35254,-0.5204983,-1.2011143,1.6342338,24
2025-11-06,kumluca,21.554514,58.57979,0.3677785225590924,986.2873,-0.8076312,-2.0391397,2.472573,24
2025-11-07,kumluca,18.32781,76.87815,3.864094614982605,989.1175,-1.4043293,-1.0403919,2.0749826,24
2025-11-08,kumluca,18.664602,74.950096,0.09958147711586207,993.2924,-1.2067528,-0.76928264,1.7819204,24
2025-11-09,kumluca,18.503805,76.32522,0.0008612762485427083,994.8572,0.26058325,-0.2840762,1.3710828,24
2025-11-10,kumluca,18.61733,69.622536,0.0,992.80884,0.21206284,-0.48841986,1.3230286,24
2025-11-11,kumluca,18.026672,76.343185,0.16822815223349608,989.5704,2.0055015,0.5374902,2.351584,24
2025-11-12,kumluca,17.64855,81.959915,1.3805836933897808,991.1237,-0.6640682,-0.6061246,1.5757875,24
2025-11-13,kumluca,17.096954,76.19666,0.17207860946655273,990.90045,-0.1264375,-0.69420713,1.3299543,24
2025-11-14,kumluca,17.23876,64.80381,0.10985856351908296,988.55646,-0.35203934,-1.3033825,1.8724316,24
2025-11-15,kumluca,17.003082,42.9642,4.48198989033699e-06,987.9631,-1.3350481,-2.49892,3.231486,24
2025-11-16,kumluca,16.360464,65.052185,0.0012785195053766074,992.8477,0.14641826,-0.26882493,1.3952335,24
2025-11-17,kumluca,15.906372,75.44718,0.0480592243548017,998.5108,-1.2148795,-0.9847965,1.8985791,24
2025-11-18,kumluca,16.363577,81.234665,0.5428876647783909,998.8676,-1.1914139,-0.8501176,1.754258,24
2025-11-19,kumluca,16.552277,72.85661,0.0,996.36017,-1.3368301,-1.4482751,2.1065004,24
2025-11-20,kumluca,17.568197,68.22788,0.0017106532368416083,995.7981,-1.2759666,-1.6141735,2.233618,24
2025-11-21,kumluca,18.901438,61.465595,0.002153671630367171,996.08325,-1.0325162,-2.3212152,2.6756935,24
2025-11-22,kumluca,20.515646,57.933285,0.0008463859444418631,995.7503,-1.3441569,-1.3495103,2.0051558,24
2025-11-23,kumluca,20.032206,62.773586,0.0,992.69995,-1.4164734,-1.3581715,2.1035266,24
2025-11-24,kumluca,17.681458,81.63171,1.5878677368164062,989.91754,-0.9857566,-0.3018284,1.6190928,24
2025-11-25,kumluca,17.079458,68.909546,0.49995780136669055,990.74335,0.3878231,-0.14462829,1.5162826,24
2025-11-26,kumluca,16.515432,71.41473,0.08109211921691895,993.6311,-0.07579104,-0.07625095,0.7689057,24
2025-11-27,kumluca,16.080994,75.82525,0.2253177372040227,994.1348,-1.1593755,-1.0242888,1.8017932,24
2025-11-28,kumluca,16.966125,76.16691,1.316634807153605,993.78094,-1.5869402,-1.8115095,2.4908502,24
2025-11-29,kumluca,16.369904,78.64622,14.597663655877113,988.9056,-0.47070312,-0.369653,2.7432234,24
2025-11-30,kumluca,15.263214,75.57824,0.1368951052427292,986.6982,2.7232544,0.7308076,2.9444752,24
2025-12-01,kumluca,14.201202,78.24879,1.9483566284179688,991.5723,0.8650796,-0.34150004,1.588607,24
2025-12-02,kumluca,14.5743,74.118675,0.000852346317969932,994.0181,0.29013,-0.3991216,1.3376797,24
2025-12-03,kumluca,14.173645,76.42136,0.0480592243548017,994.802,-0.96088284,-1.2799753,1.7535435,24
2025-12-04,kumluca,15.304912,77.87002,0.31501055127591826,992.6285,-1.5332237,-1.4987932,2.2225754,24
2025-12-05,kumluca,14.890544,85.80833,41.3154661655426,986.7727,-2.3091044,-0.28818664,3.5772846,24
2025-12-06,kumluca,13.465495,91.50806,11.893987655639648,984.3006,-0.33793357,0.004301707,1.1755673,24
2025-12-07,kumluca,13.239797,84.269035,3.7113307043910027,982.4324,-1.0574808,-1.1295509,1.6485411,24
2025-12-08,kumluca,13.648956,80.830215,0.44804811477661133,985.9742,-2.013239,-1.5519333,2.6664999,24
2025-12-09,kumluca,14.375295,70.07657,0.01284480094909668,987.84235,-0.36075845,-1.9088761,2.141955,24
2025-12-10,kumluca,14.16389,71.42937,0.000852346317969932,989.47,0.3917834,-0.9727287,1.8644576,24
2025-12-11,kumluca,14.4304,63.893917,0.0,988.59766,-0.8337924,-2.5439706,2.7651093,24
2025-12-12,kumluca,13.380818,69.88307,0.0004351138045421976,990.9456,-0.3084456,-1.0852405,2.199727,24
2025-12-13,kumluca,14.066508,76.2301,0.3823772130999714,992.94904,0.2639856,-0.7819769,1.1801574,24
2025-12-14,kumluca,13.260701,76.84001,0.9943468030542135,993.92316,-0.20864995,-0.82657623,1.7459131,24
2025-12-15,kumluca,13.632874,61.589325,0.4471861866477411,991.7927,-1.4090353,-3.3821175,3.6775587,24
2025-12-16,kumluca,13.232738,62.342625,0.0004349240043666214,993.3838,-0.86236125,-1.9694004,2.412325,24
2025-12-17,kumluca,13.782786,47.69879,0.0004351138045421976,997.0524,-1.7167364,-2.8047554,3.7351372,24
2025-12-18,kumluca,13.811381,71.2969,0.0012875389074906707,1000.5057,0.9985741,-0.17865689,1.4657348,24
2025-12-19,kumluca,14.629944,77.95639,0.002157114693090989,997.8318,1.0570432,0.02438418,1.4777952,24
2025-12-20,kumluca,14.277476,79.48969,0.16178489022422582,992.5464,-0.5966451,-0.0763737,1.3687901,24
2025-12-21,kumluca,13.349823,87.42602,29.665226116776466,989.5899,-2.208802,-1.778288,2.8984785,24
2025-12-22,kumluca,13.489461,89.528404,51.92885175347328,988.82227,-2.7387555,0.8165862,3.3678792,24
2025-12-23,kumluca,12.955913,89.75153,48.08064550161362,989.37506,-2.6585128,-0.11847675,2.9863064,24
2025-12-24,kumluca,12.982738,85.827034,3.328949213027954,993.8701,-1.5118414,-1.6295291,2.2769587,24
2025-12-25,kumluca,13.358602,83.92414,2.2182941902428865,993.99274,-0.68125254,-1.0533792,1.7390809,24
2025-12-26,kumluca,13.207683,80.21804,2.4070978397503495,990.3007,0.45128033,-0.34528288,1.1349471,24
2025-12-27,kumluca,11.171193,65.23876,6.412840448319912,984.0945,-1.2143345,-2.9117444,3.271088,24
2025-12-28,kumluca,10.13329,58.002316,0.42357417987659574,982.52716,0.34780946,-1.2934895,3.1798165,24
2025-12-29,kumluca,10.088115,68.376015,3.2709927181713283,985.3029,-1.8876966,-1.4487025,2.6484814,24
2025-12-30,kumluca,10.823588,72.829506,9.510904550552368,990.3979,0.40716043,0.66778564,1.3386868,24
2025-12-31,kumluca,11.959605,78.9043,5.478559294715524,979.68506,2.7912133,0.27251306,3.0559492,24
2024-01-01,manavgat,12.565257,87.38819,5.8772144839167595,989.11395,-1.8311201,-0.005713145,2.36281,24
2024-01-02,manavgat,13.337636,86.776955,11.063301470130682,987.3266,-2.5901062,1.0775229,2.9297574,24
2024-01-03,manavgat,13.494019,82.09252,2.8432488907128572,985.88873,-1.052433,-0.23301673,1.9327579,24
2024-01-04,manavgat,14.218556,85.67828,4.255414009094238,983.8762,-2.0003064,0.87395525,2.407372,24
2024-01-05,manavgat,15.297069,77.07168,1.704573631286621,984.51685,0.1762619,-1.1895723,2.4191108,24
2024-01-06,manavgat,13.468872,74.8953,0.08727908425498754,990.12006,-1.4095091,-0.14097504,2.2681391,24
2024-01-07,manavgat,14.363454,80.78715,19.30113509297371,984.98773,-3.1663945,4.6244254,5.8133636,24
2024-01-08,manavgat,14.462443,84.12807,14.756852760910988,983.0163,-0.50373775,4.297175,4.40346,24
2024-01-09,manavgat,12.434672,90.82287,35.36411374807358,981.0439,-2.1557598,2.5999079,3.454213,24
2024-01-10,manavgat,11.384624,80.257576,5.915498360991478,979.906,-1.0842909,-0.621458,1.8933477,24
2024-01-11,manavgat,11.20342,71.0398,0.004122033715248108,981.9162,0.122654594,-1.6692995,2.3494806,24
2024-01-12,manavgat,11.012462,74.20131,1.1391937732696533,978.0888,-0.57796353,-0.97784495,1.8654116,24
2024-01-13,manavgat,9.623464,63.558807,0.0,977.2624,0.061711628,-2.9136665,3.0041087,24
2024-01-14,manavgat,8.782369,61.21631,0.0008642672923997452,981.8733,-0.7397048,-1.1284701,2.1689136,24
2024-01-15,manavgat,11.095764,74.83193,8.096858859119038,985.9707,-1.8367132,1.7707342,3.206544,24
2024-01-16,manavgat,12.664866,91.39716,56.55640363693237,984.79913,0.7682092,5.1111045,5.2221217,24
2024-01-17,manavgat,13.561351,85.3364,5.098807858303189,985.7351,-0.80939275,0.20366025,1.353654,24
2024-01-18,manavgat,12.47642,87.59769,3.178888466209173,989.10187,-2.0358765,1.1692511,2.7026618,24
2024-01-19,manavgat,13.903717,90.112755,27.841389179229736,987.4417,-1.2499317,3.2594414,3.7754576,24
2024-01-20,manavgat,14.440471,83.56473,3.796607255935669,987.41284,-3.0090742,2.0804327,3.7886016,24
2024-01-21,manavgat,13.282532,79.71872,9.881287813186646,985.09735,-2.3323274,-0.51568943,3.1906211,24
2024-01-22,manavgat,11.10321,61.55736,0.001730793883325532,984.36035,-1.0441698,-3.9615796,4.107432,24
2024-01-23,manavgat,10.84142,61.16331,0.0008512009799233056,984.5926,0.025591454,-1.7244238,2.4904554,24
2024-01-24,manavgat,10.238933,61.738342,0.0,984.85516,-0.64756095,-1.7433561,2.3560102,24
2024-01-25,manavgat,10.328197,69.288086,0.0008523463748133508,984.3796,-0.9393355,-1.2291712,1.7631779,24
2024-01-26,manavgat,9.860321,64.00628,4.842340934601452,981.02045,1.0481033,-3.5679657,3.8831317,24
2024-01-27,manavgat,8.526845,48.131504,0.0,985.1584,1.0880152,-4.1368976,4.3093915,24
2024-01-28,manavgat,8.501637,55.026333,0.06370544724632055,987.0944,-0.0012194315,-2.5550907,2.7005727,24
2024-01-29,manavgat,7.6981406,51.94614,0.03644228127086535,987.72723,-1.0903844,-3.0658834,3.2761261,24
2024-01-30,manavgat,6.9552307,54.330517,3.409546519833384,985.0402,-1.095241,-3.843768,4.1163983,24
2024-01-31,manavgat,8.332387,56.406345,0.7787078502587974,986.80426,-0.94749135,-3.0400097,3.2355983,24
2024-02-01,manavgat,9.50473,65.2154,0.018093273865815718,987.53687,-0.6005328,-1.6643959,2.3006055,24
2024-02-02,manavgat,9.121388,69.86567,0.000852346317969932,985.4155,-1.0545912,-0.85667413,2.2111428,24
2024-02-03,manavgat,9.830383,75.249,1.0734660318689748,986.7573,-1.6955013,-0.6813469,2.083688,24
2024-02-04,manavgat,9.81779,72.597984,0.0022798776626586914,988.0307,-0.4722447,-0.66779137,1.8324481,24
2024-02-05,manavgat,11.278371,63.751602,0.0017166130419354886,987.52704,1.0307932,-2.5307992,3.2764757,24
2024-02-06,manavgat,12.300079,73.097466,0.0008553266184208042,990.83954,-0.42316374,-0.87008566,1.8878814,24
2024-02-07,manavgat,12.118591,81.46603,0.9952426189556718,991.04517,-0.88898593,0.40012118,2.351312,24
2024-02-08,manavgat,12.527049,86.052055,7.92475591879338,988.8518,-1.7931856,1.8459617,2.7778633,24
2024-02-09,manavgat,11.4852705,90.00825,12.746063061058521,985.5527,-1.3942133,1.115923,2.1561248,24
2024-02-10,manavgat,11.473022,81.14617,0.006580352874152595,988.46844,-0.45898375,-0.47874597,1.5732418,24
2024-02-11,manavgat,12.006215,80.59617,0.040084123611450195,991.1028,-1.1076075,0.060891073,1.7820722,24
2024-02-12,manavgat,14.090678,71.13998,0.31014124397188425,986.17487,-2.1557655,1.4233861,2.9613926,24
2024-02-13,manavgat,14.338837,68.92765,10.755767347291112,978.195,-1.2866625,0.82762235,3.2082996,24
2024-02-14,manavgat,10.447652,85.270164,20.39443515241146,974.67926,0.020862022,-2.6602917,2.9248402,24
2024-02-15,manavgat,10.401021,83.57499,3.7349173799157143,978.59204,-1.0454727,0.024644852,1.9150411,24
2024-02-16,manavgat,11.669576,75.94277,0.2823173999786377,981.456,0.18927586,-0.08762296,1.4111223,24
2024-02-17,manavgat,12.021901,73.535835,0.04808306766790338,985.49884,-0.14177322,-0.57668394,1.9695,24
2024-02-18,manavgat,12.075358,68.87955,0.773504376411438,987.4419,-0.33629942,-1.566637,2.3735874,24
2024-02-19,manavgat,11.653259,60.830112,0.0017232223399332725,986.47565,0.4840487,-1.8068904,2.68606,24
2024-02-20,manavgat,11.667206,64.790535,0.0025772760636755265,987.56836,-0.7706477,-0.79817075,1.7951812,24
2024-02-21,manavgat,11.500153,73.54639,0.5337935763236601,989.01373,-1.1434644,-0.1106962,1.9522594,24
2024-02-22,manavgat,11.707936,76.95417,0.13228059106040746,989.01105,-0.3580869,-0.61192733,1.7508849,24
2024-02-23,manavgat,12.162567,74.93212,0.0012755390343954787,989.0493,0.13290723,-0.4970571,1.8240405,24
2024-02-24,manavgat,12.275746,75.188545,0.15680581509514013,989.518,-0.057740528,-0.49683857,1.9059557,24
2024-02-25,manavgat,12.951508,76.06816,0.0008675618801134988,987.7259,-0.32459295,-0.351427,1.9344083,24
2024-02-26,manavgat,12.467651,80.49758,0.9184372611343861,983.6667,-1.442655,0.30322722,2.1616194,24
2024-02-27,manavgat,12.981801,70.450966,0.00545429065823555,985.3483,0.5137283,-1.10716,2.0938027,24
2024-02-28,manavgat,12.714539,76.619225,0.0,990.5402,-0.21849127,-0.41772142,1.6978822,24
2024-02-29,manavgat,13.295583,78.42417,0.0,991.24896,-0.09653219,-0.428332,1.7487506,24
2024-03-01,manavgat,13.242737,71.396614,0.000852346317969932,986.7536,-0.047840755,-1.1480814,2.0483959,24
2024-03-02,manavgat,13.691356,62.909008,0.04460811459239267,981.3974,-0.09807587,-0.9675334,1.932003,24
2024-03-03,manavgat,13.025269,69.38122,0.4113697068532929,981.45337,0.019893011,-0.25036696,2.294161,24
2024-03-04,manavgat,12.735931,75.26272,0.7397055742330849,983.2795,-0.3400917,-0.24659283,2.0140154,24
2024-03-05,manavgat,12.152638,86.09362,18.762554973363876,982.32477,-1.9750589,2.8792305,4.2006397,24
2024-03-06,manavgat,12.479167,81.49086,12.233497109264135,979.4798,-0.21645038,0.59920585,1.8983011,24
2024-03-07,manavgat,12.35146,68.5703,0.2906799199990928,982.956,0.59588367,-1.0467149,2.636574,24
2024-03-08,manavgat,11.088654,81.30542,9.718525223433971,983.26654,-2.0476444,0.3720826,2.8346283,24
2024-03-09,manavgat,11.9869995,66.56445,0.00718235969543457,982.59894,1.0714124,-1.7404562,3.0594318,24
2024-03-10,manavgat,11.953572,56.561222,0.0008523466021870263,984.74774,0.3545901,-1.6829954,2.6248362,24
2024-03-11,manavgat,11.855388,66.214775,0.0004351138045421976,990.8144,-0.37389016,-0.39527318,1.8553857,24
2024-03-12,manavgat,12.231018,75.890915,0.0004475464834285958,989.5127,-0.2073199,-0.07378765,1.6858662,24
2024-03-13,manavgat,12.519368,73.39817,2.397298812866211,983.5695,-0.33682665,-0.04675738,1.5486907,24
2024-03-14,manavgat,11.893921,75.75613,1.1325955856591463,982.2548,-0.108769536,-0.18343134,1.8345546,24
2024-03-15,manavgat,12.192708,76.516914,3.030961030162871,982.80786,-0.10060271,-0.23261869,2.060886,24
2024-03-16,manavgat,12.811543,73.417305,0.13578368816524744,985.0179,0.0025648673,-0.6006355,2.2644782,24
2024-03-17,manavgat,12.425548,76.530975,0.1862943172454834,984.19556,-0.7766488,-0.42285085,1.9685317,24
2024-03-18,manavgat,13.50706,70.25112,0.21808820019941777,977.83636,0.33860207,-1.1063538,1.9577914,24
2024-03-19,manavgat,14.111989,65.04395,0.003430246579227969,976.0913,0.48033714,-1.2654864,3.2211096,24
2024-03-20,manavgat,13.486745,74.85821,5.9139701079402585,979.3726,-1.5395082,0.80444735,2.85623,24
2024-03-21,manavgat,12.818329,67.98072,4.833626793697476,980.27026,0.17260127,-2.1673565,2.7414548,24
2024-03-22,manavgat,11.219472,46.134525,0.028061866032658145,980.0213,1.6104254,-3.8585968,4.3712335,24
2024-03-23,manavgat,10.512848,53.087185,0.000852346317969932,981.94403,0.18978564,-1.3349203,2.6152127,24
2024-03-24,manavgat,11.27946,66.12177,0.000852346317969932,980.32904,-0.040218513,-0.17696524,2.2670195,24
2024-03-25,manavgat,12.9735,75.176445,5.521978251636028,978.68646,-0.62845105,1.5059115,3.171192,24
2024-03-26,manavgat,15.425221,74.31216,1.8557310104370117,981.4334,0.9706631,-0.35389292,2.488469,24
2024-03-27,manavgat,15.205363,76.230415,0.0,986.3096,-0.61046094,0.69370943,1.6882116,24
2024-03-28,manavgat,15.073384,75.55213,0.000852346317969932,986.50836,0.079260506,-0.43669233,1.7624532,24
2024-03-29,manavgat,17.682169,67.08572,0.16647577285766602,985.23236,0.3928722,-0.6327848,1.9512277,24
2024-03-30,manavgat,17.526093,71.986664,0.000852346317969932,987.44037,-0.50734645,0.24188201,1.8429149,24
2024-03-31,manavgat,18.02537,74.79821,0.0017074116840376519,989.5069,0.016076406,-0.2513415,1.802514,24
2024-04-01,manavgat,18.16163,74.876335,0.0,987.47174,-0.32896686,0.06581267,1.7142901,24
2024-04-02,manavgat,18.753672,76.01739,0.0021412958517430525,983.93774,-0.21811874,0.25044796,1.7916818,24
2024-04-03,manavgat,18.640167,75.491585,0.0,982.1656,-0.31541,0.4287845,1.8191571,24
2024-04-04,manavgat,16.918295,76.02792,0.007116253982530907,982.5152,-1.0303177,1.1493988,2.3747652,24
2024-04-05,manavgat,16.942017,77.89317,0.041666626202641055,982.9107,-0.10388502,0.34819046,2.018768,24
2024-04-06,manavgat,17.385946,61.001286,1.6236931551247835,981.976,-0.24320538,-1.678368,2.3740513,24
2024-04-07,manavgat,17.567923,52.729435,0.011315872143313754,977.73956,0.021228155,-1.8680925,2.914509,24
2024-04-08,manavgat,16.345968,56.224716,0.31066536848811666,978.1726,-0.40469298,-1.2339448,2.2917945,24
2024-04-09,manavgat,15.384094,70.841644,1.0081375949084759,979.17065,0.21284294,-0.18056194,1.7001759,24
2024-04-10,manavgat,16.727112,78.4502,1.6603919211775064,980.10345,-0.90748596,0.9029026,2.0663135,24
2024-04-11,manavgat,17.21934,79.37078,0.3057718276977539,983.753,0.1412735,0.4513893,1.602634,24
2024-04-12,manavgat,17.351175,81.47474,0.4627406597137451,985.0979,-0.009157817,0.40576527,1.6428674,24
2024-04-13,manavgat,19.058004,73.00312,0.04666447784984484,983.79205,-0.16567929,-0.33448282,1.758544,24
2024-04-14,manavgat,19.90856,58.9658,1.6585082048550248,982.42676,-0.28291956,-3.0354424,3.1716871,24
2024-04-15,manavgat,20.111837,51.981495,0.0008642672355563263,984.37177,0.38051605,-1.4743403,2.8770676,24
2024-04-16,manavgat,19.226288,64.7529,0.00042915337417070987,984.8084,-0.25749907,0.47428775,2.0138013,24
2024-04-17,manavgat,19.621347,60.425007,0.0004188495381640678,979.30096,-0.35463586,0.70901996,1.7326035,24
2024-04-18,manavgat,18.981436,74.40736,0.04252791404724121,976.4283,-0.6279169,2.5669632,2.9356668,24
2024-04-19,manavgat,17.623016,74.0329,0.017184018361149356,979.9321,-0.9655984,1.8918056,2.7441127,24
2024-04-20,manavgat,15.678548,80.395744,16.684532165527344,978.0803,-1.1737328,4.2891083,4.761623,24
2024-04-21,manavgat,16.273142,74.143425,0.02874433994293213,982.40356,-0.49769655,0.87547797,2.292708,24
2024-04-22,manavgat,16.785614,75.42247,0.0,987.4607,0.5370242,0.4777058,1.7294625,24
2024-04-23,manavgat,18.969376,71.701775,0.0025548131361574633,987.096,0.31304678,0.01838688,1.6048435,24
2024-04-24,manavgat,21.567728,58.54808,0.010283931260346435,981.1036,-0.013703029,0.037528235,1.8889322,24
2024-04-25,manavgat,22.576263,52.26176,0.013250112715468276,976.5406,-0.21898532,0.6757683,1.990902,24
2024-04-26,manavgat,21.042358,65.50378,0.0,977.407,-0.16960494,1.5195214,2.0012245,24
2024-04-27,manavgat,19.749674,68.87734,0.13716220263404466,979.33527,-0.16761625,0.45111188,1.958077,24
2024-04-28,manavgat,21.455515,69.27115,0.010037209619895293,980.34955,0.17404938,0.43495622,2.0624769,24
2024-04-29,manavgat,21.072601,70.651115,0.0017285344142692338,980.5706,0.041113537,0.5126203,1.920204,24
2024-04-30,manavgat,21.261557,74.65592,0.5508561567921788,979.77997,-0.040980656,-0.002090295,2.0629232,24
2024-05-01,manavgat,21.71456,74.35453,0.04841685222345404,978.1555,-0.0018590292,0.49129567,1.8980812,24
2024-05-02,manavgat,20.600403,75.30085,0.06680488877464086,975.9777,0.072486244,0.7855449,2.0054922,24
2024-05-03,manavgat,20.359497,68.20838,0.34487247467041016,974.6827,0.8615672,-0.4642721,3.0272436,24
2024-05-04,manavgat,18.235504,72.185524,1.5993535052984953,973.37335,0.5830612,1.1262023,2.728089,24
2024-05-05,manavgat,16.681742,66.30462,2.623492502607405,974.6355,0.46205583,-1.5812887,2.1410134,24
2024-05-06,manavgat,18.350058,53.764378,0.0,978.4056,1.1582317,-1.715706,3.1271098,24
2024-05-07,manavgat,18.32311,59.302685,0.0008702277796146518,981.9122,0.092398964,0.25048065,2.6438718,24
2024-05-08,manavgat,18.277344,71.60749,0.0008583068620282575,984.5501,-0.07027626,0.85199064,2.035581,24
2024-05-09,manavgat,18.50711,71.2142,0.004029273100059072,982.228,0.453015,-0.06526283,1.7736983,24
2024-05-10,manavgat,20.785767,60.641644,0.5825877306051552,976.3654,0.14186414,0.44541287,2.5387127,24
2024-05-11,manavgat,17.306692,84.532616,15.317767800297588,976.48706,-0.8958149,2.3420095,2.9973114,24
2024-05-12,manavgat,17.73771,77.282364,4.406988620758057,977.81854,0.44593176,-0.13377857,1.5289831,24
2024-05-13,manavgat,18.88981,65.92962,1.1004526168107986,977.68805,1.2685667,-1.3404093,3.0033638,24
2024-05-14,manavgat,18.438965,60.456966,5.820766091346741e-07,979.7366,0.8480835,-0.46911892,3.032172,24
2024-05-15,manavgat,18.220215,71.29574,0.7708331104367971,982.72687,0.0871226,0.83712053,1.8709183,24
2024-05-16,manavgat,18.766449,70.91023,0.0017186921468237415,986.2981,0.7080129,0.2617252,1.9164281,24
2024-05-17,manavgat,20.096487,76.40786,0.0012800001059076749,986.6579,0.58759815,0.5795249,1.7946929,24
2024-05-18,manavgat,21.5596,72.85986,0.0,983.9394,0.7526162,0.876437,1.8641664,24
2024-05-19,manavgat,21.819468,74.93899,0.0280767678191296,981.0004,0.45018578,0.70850277,1.7584249,24
2024-05-20,manavgat,22.5867,74.84819,0.2640336751937866,978.2071,0.57138443,0.726741,1.6355904,24
2024-05-21,manavgat,23.799917,71.432785,0.015174996406130958,979.3239,0.42870584,0.5879122,2.1694524,24
2024-05-22,manavgat,23.37617,73.488686,0.0008583068620282575,980.3908,0.19678752,0.59239465,1.7450409,24
2024-05-23,manavgat,22.148508,76.370224,0.04023313522338867,977.59064,-0.7841479,1.8188974,2.775634,24
2024-05-24,manavgat,21.993448,56.195404,0.06294548438745551,975.84595,2.210963,-3.3714135,4.0946727,24
2024-05-25,manavgat,22.097525,59.00638,1.3094544410705566,976.9898,1.2737287,-0.72098666,3.279442,24
2024-05-26,manavgat,20.977926,72.4834,0.4138946533203125,979.0141,-0.44972292,1.4317875,2.3889139,24
2024-05-27,manavgat,21.05478,72.05435,0.6238579517230392,978.65656,1.0686117,0.12666102,1.8195368,24
2024-05-28,manavgat,20.931864,73.83511,0.39969204226508737,978.9507,-0.17892535,0.9646365,1.7674521,24
2024-05-29,manavgat,20.031973,80.397194,1.9949078559875488,980.55524,0.04580307,0.8464203,1.6252036,24
2024-05-30,manavgat,19.763449,78.56043,1.9206821452826262,980.9256,0.38584647,0.94173974,1.7301744,24
2024-05-31,manavgat,20.076324,77.57838,0.9434521198272705,984.01605,0.62575597,0.48524538,1.7684269,24
2024-06-01,manavgat,22.246155,73.15829,0.0008583068620282575,986.66254,0.7932618,0.620889,1.9384118,24
2024-06-02,manavgat,24.457724,68.11447,0.0,984.0817,0.5585702,0.5412388,1.7292491,24
2024-06-03,manavgat,26.466501,59.853912,0.0017195934560731985,980.74493,-0.09227562,0.39071846,1.97829,24
2024-06-04,manavgat,27.47346,58.279476,0.0,978.83545,0.09859189,0.23149426,2.0711448,24
2024-06-05,manavgat,30.43757,44.731674,0.0,977.86237,0.5200007,-1.6710428,2.4424531,24
2024-06-06,manavgat,30.845865,42.43774,1.8990486860275269,978.2557,0.26847053,-1.9664854,2.5315583,24
2024-06-07,manavgat,30.217916,43.55797,0.6925374618731439,978.2659,0.90765953,-2.7307937,3.2303493,24
2024-06-08,manavgat,27.813925,54.606426,2.7866363525390625,974.7903,0.46567217,-0.7586028,2.1635606,24
2024-06-09,manavgat,27.060465,55.71317,0.00286102294921875,974.3985,0.19078954,-1.1732305,2.3467267,24
2024-06-10,manavgat,26.963552,52.489536,0.000852346317969932,977.58185,0.058639526,-0.21963926,2.5012202,24
2024-06-11,manavgat,26.818552,60.193787,0.0008523463748133508,978.875,-0.13657124,0.7927435,2.064197,24
2024-06-12,manavgat,28.10557,61.52237,0.0017132691141341638,980.0818,0.026630402,0.8982032,1.8721844,24
2024-06-13,manavgat,29.305725,58.52013,0.000852346317969932,980.6739,0.106134415,0.4179065,1.7728491,24
2024-06-14,manavgat,30.571451,50.011185,0.0025892150006256998,978.34937,0.081832886,0.20790458,2.8393438,24
2024-06-15,manavgat,28.367483,59.989716,0.0012785349099431187,973.45197,-0.24153964,1.0369345,2.030419,24
2024-06-16,manavgat,27.203543,66.1939,0.0017106531231547706,975.13666,-0.117892586,1.2518138,2.0705082,24
2024-06-17,manavgat,26.492117,73.50817,0.4332840326242149,978.32715,0.577207,1.3255323,1.8773257,24
2024-06-18,manavgat,27.246805,71.2003,0.20525285799521953,979.05835,0.74532014,1.2938143,1.882966,24
2024-06-19,manavgat,28.08191,65.92641,0.5188584327697754,977.992,0.36519432,1.1915798,1.8846921,24
2024-06-20,manavgat,28.02587,66.74773,0.09632110595703125,977.1599,0.26296744,1.2394714,1.8411889,24
2024-06-21,manavgat,28.087982,64.320786,0.03775954610318877,975.2862,-0.19806628,1.5140108,1.9400288,24
2024-06-22,manavgat,27.61145,65.795944,0.0017156708054244518,972.396,-0.5673918,1.4900388,2.2296224,24
2024-06-23,manavgat,28.057444,64.794334,3.6470737541094422e-06,972.0008,-0.05251376,1.4275174,2.0964832,24
2024-06-24,manavgat,27.649832,67.726906,0.0004410743486005231,974.57,0.15742366,1.2353038,2.1442745,24
2024-06-25,manavgat,28.009146,70.2669,0.0,975.2337,0.68490154,1.0749859,1.8142568,24
2024-06-26,manavgat,29.660044,62.658264,0.0021517274717552937,973.99054,-0.010591507,0.43033493,2.1446953,24
2024-06-27,manavgat,29.010641,64.90653,0.0,974.7737,-0.02061526,1.0608692,2.1816916,24
2024-06-28,manavgat,28.563559,68.86437,0.0017251713870791718,972.9226,0.20881462,1.466657,2.1139848,24
2024-06-29,manavgat,27.691162,64.355865,0.10618605847412255,970.42505,-0.6929283,1.2728834,2.234656,24
2024-06-30,manavgat,30.29419,36.352028,0.0012891123333247378,972.5743,0.30612373,-2.7617998,3.0498803,24
2024-07-01,manavgat,30.361948,38.97599,1.979060471057892e-06,973.2275,0.7632205,-1.9476748,3.1605313,24
2024-07-02,manavgat,29.752054,46.01756,0.000852346317969932,971.90234,0.32077917,0.13488376,2.8190968,24
2024-07-03,manavgat,28.061554,58.098385,0.001430511474609375,971.9009,-0.65935135,2.303447,3.1590307,24
2024-07-04,manavgat,25.899954,71.50085,1.29826704505831,974.4484,-0.2730433,2.8197918,2.949728,24
2024-07-05,manavgat,25.428915,71.06884,2.112410729750991,976.06616,0.92229146,0.7996152,1.9496589,24
2024-07-06,manavgat,29.795654,46.568165,0.0021273035599733703,973.9509,1.0741915,-2.7276485,3.2731247,24
2024-07-07,manavgat,31.547293,42.43617,0.0,972.64435,0.57930523,-2.5744803,2.9097862,24
2024-07-08,manavgat,31.625793,43.42874,0.0,972.2315,-0.3621038,-0.9201317,2.8515537,24
2024-07-09,manavgat,30.766693,54.23694,0.0965833663713056,972.74457,-0.6182372,0.34219444,2.2364368,24
2024-07-10,manavgat,29.442017,65.47942,1.3307631015777588,974.87036,0.30151686,0.7478935,2.090411,24
2024-07-11,manavgat,28.915995,66.83396,0.4256844404153526,976.9017,0.50433314,1.0585251,2.1819985,24
2024-07-12,manavgat,28.523691,66.847824,0.0008583068620282575,976.24365,0.64454204,1.133615,2.288934,24
2024-07-13,manavgat,27.213776,72.090775,2.9870718717575073,973.91016,0.3866488,0.9699355,1.9151477,24
2024-07-14,manavgat,28.610352,70.147064,1.1867821449413896,972.1259,0.7147153,0.30410525,1.4834522,24
2024-07-15,manavgat,29.623941,62.2162,0.09393692016601562,971.8239,0.14528847,-0.023168722,1.9957284,24
2024-07-16,manavgat,28.9452,70.34542,0.40240884118247777,973.7385,0.2466863,0.95591456,1.8594402,24
2024-07-17,manavgat,29.242716,68.83493,0.0,975.2087,0.5007699,0.9249346,2.0431108,24
2024-07-18,manavgat,29.57901,67.816,0.000852346317969932,975.08276,0.1803735,0.5415009,1.939972,24
2024-07-19,manavgat,31.965067,53.898525,0.0021398063836386427,972.398,-0.07475599,-1.1123575,2.040168,24
2024-07-20,manavgat,32.239063,44.444668,0.0008595657732257678,971.392,-0.090379715,-1.1750613,2.8969765,24
2024-07-21,manavgat,31.313162,50.87982,0.002580881073299679,973.3372,-0.25406966,0.81688803,2.4954236,24
2024-07-22,manavgat,30.481894,60.22566,0.000852346317969932,973.8852,-0.2204094,1.1297146,2.3564167,24
2024-07-23,manavgat,29.811228,71.76859,0.8896440267562866,973.9816,0.07923571,1.126956,1.933653,24
2024-07-24,manavgat,29.557241,74.144516,0.26886462001129985,971.3099,0.40105757,1.1241131,1.6610216,24
2024-07-25,manavgat,28.0029,78.46179,4.2675556614995,969.66705,-0.0108954115,1.2522198,1.4631616,24
2024-07-26,manavgat,28.367727,73.95484,0.31498074531555176,970.4051,1.1921839,0.77715343,2.094133,24
2024-07-27,manavgat,30.512247,44.701252,0.0,975.1101,1.0169989,-3.2400978,3.622904,24
2024-07-28,manavgat,30.303782,45.266712,0.0008583068620282575,978.2798,0.52024525,-1.9246687,2.7369568,24
2024-07-29,manavgat,30.57952,47.366642,0.0021427867977763526,974.60394,0.30560747,-0.49613786,2.899552,24
2024-07-30,manavgat,29.675222,56.34377,0.0008523463748133508,971.0217,-0.2088089,0.821414,2.3406816,24
2024-07-31,manavgat,30.402771,47.563965,0.000852346317969932,973.35547,-0.39786276,-0.64314014,2.8958995,24
2024-08-01,manavgat,30.298126,51.51533,0.0021312280296115205,974.6575,0.14888382,0.47798285,2.6122944,24
2024-08-02,manavgat,29.752594,55.63139,0.000852346317969932,973.9658,0.23524475,1.0078157,2.651423,24
2024-08-03,manavgat,28.466654,66.223335,0.11407291458453983,973.093,-0.09454727,1.5355116,2.3516908,24
2024-08-04,manavgat,28.2789,71.49796,0.21129846572875977,974.13306,0.24919574,1.2980334,1.8761271,24
2024-08-05,manavgat,28.22754,71.21183,1.1065155267715454,974.1975,0.69662476,1.0765957,2.1582358,24
2024-08-06,manavgat,28.591064,71.2915,1.4901161193847656e-05,974.0122,0.7248351,1.3160744,2.0248287,24
2024-08-07,manavgat,28.629435,70.596146,0.040143728256225586,974.3173,0.5679696,1.1342907,1.763101,24
2024-08-08,manavgat,28.690378,68.77491,0.04616379737854004,975.86005,0.5044562,1.3717521,1.8041387,24
2024-08-09,manavgat,28.480612,70.0832,0.0,976.65924,0.7456061,1.2950406,1.7924019,24
2024-08-10,manavgat,28.173584,71.813286,0.030249357223510742,977.11035,0.71794826,1.1137414,1.7649012,24
2024-08-11,manavgat,29.960632,61.363537,0.02835094892361667,975.97516,0.31695637,0.29541382,1.8776135,24
2024-08-12,manavgat,31.090616,44.369198,0.0008583068620282575,974.90405,-0.027358374,-1.5570049,2.6093733,24
2024-08-13,manavgat,30.789286,45.42738,0.0,975.605,0.0030612946,-0.06406951,2.6741445,24
2024-08-14,manavgat,29.795145,55.066753,0.0,976.399,-0.30391502,0.96669865,2.297916,24
2024-08-15,manavgat,29.614786,57.44917,0.0008642673492431641,975.9966,-0.48568663,0.960969,2.1037478,24
2024-08-16,manavgat,31.709574,41.52624,0.0008583068620282575,973.71124,-0.16079076,-2.250745,2.562094,24
2024-08-17,manavgat,30.92333,36.760227,0.0,972.28705,0.2381808,-1.2287674,3.003663,24
2024-08-18,manavgat,29.259003,51.214878,0.0008583068620282575,974.2991,-0.15397644,0.7502772,2.4987607,24
2024-08-19,manavgat,28.082193,60.002354,0.0,977.0783,0.47387633,0.84927845,2.0811234,24
2024-08-20,manavgat,28.266592,61.110744,0.0008546918479623855,977.2985,0.4577124,0.9665637,1.864666,24
2024-08-21,manavgat,28.532705,64.93462,6.347136149997823e-07,974.3669,-0.45393097,1.7634364,2.427872,24
2024-08-22,manavgat,27.353424,68.10189,0.024872668291209266,974.0109,-0.59890497,1.520425,2.372029,24
2024-08-23,manavgat,27.18042,73.893005,1.6105638351291418,977.05646,0.7779439,0.8419345,1.7496067,24
2024-08-24,manavgat,29.236654,62.31699,0.2593696117401123,976.69507,0.5831197,0.29578385,1.7858208,24
2024-08-25,manavgat,29.122873,61.041637,0.17267763905692846,974.95807,-0.194767,0.090655126,2.1737812,24
2024-08-26,manavgat,28.193583,66.94268,0.37664175033569336,976.3807,0.38549614,0.8337493,2.042617,24
2024-08-27,manavgat,27.300192,70.02941,0.3075897693634033,977.9411,0.44532332,0.850673,1.8402452,24
2024-08-28,manavgat,27.177237,70.97241,0.0590026393183507,979.3316,0.64859134,0.74852467,2.0052803,24
2024-08-29,manavgat,27.052713,70.66966,0.11705160432029516,978.3293,0.405763,0.8924866,1.9005352,24
2024-08-30,manavgat,27.118805,71.02551,0.36759674549102783,977.2557,0.500171,0.7065646,2.195892,24
2024-08-31,manavgat,26.926392,70.95588,0.42927562026306987,976.7378,-0.12748845,0.85451645,2.0572398,24
2024-09-01,manavgat,25.81424,72.92217,2.9275298584252596,976.5569,-0.87767667,0.69069415,2.0474322,24
2024-09-02,manavgat,24.081259,76.82891,3.613406326621771,980.4978,-0.891023,1.3468761,2.044442,24
2024-09-03,manavgat,24.950064,76.35243,2.437579445540905,981.135,0.63976604,0.06532506,1.5817733,24
2024-09-04,manavgat,26.910257,71.402176,0.05485415385919623,978.3108,0.42962882,0.3703216,1.8479043,24
2024-09-05,manavgat,27.592875,68.08097,0.24250149726867676,976.86395,0.5069151,-0.1542712,2.0800471,24
2024-09-06,manavgat,28.291382,63.44817,0.02872943878173828,977.1756,-0.15827751,-0.24311574,2.1397898,24
2024-09-07,manavgat,28.590332,57.680252,0.0,977.8032,0.22075815,0.10637728,2.7165854,24
2024-09-08,manavgat,27.067831,66.082985,0.4295966761560521,977.13385,-0.880342,0.6756155,2.0743303,24
2024-09-09,manavgat,26.09014,71.914986,0.3903477918356657,978.2761,-0.07136663,0.58992606,1.8166267,24
2024-09-10,manavgat,25.104105,73.847496,0.6642909138463438,977.7468,-0.5003394,1.7494642,2.3465874,24
2024-09-11,manavgat,24.934824,70.71967,1.205015229061246,979.11285,-0.43065453,1.6292158,1.8992413,24
2024-09-12,manavgat,25.797842,67.08631,0.3409445289435098,980.7419,0.90736455,0.34986627,1.8663888,24
2024-09-13,manavgat,25.41813,71.058136,0.0017310112525592558,978.6892,0.35359192,0.5923991,1.9410244,24
2024-09-14,manavgat,26.104004,68.249214,0.0,976.34076,0.28473473,0.71356934,2.1781843,24
2024-09-15,manavgat,25.380014,69.28701,0.002585224933682184,974.2066,-1.1277384,1.1466316,2.4457972,24
2024-09-16,manavgat,24.740427,62.653793,0.0015813296840860858,975.0774,0.41822052,0.7815678,2.6408079,24
2024-09-17,manavgat,24.228952,65.79203,0.009179115295410156,979.78937,0.013884227,0.64632875,2.3009937,24
2024-09-18,manavgat,24.006338,69.263145,0.0008583068620282575,981.4301,-0.11971474,0.72461444,1.9537754,24
2024-09-19,manavgat,24.253113,68.949554,0.7399949245154858,978.6569,0.31844774,0.43537948,1.9255253,24
2024-09-20,manavgat,24.514252,67.42688,1.3892949209548533,978.93256,-0.27454185,0.4507016,1.5618758,24
2024-09-21,manavgat,23.003265,75.019875,10.51379181444645,978.9301,-0.20864296,-0.034192722,1.4861403,24
2024-09-22,manavgat,22.613272,68.11409,4.402223043143749,978.8899,0.22585614,0.071608745,1.3284307,24
2024-09-23,manavgat,22.694418,62.252956,0.049597023462411016,980.499,0.43076196,-0.058106262,2.1363053,24
2024-09-24,manavgat,23.010101,66.46284,0.0008435492873104522,983.4929,0.05212148,-0.12039665,1.999307,24
2024-09-25,manavgat,23.7582,64.80512,3.259913228248479e-06,983.3552,0.48403487,-0.024394512,2.1214325,24
2024-09-26,manavgat,24.822397,62.333385,0.0,981.55646,-0.07262802,-0.15951288,2.164515,24
2024-09-27,manavgat,25.301107,62.438324,0.0004351138045421976,980.10474,-0.40500703,-0.13581784,2.1400754,24
2024-09-28,manavgat,25.163748,65.5651,0.0008583068051848386,979.239,-0.15188281,0.19577663,1.9993854,24
2024-09-29,manavgat,24.318186,70.76281,0.0004351138045421976,977.545,-0.5820567,0.7409596,2.1899717,24
2024-09-30,manavgat,22.225779,79.80677,3.996490501151584,975.53,-1.9057642,1.5073004,3.4584703,24
2024-10-01,manavgat,22.564707,55.71373,0.0005960464477539062,974.7746,1.9167334,-2.226394,3.684988,24
2024-10-02,manavgat,21.94394,50.383183,0.000852346317969932,978.88824,0.67553586,-1.0490652,2.7783763,24
2024-10-03,manavgat,21.854624,66.54162,0.0012874597814516164,983.82495,0.40181413,-0.01557668,1.956755,24
2024-10-04,manavgat,22.323395,66.07408,0.0013077157632324088,984.11255,0.96143085,0.041084927,1.8339721,24
2024-10-05,manavgat,22.942545,71.134834,0.0004357596594672941,982.03265,0.045776885,0.27238837,1.7792507,24
2024-10-06,manavgat,22.744028,72.683105,0.0008583068620282575,980.9245,-0.17426467,0.276307,1.881796,24
2024-10-07,manavgat,22.718313,73.106,0.0014156103134155273,982.5661,-0.13636474,0.49133393,1.9707781,24
2024-10-08,manavgat,23.261292,71.35716,0.004246830940246582,984.8171,0.16868024,0.1386745,1.9850489,24
2024-10-09,manavgat,22.443491,76.70849,0.003719329924933845,984.0972,-0.05012385,0.666004,1.8329462,24
2024-10-10,manavgat,22.103678,74.55608,0.0018432990600558696,981.38055,0.36928114,0.4805533,1.5823649,24
2024-10-11,manavgat,22.483713,74.43938,0.003700464048961294,980.36383,0.27207565,0.47005495,1.4577317,24
2024-10-12,manavgat,22.896097,73.44145,0.0,981.61945,0.29642105,0.57363826,1.500954,24
2024-10-13,manavgat,22.908356,76.37859,0.17039025260601193,981.684,0.54295605,0.548878,1.5193185,24
2024-10-14,manavgat,22.853891,79.718254,0.20476282224990427,980.8061,0.38116327,0.47932422,1.3839774,24
2024-10-15,manavgat,22.622793,79.47277,0.10544061660766602,982.04346,0.40573564,0.23826818,1.5532066,24
2024-10-16,manavgat,22.73467,74.51089,0.05176067497814074,982.77094,0.14723778,0.36804524,1.697361,24
2024-10-17,manavgat,22.104645,45.39687,3.0740920919924974e-06,981.86163,0.6652425,-4.3884754,4.5700183,24
2024-10-18,manavgat,18.407084,32.94204,0.0017046926927832828,983.35016,0.50246173,-3.9173615,4.0598054,24
2024-10-19,manavgat,18.106619,39.396137,0.0017184111129608937,985.95734,0.22490947,-1.3425459,2.6007173,24
2024-10-20,manavgat,18.180014,41.771004,0.0017295787984039634,989.6821,0.051274616,-1.2809874,2.606866,24
2024-10-21,manavgat,18.541147,35.9266,0.0008453411055597826,990.4705,-0.21107356,-3.4628544,3.5622842,24
2024-10-22,manavgat,18.134024,35.038765,0.0008523463748133508,990.54565,-0.7539692,-3.921438,4.0136456,24
2024-10-23,manavgat,17.934265,40.904163,0.0008583068620282575,991.34106,-0.3746872,-1.1709818,2.7115986,24
2024-10-24,manavgat,18.6746,47.94119,0.0,990.5402,-0.3364601,-0.7788182,2.5409462,24
2024-10-25,manavgat,19.187164,45.925556,0.0017106531799981894,988.3531,-0.28079858,-1.0124749,2.5111074,24
2024-10-26,manavgat,19.506521,46.880432,0.0008701620686224487,988.02716,-0.2705644,-1.4645132,2.435734,24
2024-10-27,manavgat,19.628672,46.416134,0.0,989.90656,-0.42407927,-0.9158497,2.4744213,24
2024-10-28,manavgat,18.747274,55.80057,0.0,987.7668,-0.2587433,-0.27807108,1.974948,24
2024-10-29,manavgat,19.269796,47.263744,0.0,984.3928,-0.46035385,-0.72678024,2.122216,24
2024-10-30,manavgat,19.774231,45.585224,0.0,982.434,-0.45255196,-1.4466228,2.5878654,24
2024-10-31,manavgat,19.273804,47.481564,0.0,983.2303,-0.65315694,-1.2920545,2.3858402,24
2024-11-01,manavgat,20.009064,49.00439,0.000852346317969932,985.2505,-0.43175635,-1.8190101,2.5576565,24
2024-11-02,manavgat,20.11263,55.3243,0.018876791727961972,985.06635,-0.31751952,-0.7260577,2.3636105,24
2024-11-03,manavgat,20.070862,53.90637,0.0025693825591588393,983.87054,-0.021338144,-0.83493805,2.1514556,24
2024-11-04,manavgat,17.962687,54.725983,8.557435648981482e-06,984.6707,-0.3907598,-1.2958293,2.3101122,24
2024-11-05,manavgat,17.530447,55.4897,0.000852346317969932,986.9304,-0.42605528,-0.88983506,1.9695973,24
2024-11-06,manavgat,17.179474,44.60815,0.0008619792879471788,990.4866,-0.19434202,-1.1487083,2.434947,24
2024-11-07,manavgat,17.239725,44.33299,0.0017115757486863004,992.1236,-0.34323058,-1.5014229,2.4800584,24
2024-11-08,manavgat,17.253408,43.87726,0.0008523463748133508,990.2163,-0.16406949,-1.7325836,2.6240973,24
2024-11-09,manavgat,17.13273,45.144917,0.0,986.80005,-0.7101472,-1.4872088,2.4826446,24
2024-11-10,manavgat,17.086832,56.27309,0.929701142013073,984.11285,0.52724385,-2.1771238,2.992809,24
2024-11-11,manavgat,16.919992,69.55747,0.21393001225078478,986.6607,0.7233049,-0.87122184,2.354886,24
2024-11-12,manavgat,16.868948,72.36294,0.0,988.70435,0.2624174,-0.47990474,1.8342797,24
2024-11-13,manavgat,16.825928,68.24248,0.000852346317969932,989.3413,0.18247859,-0.63629216,2.099985,24
2024-11-14,manavgat,17.519918,65.753235,0.001293420325509942,986.8139,-0.1544482,-0.58944386,2.3315303,24
2024-11-15,manavgat,16.693766,71.814354,0.41197537211701274,984.28815,-1.2264781,0.011851628,2.0858853,24
2024-11-16,manavgat,15.754211,80.32094,5.112129263579845,983.9868,-1.3073152,0.7765414,2.2494826,24
2024-11-17,manavgat,14.471802,88.73963,24.020344018936157,980.79877,-2.2792816,2.6276846,3.5553198,24
2024-11-18,manavgat,14.408539,78.43189,1.9788771751336753,979.8569,-0.21865909,0.24402487,1.7144337,24
2024-11-19,manavgat,14.670949,73.653564,0.06521194882225245,983.6508,-0.4037523,-0.19856425,1.7261258,24
2024-11-20,manavgat,14.742035,73.47177,0.7555261254310608,985.0007,-1.6665726,0.8386462,2.478688,24
2024-11-21,manavgat,14.8998,83.59283,17.964918166399002,984.3974,-3.317459,2.9633114,4.520363,24
2024-11-22,manavgat,16.27243,89.65351,30.48154152929783,986.4406,-2.9427109,2.8989048,4.2638755,24
2024-11-23,manavgat,16.051035,92.26768,34.52388942241669,985.97174,-2.0313237,3.784063,4.419733,24
2024-11-24,manavgat,8.92751,51.522568,7.522821426391602,985.5949,1.1360441,-6.792092,7.2053943,24
2024-11-25,manavgat,6.7304993,45.24146,0.009858607882051729,987.87164,0.78208095,-5.1826572,5.3129525,24
2024-11-26,manavgat,8.13327,55.109074,0.0,987.4871,0.45617995,-2.439202,2.8285828,24
2024-11-27,manavgat,9.292287,60.922577,0.0,989.26685,-0.80446196,-1.4653803,1.9240432,24
2024-11-28,manavgat,10.885966,61.47199,0.001718990461085923,991.80005,-0.98375577,-1.4201895,2.0166576,24
2024-11-29,manavgat,10.517914,65.9076,0.0012934206097270362,991.40405,-0.7423274,-1.2000935,1.8731502,24
2024-11-30,manavgat,11.438792,72.5357,0.0,992.36383,-0.78616714,-1.0098101,1.7063822,24
2024-12-01,manavgat,12.33432,76.597046,0.01735687328618951,990.38696,-0.4946855,-0.94421715,1.64428,24
2024-12-02,manavgat,12.571605,86.787544,6.175193168019177,986.8156,-1.2348017,0.22250271,1.7142698,24
2024-12-03,manavgat,12.9878645,84.06057,11.16024237126112,983.3953,-3.4435272,2.515646,4.3258953,24
2024-12-04,manavgat,12.804657,83.89183,15.782618895173073,984.9257,-2.2720897,1.9625102,3.1012008,24
2024-12-05,manavgat,12.736409,82.449104,4.152099834755063,989.34906,-0.53605527,-0.44579506,1.6211017,24
2024-12-06,manavgat,13.171763,73.31916,0.0021487467165570706,990.22723,-0.18469746,-1.5980644,1.864364,24
2024-12-07,manavgat,13.79071,73.96943,6.886810064315796,987.132,-0.6329074,-0.51472217,2.235092,24
2024-12-08,manavgat,13.07254,86.29815,16.978010535240173,987.0369,-2.8396091,2.7917442,4.0871987,24
2024-12-09,manavgat,14.555837,78.03649,0.7328795036301017,991.95,-2.5242307,1.3445889,3.014002,24
2024-12-10,manavgat,14.099935,82.62774,0.7189094903878868,992.6081,-1.2621979,0.11409497,1.6787292,24
2024-12-11,manavgat,13.4860735,83.39184,0.08943676948547363,990.0308,-0.6873347,-0.42393637,1.2463782,24
2024-12-12,manavgat,13.315785,69.80529,0.003987363015767187,986.55255,1.0851554,-3.054252,3.5286684,24
2024-12-13,manavgat,11.007579,53.77916,1.6842932382132858e-05,988.957,0.908041,-4.4364877,4.5379252,24
2024-12-14,manavgat,9.645355,58.38083,0.000870227722771233,994.29193,-0.3705025,-1.805324,2.5651486,24
2024-12-15,manavgat,11.432363,74.43713,3.2435953617095947,994.29535,-2.2167263,1.3182898,3.146046,24
2024-12-16,manavgat,12.0773115,89.0442,33.94776023924351,990.2139,-1.0439465,0.83500415,2.508429,24
2024-12-17,manavgat,11.031108,71.627266,0.004257149555542128,993.6535,-0.30258572,-1.41078,1.8112382,24
2024-12-18,manavgat,10.960856,67.41587,0.001289829015149735,991.639,-0.48537138,-0.7552249,1.5490285,24
2024-12-19,manavgat,11.522908,73.68928,0.0008493365157846711,986.9428,-0.60576195,-0.76701766,1.6265951,24
2024-12-20,manavgat,11.679524,79.76469,0.32563507556915283,984.1258,-1.1770524,-0.3777126,1.778882,24
2024-12-21,manavgat,12.757894,86.92008,31.656935811042786,984.6382,-2.0518067,3.216589,4.603613,24
2024-12-22,manavgat,12.765462,80.53475,4.1357961017638445,983.4226,-0.9260082,1.2313347,2.2812903,24
2024-12-23,manavgat,11.841481,84.549515,10.64540445804596,980.98047,-2.0785713,1.6107947,2.7580144,24
2024-12-24,manavgat,12.475993,90.42872,47.43804410099983,980.47736,-3.0709946,4.770145,5.7142224,24
2024-12-25,manavgat,11.336273,91.27648,74.54569265246391,981.1198,-2.0220764,4.1301746,5.0401044,24
2024-12-26,manavgat,10.489807,87.971375,11.03364210575819,983.1652,-2.3382587,0.9156227,2.815223,24
2024-12-27,manavgat,10.939545,75.359825,2.594210207462311,981.2785,-0.026926875,-1.0776114,1.8094583,24
2024-12-28,manavgat,9.6136675,87.07729,12.56018877029419,983.3271,-2.1724858,0.7773517,2.748791,24
2024-12-29,manavgat,9.452077,86.44375,11.985937133431435,986.4424,-2.2070024,1.6055609,2.815274,24
2024-12-30,manavgat,9.080922,75.93954,2.8079599142074585,986.04865,-0.36405137,-1.5015684,1.816017,24
2024-12-31,manavgat,10.236165,65.73228,0.0008583301678299904,991.75165,-0.14317448,-2.93544,2.977314,24
2025-01-01,manavgat,9.484273,70.231255,0.0,997.0285,-0.7451861,-1.6258017,2.0466566,24
2025-01-02,manavgat,9.761729,68.84142,0.0,997.1101,-0.8159938,-1.0257405,1.7465744,24
2025-01-03,manavgat,9.787465,77.99789,0.007930398169264663,994.04816,-0.916832,-0.9826808,1.5153934,24
2025-01-04,manavgat,10.763123,84.43351,5.119934678077698,990.1172,-1.4848094,-0.2801372,1.9712567,24
2025-01-05,manavgat,12.226105,82.087616,1.7463713884353638,985.9404,0.28057823,-1.4304138,1.8555187,24
2025-01-06,manavgat,11.580516,80.5597,0.041482995584374294,988.83624,-0.92474335,-0.9380603,2.0803707,24
2025-01-07,manavgat,11.905212,85.17318,0.27684326414600946,994.1364,-0.7946593,-0.67971677,1.3179849,24
2025-01-08,manavgat,12.204834,86.06018,0.09631956345401704,993.60815,-0.5159073,-0.59160227,1.3941895,24
2025-01-09,manavgat,11.916992,76.98998,0.001475214958190918,989.8698,-0.19293599,-0.83963245,1.4132276,24
2025-01-10,manavgat,12.1769,73.086494,0.0021506893972400576,985.5786,-0.31535903,-1.1194845,1.8979858,24
2025-01-11,manavgat,11.777313,76.175064,0.029283761250553653,986.35297,-0.9602027,-0.51318043,1.849638,24
2025-01-12,manavgat,12.528239,80.92516,5.339443687262246,988.738,-2.527916,1.6551405,3.2099006,24
2025-01-13,manavgat,13.488129,89.19697,10.026347823441029,991.1555,-2.3733532,2.3074858,3.4317744,24
2025-01-14,manavgat,13.075806,86.14202,1.2213140726089478,990.3237,-0.5934887,-0.5058013,1.338141,24
2025-01-15,manavgat,11.901347,88.15717,9.202909306623042,987.8799,-1.1598473,-0.25634894,1.728212,24
2025-01-16,manavgat,12.099233,75.27846,0.3354223445057869,991.62494,0.28893533,-1.7722797,2.3932674,24
2025-01-17,manavgat,11.627391,63.448452,0.0008583068620282575,994.6709,0.112117134,-3.7755148,3.8187463,24
2025-01-18,manavgat,11.051697,62.18573,0.000852346317969932,991.2246,-0.18556722,-2.9298747,3.1868818,24
2025-01-19,manavgat,11.645305,66.03509,0.0013043331819062587,988.47345,-0.35759225,-1.4518396,2.2549121,24
2025-01-20,manavgat,12.552379,68.94267,0.008371472461021767,987.4755,-0.86421484,-1.3710527,2.6424549,24
2025-01-21,manavgat,12.466156,78.238205,0.5115866661071777,991.3201,-1.280489,-0.4408739,1.8147804,24
2025-01-22,manavgat,11.207988,84.04557,24.157497799023986,988.66876,-2.671482,0.6574343,2.8761518,24
2025-01-23,manavgat,10.504262,86.81812,14.79941513389349,988.96906,-1.6732744,0.32389784,1.9858147,24
2025-01-24,manavgat,10.09375,84.36039,0.7262456347234547,990.4197,-0.6447646,-0.27559233,1.4560132,24
2025-01-25,manavgat,10.411784,85.950035,6.271958991419524,989.5207,-2.0811408,0.4849089,2.5755508,24
2025-01-26,manavgat,11.837952,74.234314,4.314115736633539,990.12744,-0.4385332,-1.3614231,2.5777385,24
2025-01-27,manavgat,10.958984,74.065155,0.0004351138045421976,990.0922,-0.5967763,-0.9584529,1.8749653,24
2025-01-28,manavgat,10.99527,76.059616,0.0012993805285077542,991.1169,-1.0955989,-1.0232805,1.8700935,24
2025-01-29,manavgat,11.0472,81.006256,0.0008644283866487967,993.2451,-0.37090135,-0.9290104,1.653081,24
2025-01-30,manavgat,11.125712,78.19488,0.0004351138045421976,993.77606,-0.22705002,-0.4977964,1.5285343,24
2025-01-31,manavgat,11.431041,78.07797,0.05077123597629907,990.8328,-0.026352763,-0.69287235,2.083006,24
2025-02-01,manavgat,11.903819,74.89616,0.0008285045396405621,991.0312,-0.3509009,-0.94974965,1.9184936,24
2025-02-02,manavgat,11.466644,76.97727,0.0025925666022885707,991.0184,-0.3948911,-0.67753285,1.7349267,24
2025-02-03,manavgat,11.367625,75.99377,0.0017106528389376763,987.43304,-0.005290985,-0.7087555,1.6398379,24
2025-02-04,manavgat,11.049052,84.46644,6.4529389140375315,984.27094,-0.7777913,-0.4131972,1.6431504,24
2025-02-05,manavgat,8.968231,61.41319,3.763023065403104,979.23615,-0.6255656,-4.768265,4.9426575,24
2025-02-06,manavgat,5.566488,41.53363,0.03215074502804782,982.63983,0.17426336,-7.4491105,7.505502,24
2025-02-07,manavgat,5.492472,41.623913,0.004935264314553933,988.5434,-0.024525246,-6.1140404,6.1944327,24
2025-02-08,manavgat,7.515859,52.304165,0.0002384185791015625,989.4213,-0.20997357,-3.2688549,3.3736703,24
2025-02-09,manavgat,8.140889,55.98436,0.0,986.7006,-0.61843157,-2.258571,2.569619,24
2025-02-10,manavgat,8.211741,55.553467,0.004211067789583467,986.3721,-0.40322444,-1.7152451,2.4163103,24
2025-02-11,manavgat,7.7844644,57.011555,0.000852346317969932,987.87506,0.007815679,-1.8396325,2.464282,24
2025-02-12,manavgat,7.3799744,59.76221,0.7327377679757774,988.00836,-0.15230496,-1.9396797,2.608414,24
2025-02-13,manavgat,7.3074036,50.97318,0.1300735239055939,988.3584,1.1637148,-4.543863,4.726863,24
2025-02-14,manavgat,7.8682046,60.83521,0.0017225747797056101,989.63446,-0.1792628,-1.1695235,2.2718494,24
2025-02-15,manavgat,9.135803,73.12359,0.001729240466374904,987.529,-0.34897804,-0.9805279,1.6475115,24
2025-02-16,manavgat,10.552867,71.383286,0.0030159944799379446,984.5323,-0.19366138,-0.55035275,1.6842376,24
2025-02-17,manavgat,9.929942,82.42516,4.35966532677412,985.0727,-1.5174338,0.6099898,2.3619397,24
2025-02-18,manavgat,10.945567,83.70689,8.86256992816925,985.89874,-3.1065104,1.7488003,3.6718805,24
2025-02-19,manavgat,12.003734,70.29644,1.1684000492095947,982.95526,0.7662818,-1.2036533,3.1299736,24
2025-02-20,manavgat,7.243632,41.69231,0.014141201063466724,984.2336,-0.07333056,-5.785627,5.868937,24
2025-02-21,manavgat,4.381836,34.66872,0.0004351138045421976,988.70514,-0.57739323,-5.0460424,5.103403,24
2025-02-22,manavgat,3.2322223,33.794666,0.0022351741790771484,991.25244,-0.3579553,-5.199989,5.226444,24
2025-02-23,manavgat,2.8873608,32.154922,0.000852346317969932,993.9475,-0.2392451,-4.1316257,4.174989,24
2025-02-24,manavgat,3.571645,36.195774,0.000861157957388059,995.769,-0.24063747,-1.735711,2.697837,24
2025-02-25,manavgat,4.6448264,59.88278,0.0015784726201673038,993.9913,-0.5824566,-0.9592616,1.7640971,24
2025-02-26,manavgat,7.559977,64.337685,0.0012882846931461245,991.28644,0.028639475,-0.68848103,1.8992494,24
2025-02-27,manavgat,9.153026,74.14454,0.0004359243348517339,991.76215,-0.27760315,-0.551246,1.9212542,24
2025-02-28,manavgat,9.825073,80.06472,2.17674947634805,988.1277,-1.0851046,0.18087387,1.8451176,24
2025-03-01,manavgat,10.802856,74.3243,0.0008493661880493164,988.27563,0.25742722,-0.53659946,1.9400553,24
2025-03-02,manavgat,11.562866,80.742935,0.19105076779624142,990.26953,-0.4755046,-0.1342252,1.8397712,24
2025-03-03,manavgat,11.671611,83.53498,3.606826066970825,984.6785,-0.51880544,-0.23335314,1.6271812,24
2025-03-04,manavgat,12.296875,64.35006,0.0016123055956995813,982.0832,-0.74925107,-2.838672,2.9938765,24
2025-03-05,manavgat,13.660878,59.2769,0.0015527009509241907,986.0257,-0.41405448,-2.5027685,2.8256605,24
2025-03-06,manavgat,14.682454,57.67216,0.0,989.36163,-0.5283782,-2.2694523,2.664496,24
2025-03-07,manavgat,14.59612,58.151505,0.0,986.18317,-0.76224643,-0.77244025,2.3183367,24
2025-03-08,manavgat,13.767497,67.926476,0.0025684157662908547,980.8372,-0.123460054,-0.13221729,2.171911,24
2025-03-09,manavgat,13.38562,75.166176,0.03668446333904285,981.9422,-0.9852524,0.6159845,2.0392115,24
2025-03-10,manavgat,12.48763,79.5375,0.000852346317969932,986.4881,0.13505681,-0.048447847,1.7149202,24
2025-03-11,manavgat,12.871063,79.06177,0.001719822364520951,990.0137,0.22093709,0.16233933,1.6836694,24
2025-03-12,manavgat,13.717499,73.477135,0.0008583068620282575,989.73236,0.19600995,-0.30818686,1.5836402,24
2025-03-13,manavgat,15.264221,67.25135,0.000852346317969932,986.9724,-0.27612242,-0.743612,1.8582376,24
2025-03-14,manavgat,17.007029,66.12528,0.0012865057215094566,987.18646,0.13325119,-0.8612938,2.1413774,24
2025-03-15,manavgat,17.749826,66.411705,0.0021521964299608953,989.1565,-0.08830961,-0.099556364,1.8634038,24
2025-03-16,manavgat,17.696451,62.765675,0.020557641619234346,987.39716,-0.25461325,0.24481583,1.8780392,24
2025-03-17,manavgat,17.27355,61.09512,0.006794929504394531,981.6375,-0.70032185,1.4406371,2.1341178,24
2025-03-18,manavgat,16.257608,66.86471,0.0051021570470766164,977.3996,0.5079462,0.4726398,2.4353333,24
2025-03-19,manavgat,10.916473,62.656284,5.989283323287964,978.2109,-0.6604853,-4.694155,4.96817,24
2025-03-20,manavgat,6.8758645,39.48485,0.08574128150939941,984.49634,0.19129765,-6.6088142,6.698031,24
2025-03-21,manavgat,8.759888,42.163906,0.0063389531987922965,986.81647,0.58541423,-3.9483547,4.13166,24
2025-03-22,manavgat,9.788361,56.148422,0.0013008347536924703,989.3869,0.2514979,-0.8565521,2.5497468,24
2025-03-23,manavgat,11.238637,68.578995,0.0017143775039585307,993.8177,0.17692184,-0.08424505,1.9747523,24
2025-03-24,manavgat,13.562358,75.88734,0.14594197091355454,996.0855,0.82896584,-0.13793595,1.6683413,24
2025-03-25,manavgat,16.505716,76.1484,0.0856399565236643,993.1203,0.7968538,0.24592972,1.4890119,24
2025-03-26,manavgat,17.382212,72.1513,0.0017017125060192484,986.3416,0.320577,0.36311173,1.481042,24
2025-03-27,manavgat,17.745361,70.05185,0.0004351138613856165,981.3221,-0.070925474,0.08691283,1.7872658,24
2025-03-28,manavgat,18.725088,62.83456,0.006979961653996725,975.586,-0.48125497,0.7054251,2.4729857,24
2025-03-29,manavgat,15.105275,81.67193,3.261449582169007,976.36945,-1.6180869,3.6298387,4.221101,24
2025-03-30,manavgat,12.902822,83.22786,10.099584236741066,978.02637,-0.88963956,1.6823703,2.609759,24
2025-03-31,manavgat,14.435353,65.84541,0.9386867168359458,980.5737,-1.1041387,0.29073334,1.6544856,24
2025-04-01,manavgat,14.338756,71.76362,10.03484707325697,977.594,0.19604611,-1.339245,2.0965683,24
2025-04-02,manavgat,12.987122,90.495995,43.49176865071058,977.43134,-1.0626112,2.9840288,3.5564432,24
2025-04-03,manavgat,13.441559,79.95579,1.4139891136437654,981.3797,-0.25121498,0.39629063,1.9600353,24
2025-04-04,manavgat,12.812775,83.63543,3.0246585374698043,981.77783,-0.7648379,0.56327057,1.7713746,24
2025-04-05,manavgat,12.878001,84.45177,13.33770714700222,978.9932,-0.43350998,1.4186968,1.9342227,24
2025-04-06,manavgat,13.139903,84.75996,6.770860403776169,979.31757,-1.3618069,1.870017,2.6166773,24
2025-04-07,manavgat,13.002767,81.97018,1.812818692997098,981.8996,-0.6469644,1.6198049,2.5704784,24
2025-04-08,manavgat,14.669017,79.134705,0.5622506141662598,982.4092,0.25483832,0.16771118,1.4709693,24
2025-04-09,manavgat,13.965505,78.81481,8.343386463820934,978.2138,-0.58914566,1.0050368,2.080971,24
2025-04-10,manavgat,11.586467,54.728104,1.8557041912572458,979.7237,2.4782078,-2.7462409,4.365553,24
2025-04-11,manavgat,11.436737,50.87096,0.15074931434355676,977.9116,1.2769591,-1.9891852,3.2539508,24
2025-04-12,manavgat,10.283061,50.75085,0.4220746923238039,979.9243,1.1071955,-1.3250262,3.3643725,24
2025-04-13,manavgat,12.029053,68.124466,2.1660655620507896,982.4261,-0.12228775,-0.34616408,1.9895558,24
2025-04-14,manavgat,12.752797,49.976246,0.0008583068620282575,985.6678,-0.23490016,-3.2381747,3.3697815,24
2025-04-15,manavgat,14.658417,48.996307,0.0008472074455312395,986.7928,0.95689964,-2.807501,3.3088052,24
2025-04-16,manavgat,16.684011,60.389805,0.0,988.44025,-0.60898906,-0.37602106,2.3973536,24
2025-04-17,manavgat,16.844595,73.13214,0.0029980064937262796,988.655,-0.32819238,0.18911116,1.7824559,24
2025-04-18,manavgat,17.50715,76.35859,0.0008665026030030276,984.68677,0.15762393,0.4223446,1.5659074,24
2025-04-19,manavgat,17.007233,75.39524,0.0,981.1987,-0.3776811,1.3573176,1.9915327,24
2025-04-20,manavgat,16.140076,78.097946,0.010538100468693301,979.7963,0.1729552,0.79663944,1.669899,24
2025-04-21,manavgat,16.345886,80.49128,0.005565979336097371,980.49347,0.30408987,0.71927595,1.6483637,24
2025-04-22,manavgat,17.519815,75.185394,0.0012845366654801182,980.8392,0.60972977,0.06456629,1.7801908,24
2025-04-23,manavgat,19.47933,68.07124,0.0012874597814516164,977.3371,-0.1125412,0.19608371,2.1146464,24
2025-04-24,manavgat,16.371643,82.33373,10.70967261784972,975.82007,-1.8821259,2.2966409,3.4003232,24
2025-04-25,manavgat,15.242696,84.392334,12.615939602255821,977.92633,-1.9728769,1.619833,3.0542526,24
2025-04-26,manavgat,15.088562,80.701515,2.6649385690689087,979.7498,0.18775813,0.5458477,1.732122,24
2025-04-27,manavgat,15.750325,81.70739,0.8657366270199418,982.3802,-0.02717781,0.16863342,1.9825257,24
2025-04-28,manavgat,16.861826,79.20988,2.703798934817314,981.47943,0.02756691,0.021431446,1.5966644,24
2025-04-29,manavgat,16.802755,75.81504,2.359501551836729,979.5871,-0.65728444,0.1164786,1.8173751,24
2025-04-30,manavgat,17.019033,78.930504,4.246816039085388,977.6343,0.7361374,-0.31389818,2.0779421,24
2025-05-01,manavgat,14.669108,89.051636,28.018619865179062,978.055,-0.8542595,2.6040184,2.9523227,24
2025-05-02,manavgat,15.178294,73.60212,2.2561282385140657,979.59937,0.16232109,0.015266021,1.4582702,24
2025-05-03,manavgat,15.640941,78.71583,3.7746429443359375,980.6553,-0.19483185,-0.1107231,1.4081861,24
2025-05-04,manavgat,16.334616,80.128075,2.863256959244609,980.1421,-0.44657645,0.1177874,1.7206821,24
2025-05-05,manavgat,17.442698,77.00402,0.0008523463748133508,980.3687,0.23576228,0.28469348,2.2955086,24
2025-05-06,manavgat,18.084747,81.893166,0.07867864042054862,984.7293,-0.21263249,0.54293317,1.8386768,24
2025-05-07,manavgat,18.311218,81.231636,0.1347338402410969,986.2324,0.6829484,0.41425577,1.7371122,24
2025-05-08,manavgat,19.201101,77.34286,0.031059986213222146,983.7641,0.32788277,0.26099262,1.5114907,24
2025-05-09,manavgat,20.1108,72.08753,0.04513859676080756,983.31757,0.36962828,0.07421684,1.7333288,24
2025-05-10,manavgat,21.215546,69.66638,0.0008583068620282575,982.7876,-0.09199715,0.61297053,1.8732663,24
2025-05-11,manavgat,21.949942,61.397923,0.0008583068620282575,978.521,-0.04205958,1.0206548,1.7470347,24
2025-05-12,manavgat,20.210611,70.38877,0.46253204345703125,973.9695,-0.08954302,0.21429889,1.8722323,24
2025-05-13,manavgat,19.481314,73.68578,0.2629995287861675,973.08105,0.19971275,-0.06087911,2.0223053,24
2025-05-14,manavgat,18.617666,76.39254,1.997053623199463,977.23706,-0.20437558,0.18344219,1.8909435,24
2025-05-15,manavgat,18.880524,72.57087,0.2686512407308328,981.278,0.3045279,0.4148867,2.2008736,24
2025-05-16,manavgat,18.38624,80.184616,0.792312611338275,984.63306,0.11549759,0.9922989,1.8750095,24
2025-05-17,manavgat,20.540232,66.48483,0.0017166139514301904,982.6792,0.452116,0.729912,1.6168833,24
2025-05-18,manavgat,20.312225,72.654335,0.0012814989531761967,983.42993,0.12802315,0.8499667,1.6993666,24
2025-05-19,manavgat,20.622843,68.4961,0.0017285350395468413,983.6787,0.38389602,-0.16028722,2.402108,24
2025-05-20,manavgat,19.735535,75.79545,0.013763148331236152,982.11456,-0.10241127,0.6280091,2.0204976,24
2025-05-21,manavgat,21.491974,63.856655,0.0021600180843961425,982.73883,0.25752512,0.08405081,2.05848,24
2025-05-22,manavgat,22.561056,64.136055,0.0,981.2568,-0.006761551,0.2911879,2.1384242,24
2025-05-23,manavgat,24.290792,55.761276,0.0,978.1901,0.6504968,-0.36821318,2.7705097,24
2025-05-24,manavgat,24.941336,54.887844,1.5337944496423006,978.66425,0.954024,-1.1901506,2.7705896,24
2025-05-25,manavgat,24.65441,63.367756,0.0008522765710949898,979.38965,-0.33984885,0.64775723,2.303931,24
2025-05-26,manavgat,24.43986,61.071625,0.01481175422668457,976.35785,-0.2816626,1.2150987,2.4495313,24
2025-05-27,manavgat,22.380178,69.16178,0.0008612871056357108,974.94037,0.25087485,0.86022633,2.221172,24
2025-05-28,manavgat,21.825949,70.47631,0.12814998626708984,976.78033,0.4778315,0.8512904,1.7899328,24
2025-05-29,manavgat,19.560923,79.05249,9.088441729545593,976.7026,-0.68702316,0.14019962,1.5460149,24
2025-05-30,manavgat,18.51246,79.17529,5.214184522628784,978.33636,-1.0160528,1.0015521,2.1019769,24
2025-05-31,manavgat,17.501678,79.7876,8.286073803901672,980.493,-0.23208363,-0.06771668,1.7225488,24
2025-06-01,manavgat,18.561087,76.26009,0.5045150755904615,981.8984,0.37464523,0.41757953,2.0233219,24
2025-06-02,manavgat,20.029175,73.77906,0.32842159271240234,984.0747,0.7888463,0.35625765,1.7633699,24
2025-06-03,manavgat,22.533426,65.49311,0.09571910049999133,983.1719,0.6098836,-1.551905,2.3132923,24
2025-06-04,manavgat,24.5242,53.880497,0.0008583068620282575,982.48334,0.38600603,-1.7123718,2.7383182,24
2025-06-05,manavgat,24.368612,59.095764,0.0,982.56744,-0.29593024,0.17694505,2.3437293,24
2025-06-06,manavgat,24.584768,64.241905,0.0,981.09033,-0.098401465,0.6227433,2.0751786,24
2025-06-07,manavgat,25.170908,66.3304,0.0021398068383859936,979.8493,-0.32895532,0.85703653,1.9877306,24
2025-06-08,manavgat,25.60672,64.64434,0.0008583068620282575,978.07086,-0.362882,0.9699125,1.8153812,24
2025-06-09,manavgat,24.887054,66.18046,0.0008702277796146518,977.9062,-0.21028645,0.9252431,1.9403653,24
2025-06-10,manavgat,25.155558,70.4988,0.4033326986245811,976.91034,-0.022190094,0.6060734,1.7701097,24
2025-06-11,manavgat,25.902609,65.23249,0.0,975.77515,-0.12280401,0.6548032,2.092055,24
2025-06-12,manavgat,26.010956,68.341965,0.00043213367462158203,977.5468,-0.22981644,0.8573757,1.9289867,24
2025-06-13,manavgat,26.239115,71.47625,0.0008434057008344098,978.15045,-0.06387647,1.0218011,1.958931,24
2025-06-14,manavgat,25.94223,75.66645,0.6094366308388999,977.1416,0.25867143,0.9001624,1.5702939,24
2025-06-15,manavgat,25.833384,68.362724,0.00800567795522511,976.2315,0.29462752,0.28413668,1.8478612,24
2025-06-16,manavgat,25.619965,51.985355,0.002158694769605063,976.84674,0.4105924,-0.6574016,2.7492075,24
2025-06-17,manavgat,26.073019,47.502834,0.0,978.4714,0.3338572,-1.0588807,2.7230127,24
2025-06-18,manavgat,26.226522,49.083668,0.0012853206499130465,980.513,-0.042556763,-0.33980033,2.6340892,24
2025-06-19,manavgat,27.101694,48.321674,2.1391315385699272e-06,979.6399,0.13378398,-0.31179395,2.5167685,24
2025-06-20,manavgat,27.266998,56.45489,0.0008463858875984442,977.39154,-0.0007171631,0.73052365,2.4643805,24
2025-06-21,manavgat,26.605469,65.15424,0.3649294376373291,976.90497,-0.28361765,0.8782657,2.2512426,24
2025-06-22,manavgat,26.70762,61.423847,0.07039309275569394,977.1018,0.30041376,-0.5553747,2.372898,24
2025-06-23,manavgat,27.70516,47.55167,0.00043682769046426984,977.43066,0.70164996,-1.1131585,2.8726215,24
2025-06-24,manavgat,27.382904,45.00429,0.0012837981557822786,977.5887,-0.030644735,-0.4774255,2.6992795,24
2025-06-25,manavgat,28.239573,48.75458,0.0008523463748133508,976.48193,-0.14805031,0.12038294,2.3076167,24
2025-06-26,manavgat,28.885275,47.887745,0.0,975.4196,-0.58354634,0.37506422,2.4337337,24
2025-06-27,manavgat,29.927267,44.66515,0.0,974.9589,-0.52290344,-0.26636696,2.6290362,24
2025-06-28,manavgat,29.747375,49.119854,0.0012878535926574841,971.4371,-0.5903085,0.08264601,2.5654995,24
2025-06-29,manavgat,29.741842,37.790474,0.016052977116487455,969.8789,-0.34760538,-2.9408998,3.3753746,24
2025-06-30,manavgat,27.599915,38.80704,0.0004261731874066754,974.1619,0.33870634,-1.501882,3.464914,24
2025-07-01,manavgat,27.725393,50.739456,0.03382563591003418,974.71063,0.056165498,0.11597053,2.344203,24
2025-07-02,manavgat,29.222342,49.257618,0.000852346317969932,974.7691,0.51408976,-0.8213623,2.7906654,24
2025-07-03,manavgat,28.699778,33.39862,0.0004351138045421976,976.9087,0.6183594,-2.6349552,3.1656458,24
2025-07-04,manavgat,28.660889,30.441872,0.000852346317969932,978.35986,0.59785014,-3.435727,3.6180866,24
2025-07-05,manavgat,27.404531,42.882954,0.0004351138613856165,979.617,-0.11338425,-0.24608405,2.5678585,24
2025-07-06,manavgat,27.79064,51.715504,0.0004351138045421976,978.7468,0.13457425,0.4644927,2.3464777,24
2025-07-07,manavgat,29.117706,49.910755,0.0,975.4012,0.31728044,0.5301134,2.519908,24
2025-07-08,manavgat,28.008392,61.119915,0.0,973.97076,-0.31442007,1.2143391,2.3005378,24
2025-07-09,manavgat,27.463675,69.87316,0.003426653620408615,973.75464,0.08615303,1.2669786,1.8561163,24
2025-07-10,manavgat,27.429993,66.0826,0.0004330853471401497,973.1208,0.056112926,1.4267821,2.1180136,24
2025-07-11,manavgat,26.177948,69.00591,0.012356043157524255,974.94135,0.22760327,1.288012,1.9935116,24
2025-07-12,manavgat,26.471842,66.2593,0.000852346317969932,977.43286,0.52285767,1.15631,1.9090437,24
2025-07-13,manavgat,27.04566,72.18692,0.0012934200981362665,978.2534,0.413332,1.1487179,1.7613035,24
2025-07-14,manavgat,27.664328,69.80869,0.012063980079801695,975.6231,0.3698171,1.387211,1.8275255,24
2025-07-15,manavgat,27.32134,70.70706,0.6965786451473832,971.88885,0.27399316,1.3898364,1.8198794,24
2025-07-16,manavgat,27.345245,73.67713,0.7168389274738729,972.85626,0.6469638,1.5600334,1.9752249,24
2025-07-17,manavgat,27.750376,75.52047,0.24488047347404063,976.757,1.0881647,1.3779448,1.8934851,24
2025-07-18,manavgat,27.200043,77.1965,0.6969676760490984,978.0498,1.066206,1.0930698,1.8044119,24
2025-07-19,manavgat,27.834818,74.63235,1.0492177098058164,975.94086,0.78573483,1.0592961,1.5539526,24
2025-07-20,manavgat,28.573679,71.24395,0.0012755393754559918,973.29193,0.26705933,0.80422735,1.8209996,24
2025-07-21,manavgat,29.059439,71.7566,0.019505620002746582,973.8757,0.15974808,0.76257277,1.8859056,24
2025-07-22,manavgat,29.452911,68.575615,0.0,975.96045,0.19628589,0.71977156,1.8891846,24
2025-07-23,manavgat,30.330963,60.524704,0.0012847312973462977,974.4517,0.17695045,0.5327643,2.2371352,24
2025-07-24,manavgat,31.511526,51.730434,0.0012814989531761967,971.5144,0.04888789,0.33998656,2.0653083,24
2025-07-25,manavgat,33.934723,30.749063,0.0,970.47955,-0.18253772,-3.6279953,3.7770042,24
2025-07-26,manavgat,32.97807,33.749866,0.0,970.5105,0.22951634,-1.305706,3.0213652,24
2025-07-27,manavgat,31.047781,53.52335,0.0,971.01294,-0.4500033,1.0271174,2.4327304,24
2025-07-28,manavgat,28.936453,69.7469,0.0,971.3504,0.0059865317,1.6485969,1.973823,24
2025-07-29,manavgat,28.135477,68.34329,0.0,973.05853,0.49022356,1.6587156,1.9551097,24
2025-07-30,manavgat,27.371435,67.41147,0.00426173210144043,975.6741,0.45968375,1.4764429,1.8451376,24
2025-07-31,manavgat,27.145563,67.69221,0.0030070541470195167,974.5417,0.59161377,1.3863684,1.8887953,24
2025-08-01,manavgat,27.127283,70.27541,0.0,971.5297,0.13102277,1.3290111,1.7985096,24
2025-08-02,manavgat,27.409231,75.1071,0.08678435983711097,973.57666,-0.3093103,1.8719381,2.0796406,24
2025-08-03,manavgat,26.677032,72.390724,0.20278348529245704,977.2449,0.0827268,1.1273302,1.7534145,24
2025-08-04,manavgat,27.404776,71.9834,0.5312775174388662,978.7607,0.76186943,1.0609521,1.7716546,24
2025-08-05,manavgat,28.395355,73.39152,0.4263937589712441,977.89435,0.49036154,1.2552425,1.7746758,24
2025-08-06,manavgat,28.850393,73.371124,0.06493138062069193,975.95306,0.13543256,1.358367,2.0598166,24
2025-08-07,manavgat,28.192373,74.3581,0.020819898054469377,975.0159,0.100439705,1.2080437,1.9004935,24
2025-08-08,manavgat,29.924622,61.977753,0.0,975.70575,0.11389923,0.864063,1.5394416,24
2025-08-09,manavgat,33.571808,39.74418,0.0012874597814516164,977.00366,0.4698175,-1.9321629,2.7687385,24
2025-08-10,manavgat,32.542755,43.50308,0.0008583068620282575,977.6037,-0.29943404,-0.18573494,2.4886072,24
2025-08-11,manavgat,30.52651,59.621227,0.0,976.8777,0.2772471,0.758404,2.1084833,24
2025-08-12,manavgat,30.972229,53.264004,0.0004261731874066754,977.63916,0.24239986,0.41281715,1.9692382,24
2025-08-13,manavgat,31.5767,44.515488,0.0008510056659360998,978.68353,-0.021726608,0.15331805,2.1422393,24
2025-08-14,manavgat,31.380737,49.08853,0.0004261731874066754,978.1795,-0.35622278,0.77161187,2.3814013,24
2025-08-15,manavgat,29.268015,57.509686,0.002573769961600192,975.45807,-0.45857748,1.0013285,2.3878906,24
2025-08-16,manavgat,27.624084,69.106606,0.11940715012315195,973.7226,-0.5937055,1.3491697,2.0558293,24
2025-08-17,manavgat,27.465393,70.032455,0.003129243850708008,974.8498,-0.07517115,1.7225256,2.089843,24
2025-08-18,manavgat,26.139435,70.324875,0.0011564920896489639,976.65015,0.018402735,0.88164777,1.8969525,24
2025-08-19,manavgat,27.754892,67.0772,0.0054419037951447535,975.093,0.5542342,1.0830945,1.8353148,24
2025-08-20,manavgat,28.043112,69.3932,0.002580881073299679,973.02277,0.12784195,1.1353024,1.7710825,24
2025-08-21,manavgat,29.064901,61.338043,0.002571718141552992,974.98193,0.20492744,0.2892984,2.2189267,24
2025-08-22,manavgat,29.539978,60.42101,0.0,976.1961,0.47241402,0.7074873,2.028929,24
2025-08-23,manavgat,28.984589,58.751453,0.0008583068620282575,974.6909,-0.21334457,0.8118922,2.3695664,24
2025-08-24,manavgat,28.001963,60.756027,0.0,973.4991,-0.32667223,0.7332936,2.1481862,24
2025-08-25,manavgat,29.04191,55.35506,0.0,974.81476,0.40865135,-0.018521627,2.4126754,24
2025-08-26,manavgat,28.542166,64.43439,0.000852346317969932,975.7837,-0.281634,0.74263924,1.9406333,24
2025-08-27,manavgat,28.623444,61.627594,0.004500150680541992,976.55707,0.14839046,0.62929726,2.0944228,24
2025-08-28,manavgat,27.89623,58.32027,0.0008583068620282575,977.25635,-0.064837135,0.9419305,2.2198975,24
2025-08-29,manavgat,26.52175,68.78397,0.040296486019997246,978.3711,0.10757128,1.5802188,2.1366565,24
2025-08-30,manavgat,26.334229,74.82913,0.1383432354487013,979.9392,0.47408232,1.1367587,1.5329267,24
2025-08-31,manavgat,26.880524,70.62809,0.0033031083148671314,979.3582,0.46429506,0.7923897,1.7102503,24
2025-09-01,manavgat,27.327585,68.62208,0.0004107822064725042,976.4705,0.22330983,0.902915,1.8100954,24
2025-09-02,manavgat,26.968252,71.88069,0.0011346951396262739,973.133,0.033519108,1.1474688,1.8592147,24
2025-09-03,manavgat,28.020884,65.387215,0.08075833466136828,972.74554,0.17740107,0.5975207,1.882157,24
2025-09-04,manavgat,27.688192,61.09048,0.0008583068620282575,974.2608,-0.48840013,0.7623982,2.3952506,24
2025-09-05,manavgat,26.951365,72.182076,0.30040740966796875,977.6761,0.17273457,1.3424006,2.059239,24
2025-09-06,manavgat,25.270853,73.41498,0.1861095370259136,979.38574,-0.098843895,1.3078884,1.9942394,24
2025-09-07,manavgat,25.355661,69.48809,1.7455756897106767,977.7746,0.367829,0.7066378,1.6385452,24
2025-09-08,manavgat,25.599417,64.96766,0.7031142595224082,976.4939,0.22345543,0.5014574,1.5893155,24
2025-09-09,manavgat,25.457916,63.380417,0.03467202259344049,978.44366,0.43847975,-0.068894066,2.2094095,24
2025-09-10,manavgat,26.930155,53.36082,0.0008583068051848386,980.7895,0.24660237,-0.22324057,2.6190996,24
2025-09-11,manavgat,27.685791,49.657017,0.0,979.7688,0.20175044,-0.46302342,2.7116358,24
2025-09-12,manavgat,27.176493,56.924915,0.000852346317969932,980.0735,-0.5571461,0.43612087,2.367386,24
2025-09-13,manavgat,27.367767,65.52798,0.000852346317969932,980.5318,0.2873783,0.6953106,1.7772833,24
2025-09-14,manavgat,27.447348,63.970554,0.0004410743486005231,980.5642,-0.0010039011,0.5400855,2.0567102,24
2025-09-15,manavgat,26.779715,68.96514,0.005446633622341324,980.0618,0.4994316,0.5145817,1.9921762,24
2025-09-16,manavgat,26.617004,68.63146,0.19809603691101074,979.2517,-0.08634758,0.5610143,1.8202406,24
2025-09-17,manavgat,27.074942,64.128334,0.000852346317969932,978.5945,-0.22732289,0.55778027,2.1850474,24
2025-09-18,manavgat,27.277609,56.916317,0.0,977.3848,0.36464754,-0.67813224,2.6771278,24
2025-09-19,manavgat,24.353699,27.404585,0.0004261731874066754,981.9563,-0.53436786,-4.429033,4.4818287,24
2025-09-20,manavgat,24.490662,37.53874,0.0012874597814516164,983.40436,0.113489784,-1.9880584,2.7934244,24
2025-09-21,manavgat,25.369802,40.801083,0.0004410746328176174,982.1528,-0.108626045,-0.9292496,2.6683123,24
2025-09-22,manavgat,25.008738,46.133698,0.0017046922948793508,982.5174,-0.116205215,-0.3861364,2.4584181,24
2025-09-23,manavgat,24.599936,56.31909,0.0,983.44824,0.22575887,0.11230954,1.9732715,24
2025-09-24,manavgat,24.683603,55.820187,0.0,981.32916,0.7245693,-0.2571845,2.4210634,24
2025-09-25,manavgat,25.406424,53.926575,0.0,978.3261,-0.09484991,0.055254977,2.560947,24
2025-09-26,manavgat,26.016855,49.79364,0.0008583068620282575,979.3935,-0.57562447,0.0734061,2.4409995,24
2025-09-27,manavgat,25.002665,57.355305,0.005245208740234375,981.19135,-0.61840314,0.6212446,2.4421747,24
2025-09-28,manavgat,23.054544,65.68784,0.27001500711776316,982.05865,-1.1280174,1.5126451,2.5889044,24
2025-09-29,manavgat,22.261179,75.33022,5.932732863584533,982.1501,-0.8956528,1.6095704,2.3677566,24
2025-09-30,manavgat,23.709045,66.66569,0.9783685090951622,980.0351,0.37601218,-0.43925142,2.5780876,24
2025-10-01,manavgat,23.128021,52.839478,0.0,980.0433,0.42691612,-0.95936894,2.671544,24
2025-10-02,manavgat,22.27417,60.239746,0.1003682627924718,979.6392,-0.8228512,0.3884072,2.2995858,24
2025-10-03,manavgat,22.063364,69.01009,2.3047805225360207,980.5524,-0.90921146,2.4422977,2.7874813,24
2025-10-04,manavgat,21.703207,74.0344,2.1555901039391756,984.26373,-0.10838751,2.5053275,2.6069586,24
2025-10-05,manavgat,21.312408,60.64691,0.0012962613027411862,984.4505,0.19407718,0.24476814,2.0394561,24
2025-10-06,manavgat,21.044312,62.31139,0.047737361455801874,981.7798,-0.39294037,0.5556672,2.2037635,24
2025-10-07,manavgat,19.024546,83.52465,35.042673342104536,979.9912,-1.9077643,3.4998004,4.1148653,24
2025-10-08,manavgat,17.129232,89.02103,39.62745890021324,978.70996,-0.64707565,4.2076077,4.41344,24
2025-10-09,manavgat,16.879313,75.807785,12.918004300445318,983.3284,-0.4126784,0.31133446,1.9693528,24
2025-10-10,manavgat,18.892935,61.00259,0.0,987.51263,0.7335739,-1.3352494,2.428063,24
2025-10-11,manavgat,19.071554,65.09676,0.0004351138045421976,984.51715,-0.10374764,-0.55827063,1.901044,24
2025-10-12,manavgat,18.365091,50.18201,0.006066644800739596,981.9531,0.41467157,-4.353548,4.4924235,24
2025-10-13,manavgat,17.046957,55.83891,0.0004241689453010622,984.965,-0.093663536,-1.5767013,2.3232398,24
2025-10-14,manavgat,17.617453,66.214066,0.0012889495337731205,985.55475,-0.06588924,-0.604249,1.6327199,24
2025-10-15,manavgat,18.133322,69.24068,0.0,984.9699,-0.04140663,-0.34877077,1.6597263,24
2025-10-16,manavgat,18.635498,70.251045,0.0017195934560731985,985.0383,0.102123894,-0.43920615,1.6088749,24
2025-10-17,manavgat,18.839285,70.75304,0.0008583068620282575,987.2067,0.09525871,-0.40493384,1.7885299,24
2025-10-18,manavgat,18.750946,75.46441,0.007542967523477273,987.8425,-0.4125843,-0.1181769,1.811204,24
2025-10-19,manavgat,19.469503,74.95,0.0,985.5373,-0.10905584,-0.42516065,1.955049,24
2025-10-20,manavgat,19.44278,73.7449,0.9720504167489707,983.1204,0.41879463,-0.9841519,1.9703746,24
2025-10-21,manavgat,19.200256,76.46763,0.8318424224853516,983.18066,0.34802374,-0.6083409,1.4878627,24
2025-10-22,manavgat,19.932474,72.56272,0.0008621705092082266,985.2172,-0.55557317,0.09487816,1.7037238,24
2025-10-23,manavgat,20.024801,72.144844,0.043582593207247555,984.9567,-0.17850685,-0.21054196,1.4224149,24
2025-10-24,manavgat,20.221567,68.4338,0.09479522850597277,983.492,0.039154053,0.30985555,1.3729485,24
2025-10-25,manavgat,19.404428,82.467285,1.5469789432245307,983.3252,-1.0385138,0.80415916,1.8020368,24
2025-10-26,manavgat,19.600107,82.54109,0.028863571060355753,982.85986,-0.18888219,0.15998586,1.7088922,24
2025-10-27,manavgat,19.124847,79.539276,0.05962252544122748,983.8291,-0.43066582,0.6377806,1.6541604,24
2025-10-28,manavgat,19.026083,80.585754,3.4990012682101224,984.0713,-0.9509287,2.1013377,2.5084236,24
2025-10-29,manavgat,20.430023,68.01725,1.2539804010884836,984.8586,0.3693962,-1.3618816,2.3742054,24
2025-10-30,manavgat,18.927866,58.15691,0.0004351138045421976,987.52106,-0.3975226,-1.1124719,2.133149,24
2025-10-31,manavgat,18.436563,63.84261,0.0,987.85016,0.090566635,-0.8045907,1.9159547,24
2025-11-01,manavgat,18.556519,65.573975,0.000852346317969932,987.2622,-0.39699045,-0.4513702,1.7253429,24
2025-11-02,manavgat,19.267466,66.239525,0.0004351138045421976,987.2524,-0.381642,-0.4164264,1.6300806,24
2025-11-03,manavgat,19.103424,61.545048,0.0,987.7656,-0.9738681,-0.7972073,1.8582058,24
2025-11-04,manavgat,20.05951,58.36742,0.0,986.9919,-0.5215804,-0.9623747,1.9036927,24
2025-11-05,manavgat,19.986359,65.637024,0.15379189858322206,984.93335,-0.22480328,-1.0750564,2.035219,24
2025-11-06,manavgat,21.036041,62.479816,1.2438178237061948,981.0952,-0.15833919,-1.5957193,2.3276684,24
2025-11-07,manavgat,17.882416,83.19923,7.174462080001831,983.9471,-1.1199055,0.3185762,1.8302237,24
2025-11-08,manavgat,17.496714,76.21697,0.035819411095872056,987.7403,-0.060431164,-0.5961463,1.5033914,24
2025-11-09,manavgat,17.74762,74.41111,0.0008612762485427083,989.1509,0.16890843,-0.91247386,1.8831658,24
2025-11-10,manavgat,17.966288,69.76525,0.0,987.1901,-0.44882584,-0.9451663,1.5735897,24
2025-11-11,manavgat,18.035624,71.88081,0.014790891782467952,984.0716,-0.30508614,0.09917637,1.7526598,24
2025-11-12,manavgat,17.20991,76.32113,2.615249210066395,985.80536,-0.4289608,0.06518074,1.3179854,24
2025-11-13,manavgat,16.838327,70.08982,0.10147690773010254,985.1246,0.074001946,-1.0101658,1.6789927,24
2025-11-14,manavgat,16.96044,55.195347,0.001720833097351715,982.45526,1.0584425,-3.6934786,4.0093675,24
2025-11-15,manavgat,15.007233,44.998875,0.0,981.99927,0.74592525,-4.3735948,4.4961667,24
2025-11-16,manavgat,15.315704,59.97095,0.0012785195053766074,987.22485,-0.70351666,-0.9573218,2.0639203,24
2025-11-17,manavgat,15.549275,72.906944,0.0004351138045421976,992.98413,-0.69945794,-0.5820052,1.8285036,24
2025-11-18,manavgat,15.802623,73.55631,0.0017222018868778832,993.2701,-0.19511668,-0.87740034,1.6585169,24
2025-11-19,manavgat,16.327017,68.46009,0.0,990.9069,-0.6119359,-1.0826745,1.7714287,24
2025-11-20,manavgat,17.174805,64.4681,0.0017106532368416083,990.38354,-0.6675072,-0.94760853,1.9081875,24
2025-11-21,manavgat,18.450104,63.36632,0.0017066367377083225,990.67365,-0.4907275,-1.1554843,1.8110328,24
2025-11-22,manavgat,19.55951,60.786213,0.0008463859444418631,990.2299,-0.2200114,-0.58168805,1.6307958,24
2025-11-23,manavgat,19.274557,63.329224,0.0,987.27246,-0.2589213,-0.62719417,1.6888977,24
2025-11-24,manavgat,18.123758,62.10969,1.7786026000976562,984.6175,0.92338246,-1.1532688,2.054011,24
2025-11-25,manavgat,17.005564,64.54122,2.679461264051497,984.9913,0.5244605,-0.8922276,2.3711197,24
2025-11-26,manavgat,14.892467,81.21665,4.744350910186768,988.33734,-0.48244795,-0.005328099,1.0375644,24
2025-11-27,manavgat,15.067403,85.87842,4.98316902667284,988.78656,-0.99510956,-0.4930184,1.7575665,24
2025-11-28,manavgat,15.782776,71.374504,0.0025910325121003552,988.3321,-0.5483659,-1.3338484,1.7255249,24
2025-11-29,manavgat,15.970408,73.65395,30.401745811104774,983.65643,-1.1909586,1.2174035,3.4224987,24
2025-11-30,manavgat,14.203888,83.3182,18.54763738811016,981.6086,-0.97679853,1.6831188,2.6619523,24
2025-12-01,manavgat,13.409862,71.41437,0.008046627044677734,985.9974,-0.024528185,-1.0283693,1.8650824,24
2025-12-02,manavgat,13.640706,65.05961,0.000852346317969932,988.1636,-0.21548526,-1.2252325,1.8869134,24
2025-12-03,manavgat,13.401347,68.19971,0.000852346317969932,989.2661,-0.8784447,-1.405138,1.7794166,24
2025-12-04,manavgat,14.524556,67.99645,0.0,987.14185,-0.82973266,-1.3123716,1.819685,24
2025-12-05,manavgat,15.226888,73.27485,8.117258548736572,981.6123,-2.1393046,0.65787864,3.5310013,24
2025-12-06,manavgat,13.6432295,88.4437,38.769468665122986,979.1794,-1.5678734,1.554025,2.559652,24
2025-12-07,manavgat,12.296519,90.919586,8.934992365539074,977.29694,-2.554775,1.5669416,3.1426637,24
2025-12-08,manavgat,12.893504,80.07016,0.060170888900756836,980.5117,-0.6104069,-0.99354297,1.5628781,24
2025-12-09,manavgat,13.776988,67.20211,0.0,981.94196,-0.26635742,-3.1483374,3.2051713,24
2025-12-10,manavgat,14.035878,69.55137,0.000852346317969932,983.4012,0.21352005,-2.375805,2.7273667,24
2025-12-11,manavgat,13.950337,66.447365,0.010028481483459473,982.8951,-0.46884283,-2.866521,2.968052,24
2025-12-12,manavgat,12.195027,63.47844,0.0004351138045421976,985.1936,-0.3886865,-1.5515898,2.0910275,24
2025-12-13,manavgat,12.50238,68.5592,0.0008553266184208042,987.0711,-0.7456579,-2.1080878,2.340999,24
2025-12-14,manavgat,12.005981,67.42851,0.0016984940884867683,988.3603,-0.9632886,-1.4644343,2.0531356,24
2025-12-15,manavgat,12.093974,59.0919,0.0017308730093645863,986.14154,-0.48195204,-3.4435189,3.5871809,24
2025-12-16,manavgat,11.052968,55.006256,0.0004349267328507267,987.56757,-0.051570255,-3.9255772,3.951785,24
2025-12-17,manavgat,10.649892,51.339367,0.0004351138045421976,991.55707,-0.25107893,-3.4082305,3.5573301,24
2025-12-18,manavgat,11.077657,57.755146,0.0012875389074906707,994.9411,-0.6678484,-1.147,1.8161381,24
2025-12-19,manavgat,11.543681,63.114185,0.002157114693090989,992.3513,-0.4545941,-0.9941705,1.7006518,24
2025-12-20,manavgat,11.5312195,73.28889,0.027376412617741153,987.1731,-0.8890442,-0.59419596,1.6095157,24
2025-12-21,manavgat,12.428517,80.70775,3.2932697831711266,984.1053,0.16273944,-1.5603925,1.9120294,24
2025-12-22,manavgat,12.729777,75.13266,1.6663402784615755,983.4494,-0.92182034,-0.66030186,1.6673473,24
2025-12-23,manavgat,12.369405,78.85376,6.128498585894704,983.9605,-0.046940487,-0.9873325,1.4478322,24
2025-12-24,manavgat,13.0485735,79.1859,1.7717927694320679,988.3918,-1.2615974,-0.5313033,1.7476553,24
2025-12-25,manavgat,12.477173,84.33025,4.0271461475640535,988.4102,-0.7211289,-0.47334182,1.4962488,24
2025-12-26,manavgat,12.081136,71.79719,0.0012606847690221912,984.11035,0.60655373,-2.1383736,2.5712998,24
2025-12-27,manavgat,9.860646,57.636,0.0021378025962803804,978.1516,1.1595669,-5.0473647,5.2238517,24
2025-12-28,manavgat,7.1197,49.3053,0.0012897817214252427,977.07056,-0.010059993,-2.493461,3.2209005,24
2025-12-29,manavgat,7.4172974,48.21201,0.0008434050755568023,979.5866,1.7457262,-4.388603,4.8058014,24
2025-12-30,manavgat,8.351257,58.8318,7.698178291320801,984.98456,-1.3394623,0.08292643,2.7213104,24
2025-12-31,manavgat,10.705048,91.38856,25.558678433299065,974.4651,-1.2989153,0.8641065,2.133251,24
2024-01-01,muratpasa,11.3020735,86.07746,9.367781691253185,999.01227,-0.053511936,-1.1465416,1.3667003,24
2024-01-02,muratpasa,13.020497,89.52396,15.448296442627907,997.212,-0.5482769,-1.1665567,1.7733788,24
2024-01-03,muratpasa,12.996785,83.489395,3.6468387115746737,995.7571,-0.2984047,-0.91689533,1.7107238,24
2024-01-04,muratpasa,13.3508,88.19418,6.47813081741333,993.65454,-0.71217984,-1.1422597,1.5433897,24
2024-01-05,muratpasa,14.637238,75.869774,0.8726567029953003,994.5552,0.41511282,-1.8080822,1.9298409,24
2024-01-06,muratpasa,12.11617,70.613976,0.670272100251168,999.91876,-0.0027096272,-0.7043295,1.5609207,24
2024-01-07,muratpasa,14.23764,90.41083,33.83322438457981,993.9152,-1.6836472,4.9175773,5.2275167,24
2024-01-08,muratpasa,14.262573,84.93815,3.169828560203314,991.5721,-1.1216577,1.9463854,2.2779593,24
2024-01-09,muratpasa,12.006612,93.244316,27.526071295142174,990.25464,-1.3646832,0.7325983,1.7565218,24
2024-01-10,muratpasa,11.874695,75.44373,3.878420451655984,990.0198,0.19468053,-1.8380922,1.9250607,24
2024-01-11,muratpasa,11.494761,60.58852,0.012674834579229355,992.1878,0.8796126,-1.622221,2.3691702,24
2024-01-12,muratpasa,10.246999,72.82901,0.6447583436965942,988.1509,0.06359736,-1.3481045,1.501881,24
2024-01-13,muratpasa,9.323985,49.87578,0.0,987.89777,1.4156342,-3.8414822,4.10856,24
2024-01-14,muratpasa,8.815247,56.029613,0.17933547496795654,992.0158,0.17252667,-1.6691602,2.3517582,24
2024-01-15,muratpasa,9.791972,76.708496,1.2491494417190552,995.659,-0.4087346,-0.26397452,1.6936073,24
2024-01-16,muratpasa,12.455068,90.987206,12.123718857765198,993.36163,-0.46740684,1.9340616,2.471726,24
2024-01-17,muratpasa,12.777496,83.31241,4.154998110607266,995.68463,0.2682236,-1.0076231,1.4139332,24
2024-01-18,muratpasa,11.719584,90.367516,5.101376678794622,998.80646,-0.59076756,-0.24953139,1.4527804,24
2024-01-19,muratpasa,13.967926,89.304634,6.971985101699829,996.4888,-0.6735564,1.2539482,1.7238415,24
2024-01-20,muratpasa,13.405314,93.107025,7.1381330490112305,997.01074,-1.2765099,-0.0049554906,1.5144078,24
2024-01-21,muratpasa,12.825582,91.24874,25.2668559551239,994.96484,-0.9287426,-0.7220085,1.9395857,24
2024-01-22,muratpasa,11.840922,55.581715,0.09873734961729497,994.8411,1.3681024,-4.5541496,4.7789354,24
2024-01-23,muratpasa,11.254588,55.01036,0.0008810078497845097,994.6922,0.8234634,-2.440712,2.800792,24
2024-01-24,muratpasa,10.368408,59.09093,0.0,994.8677,0.72874117,-2.104969,2.324479,24
2024-01-25,muratpasa,9.517975,61.339405,0.0008523463748133508,994.41,0.17296918,-1.1788782,1.5419631,24
2024-01-26,muratpasa,9.876353,55.647003,2.5374293793447578,991.9304,1.7352778,-3.6230195,4.036391,24
2024-01-27,muratpasa,9.366119,45.576565,0.0,996.13086,1.3261337,-3.3402872,3.6720016,24
2024-01-28,muratpasa,8.891042,48.561695,0.0036686651583295316,997.7861,0.75997037,-3.2310345,3.36575,24
2024-01-29,muratpasa,7.887024,43.5309,0.0012904401955893263,998.7051,1.2710251,-4.100999,4.3781037,24
2024-01-30,muratpasa,8.328197,47.84791,1.257252600225911,996.16724,1.2895654,-4.080218,4.3969765,24
2024-01-31,muratpasa,9.182811,52.33621,0.35453139571473,997.46466,0.6892681,-3.2430942,3.4353056,24
2024-02-01,muratpasa,9.968028,57.186085,0.010523483979341108,997.7735,0.63868433,-1.6243976,2.259363,24
2024-02-02,muratpasa,9.114227,69.65952,0.005322694505593972,995.3422,0.10324577,-0.9529062,1.8898863,24
2024-02-03,muratpasa,9.312642,72.601234,0.04717840465673362,996.804,-0.046127956,-1.3217684,1.5405184,24
2024-02-04,muratpasa,9.17513,73.07747,0.043198466300964355,998.0928,-0.0115920305,-0.6904151,1.7066275,24
2024-02-05,muratpasa,11.237926,59.58975,0.0035941593523602933,998.0366,1.1747751,-2.2551644,2.673423,24
2024-02-06,muratpasa,11.556102,70.3484,0.0008553266184208042,1000.6479,0.29831252,-0.74744564,1.6609741,24
2024-02-07,muratpasa,10.492859,85.603355,2.3546009324491024,1000.77515,-0.40457025,-0.18260181,1.5171448,24
2024-02-08,muratpasa,12.458771,89.17666,11.336630210280418,998.36505,-1.2357311,1.2981915,1.8276054,24
2024-02-09,muratpasa,11.249268,92.783485,13.638553209602833,995.3514,-0.7613805,-0.17501123,1.1965858,24
2024-02-10,muratpasa,10.820109,80.42824,0.06362199928844348,998.47217,-0.18739764,-0.51837814,1.6304549,24
2024-02-11,muratpasa,11.3611145,83.72438,0.36218762397766113,1001.1291,-0.6631901,-0.37022057,1.3899416,24
2024-02-12,muratpasa,13.357686,82.942604,12.570027261972427,996.0374,-1.2994627,1.9680232,2.5988278,24
2024-02-13,muratpasa,12.300426,88.91935,52.90094390511513,988.3533,-0.63065654,0.58694035,2.4171455,24
2024-02-14,muratpasa,10.233541,83.6188,18.195724114775658,985.071,0.15259624,-2.834608,2.8635948,24
2024-02-15,muratpasa,10.577373,81.47535,2.7390131726861,988.71747,0.30116627,-1.5371634,1.887106,24
2024-02-16,muratpasa,11.733459,72.76914,0.17620623111724854,991.38226,0.6911476,-0.6257496,1.7263669,24
2024-02-17,muratpasa,11.793304,69.32508,0.0017106531231547706,995.4013,0.5094312,-0.80332786,1.8311576,24
2024-02-18,muratpasa,11.732829,61.69719,0.06058812141418457,997.6844,0.7534833,-2.2611969,2.4147866,24
2024-02-19,muratpasa,11.911885,54.64742,0.0017232223399332725,996.85736,0.8834627,-1.741664,2.490902,24
2024-02-20,muratpasa,10.395233,67.442474,0.0025772760636755265,997.61127,0.05910492,-0.6757749,1.6840106,24
2024-02-21,muratpasa,10.621327,75.14322,0.012580782822624315,999.06,-0.13024013,-0.56601846,1.6429342,24
2024-02-22,muratpasa,11.240407,76.30507,0.00952482150751166,999.06354,-0.09315363,-0.5556529,1.4685944,24
2024-02-23,muratpasa,11.441945,74.04897,0.0012755390343954787,998.94434,0.3249035,-0.44350895,1.5130574,24
2024-02-24,muratpasa,12.092804,73.590645,0.0008502574928570539,999.3464,0.5592842,-0.45004496,1.5976821,24
2024-02-25,muratpasa,12.857839,70.68378,0.0008675702360960713,997.42633,0.5291465,-0.5231189,1.7893119,24
2024-02-26,muratpasa,10.850627,88.04035,9.883766062216637,993.59625,0.38591766,-1.1054235,1.2877978,24
2024-02-27,muratpasa,12.75353,72.31184,0.060170888900756836,995.3649,0.45944774,-0.48049164,1.5501431,24
2024-02-28,muratpasa,12.482524,76.235306,0.0,1000.3973,0.074294366,-0.1723601,1.2927648,24
2024-02-29,muratpasa,12.945811,73.75157,0.0,1001.0827,0.41575623,-0.40847525,1.5924834,24
2024-03-01,muratpasa,12.268697,64.44041,0.000852346317969932,996.6135,0.45822206,-0.46810913,1.5427003,24
2024-03-02,muratpasa,12.476349,63.62677,0.7667779688631526,991.35156,0.19928741,-0.4171591,1.6936102,24
2024-03-03,muratpasa,12.344441,73.68807,0.014074978025746532,991.30084,0.4372107,-0.37845942,1.7988776,24
2024-03-04,muratpasa,12.538585,75.03983,0.01233518105436815,993.0969,-0.00012588501,-0.2664496,1.6978135,24
2024-03-05,muratpasa,11.852183,90.21009,20.713176575554826,991.48346,-0.95265895,1.8770334,3.0139396,24
2024-03-06,muratpasa,12.623454,76.49274,5.7110353372991085,989.2823,0.19415347,-0.7091438,1.4610251,24
2024-03-07,muratpasa,12.390198,63.072933,0.000852346317969932,992.9314,0.64947253,-0.8145779,2.1714306,24
2024-03-08,muratpasa,10.245229,85.457344,9.04012005776167,993.03314,-0.2816124,-0.8638387,1.8058014,24
2024-03-09,muratpasa,11.616069,62.328075,0.0010281801223754883,992.9952,0.67724735,-2.161497,2.4264994,24
2024-03-10,muratpasa,12.604126,47.80599,0.0008523463748133508,995.07025,0.8195152,-1.9686197,2.6611798,24
2024-03-11,muratpasa,11.20166,67.47224,0.0012099742434656946,1000.6827,-0.039498884,-0.1755873,1.6951421,24
2024-03-12,muratpasa,11.390767,77.07547,0.004768883172800997,999.3447,-0.30863824,0.10537088,1.6063172,24
2024-03-13,muratpasa,12.052002,79.847145,3.1428784132003784,993.4179,-0.4370667,0.129268,1.8137385,24
2024-03-14,muratpasa,11.637329,75.4264,0.6871253135614097,992.1477,0.5187126,-0.5287886,1.7331759,24
2024-03-15,muratpasa,12.504964,72.512665,0.4240326816216111,992.6379,0.24471386,-0.21766508,1.6673442,24
2024-03-16,muratpasa,12.115743,71.284004,0.018630758859217167,994.93964,0.19997291,-0.6311124,1.7285408,24
2024-03-17,muratpasa,11.66155,71.47229,0.0,994.16016,0.21179517,-0.746622,1.5072145,24
2024-03-18,muratpasa,13.1292925,65.243614,0.24133401745984884,987.8547,0.8888137,-1.474233,1.8548597,24
2024-03-19,muratpasa,14.206309,55.0665,0.003430246579227969,986.1038,1.1123358,-1.2076048,2.418413,24
2024-03-20,muratpasa,13.114349,72.914925,0.6002458285365719,989.00433,-0.60784715,-0.1228801,1.8388495,24
2024-03-21,muratpasa,12.660207,58.24879,0.8649706724099815,990.69354,0.77823275,-2.8620179,3.0111475,24
2024-03-22,muratpasa,11.481517,42.652134,0.01614093707758002,990.66046,0.88658905,-2.9758453,3.1183932,24
2024-03-23,muratpasa,11.36262,47.69022,0.000852346317969932,992.2178,0.42656136,-1.5398966,2.7769296,24
2024-03-24,muratpasa,11.133382,68.814575,0.000852346317969932,990.0848,-0.012996833,-0.022424221,1.7623576,24
2024-03-25,muratpasa,11.79186,80.06325,0.8539510890841484,988.2156,-0.7988612,-0.15127437,1.8515067,24
2024-03-26,muratpasa,15.193126,71.270935,0.48513710498809814,991.2068,-0.15002377,-0.8189809,2.0369203,24
2024-03-27,muratpasa,14.650676,80.07504,0.30156970024108887,995.9575,-0.74644727,-0.01450181,1.6438633,24
2024-03-28,muratpasa,15.20164,69.48772,0.0018954160623252392,996.22046,0.5258344,-0.57849735,1.7766328,24
2024-03-29,muratpasa,18.716675,58.80873,0.3523528575897217,994.8173,0.9869477,-0.5034309,1.5703025,24
2024-03-30,muratpasa,18.531301,62.094193,0.000852346317969932,996.74194,0.63964653,-0.37941518,1.7342273,24
2024-03-31,muratpasa,18.569315,63.52415,0.0017074116840376519,998.93823,0.6973915,-0.45348993,1.8236345,24
2024-04-01,muratpasa,19.108572,64.36657,0.0,996.8322,0.674268,-0.34912467,1.8214453,24
2024-04-02,muratpasa,19.457855,63.79761,0.0021412958517430525,993.15234,0.64640355,-0.28906214,1.933867,24
2024-04-03,muratpasa,18.790884,66.57049,0.0,991.3977,0.3167108,-0.14573944,1.7736746,24
2024-04-04,muratpasa,17.071451,75.47961,0.005015190254198387,991.8952,-0.43459424,0.09487406,1.7661781,24
2024-04-05,muratpasa,18.376749,68.72024,0.0004351138045421976,992.4174,0.52634364,-0.34107956,1.462022,24
2024-04-06,muratpasa,18.400919,48.14339,0.07836818991791006,992.03564,0.8758132,-2.7328112,3.0150347,24
2024-04-07,muratpasa,18.470755,39.82384,0.001287455859255715,987.9463,1.2090944,-2.4342139,2.8274887,24
2024-04-08,muratpasa,17.630392,39.749454,0.0044167039163767186,988.27765,0.849905,-2.4261038,2.742033,24
2024-04-09,muratpasa,16.805237,58.24034,0.28027547523379326,989.0069,0.9129569,-0.8936967,1.615263,24
2024-04-10,muratpasa,17.337301,71.092896,0.02466171281412244,989.5964,-0.123306274,0.43053123,1.71289,24
2024-04-11,muratpasa,18.462015,73.69488,0.0,993.2447,0.24698639,0.18596776,1.6960303,24
2024-04-12,muratpasa,18.313171,73.8796,0.0016391277313232422,994.57245,0.29732004,0.16068876,1.7714262,24
2024-04-13,muratpasa,20.52537,58.341873,0.0017225738702109084,993.46796,0.8046983,-1.7544454,1.9940658,24
2024-04-14,muratpasa,20.77835,45.768265,0.0008583068620282575,992.5576,0.66926956,-2.9141452,3.133599,24
2024-04-15,muratpasa,21.899027,37.17674,0.0008642672355563263,994.313,0.98207855,-1.7487136,2.548576,24
2024-04-16,muratpasa,19.667938,54.964283,0.00042915337417070987,994.13226,-0.099702835,0.15059797,1.7823063,24
2024-04-17,muratpasa,19.39202,54.015614,0.020967550881323405,988.7535,-0.13853073,0.40006003,1.823,24
2024-04-18,muratpasa,18.869944,72.70479,0.7544457912445068,985.7595,-1.3441237,0.45030466,2.0752318,24
2024-04-19,muratpasa,17.522104,77.43795,0.3024816542165354,989.4609,-1.0780252,0.50122136,2.1161115,24
2024-04-20,muratpasa,15.9973955,81.6047,12.025445685139857,986.54614,-1.9289818,3.4195607,4.255775,24
2024-04-21,muratpasa,16.624949,71.97674,0.14829635620117188,992.18854,-0.62733525,0.002878666,2.0482504,24
2024-04-22,muratpasa,17.294647,70.701416,0.018030405044555664,997.1241,-0.3491656,0.14970286,1.5670891,24
2024-04-23,muratpasa,19.31988,65.80449,0.002554812454036437,996.45404,0.48382315,-0.29472348,1.6941023,24
2024-04-24,muratpasa,21.921326,52.84997,0.0017306650761383935,990.3149,0.62334126,0.04676489,1.9762863,24
2024-04-25,muratpasa,22.627127,53.97296,0.000852346317969932,985.6668,0.09080879,0.601753,1.725804,24
2024-04-26,muratpasa,21.934937,57.272205,5.6843418860808015e-11,986.60114,-0.057727497,-0.09009782,1.4747428,24
2024-04-27,muratpasa,20.923666,57.287827,0.001293420666570455,988.5711,0.37189385,-0.09169412,1.9239756,24
2024-04-28,muratpasa,22.629913,52.313156,0.002556816355081537,989.68243,0.41513824,0.09014829,1.9275941,24
2024-04-29,muratpasa,22.490326,55.08589,0.0017285344142692338,989.86224,0.51922226,-0.17764664,1.9874722,24
2024-04-30,muratpasa,22.484293,57.728775,0.7253487543721349,989.1575,0.64387447,-0.5219064,1.8735021,24
2024-05-01,muratpasa,22.40328,63.873917,0.09766519360709935,987.5747,0.426445,-0.16523917,1.5687052,24
2024-05-02,muratpasa,21.510153,67.19127,0.008243322554335464,985.3144,0.18719165,0.39207157,1.5350264,24
2024-05-03,muratpasa,21.18038,58.988796,2.9802322387695312e-05,984.22345,0.5688629,-0.39762172,2.1820073,24
2024-05-04,muratpasa,18.984934,57.713303,0.7628619787283242,982.8613,0.058565777,-0.31272182,2.1805415,24
2024-05-05,muratpasa,17.99766,52.42795,0.3103553899563849,984.67755,0.43617693,-2.1562397,2.4611695,24
2024-05-06,muratpasa,19.960733,36.584602,0.0,988.6111,1.1526979,-2.2559893,2.7080173,24
2024-05-07,muratpasa,19.288034,50.21373,0.0008702277796146518,991.3626,0.2744465,0.22919972,1.8965917,24
2024-05-08,muratpasa,18.818441,62.708298,0.0008583068620282575,994.0456,-0.10514768,0.57295823,1.750031,24
2024-05-09,muratpasa,19.112906,61.448704,0.0008702269269633689,991.8259,0.09998766,0.18982343,1.7026658,24
2024-05-10,muratpasa,21.143759,49.107586,0.3664910909719765,985.77374,0.2933127,0.3458035,2.3347445,24
2024-05-11,muratpasa,17.392548,85.03141,16.24116295715794,985.8379,-1.0890522,1.2289318,1.9638771,24
2024-05-12,muratpasa,17.941,75.57758,4.044830799102783,987.53595,0.52893955,-0.29149342,1.4535269,24
2024-05-13,muratpasa,19.801432,56.345074,0.0021475889298017137,987.7222,1.359794,-1.7205362,2.6389625,24
2024-05-14,muratpasa,19.201334,53.943783,5.838955985382199e-07,989.57404,0.2518107,-1.1809922,2.7467077,24
2024-05-15,muratpasa,18.702475,67.56249,0.0008603038850196754,992.3344,-0.048049927,0.6370677,1.7978495,24
2024-05-16,muratpasa,19.336191,66.46707,0.0038942616811254993,995.84393,0.007329305,0.4886539,1.6368366,24
2024-05-17,muratpasa,20.425425,72.9253,0.002323081389477011,996.0346,-0.0012486776,0.37839368,1.3795506,24
2024-05-18,muratpasa,22.431265,69.845924,0.0,993.2185,-0.0047486625,0.58208483,1.6913109,24
2024-05-19,muratpasa,22.793833,67.801765,0.000852346317969932,990.21967,0.5764065,0.1954819,1.7839274,24
2024-05-20,muratpasa,23.436148,69.532845,0.0,987.39716,0.45488867,0.4020746,1.7679071,24
2024-05-21,muratpasa,25.677927,58.431103,0.0008549805556867796,988.4277,0.82262677,-0.16243367,2.0293157,24
2024-05-22,muratpasa,24.46821,62.8114,0.015610456102876924,989.53326,0.50355023,0.2893144,1.7311692,24
2024-05-23,muratpasa,22.797922,71.62321,0.0,986.7419,-0.7400398,0.31086114,2.327525,24
2024-05-24,muratpasa,22.56018,47.14983,0.000852346317969932,986.3005,1.7312266,-3.8788192,4.2651772,24
2024-05-25,muratpasa,23.75524,43.442127,0.0,986.78815,1.1339989,-1.7291247,2.82424,24
2024-05-26,muratpasa,21.4269,62.766876,0.22611021995544434,988.427,-0.22112592,0.5899906,2.0148695,24
2024-05-27,muratpasa,22.215017,57.84097,0.1201689156005159,988.21533,0.53313,0.20368738,1.760242,24
2024-05-28,muratpasa,22.28831,56.337738,0.4877280880464241,988.3299,-0.18372679,0.42659125,1.5011958,24
2024-05-29,muratpasa,21.15274,66.113594,0.06830692291259766,990.05524,0.037583668,0.68911237,1.588719,24
2024-05-30,muratpasa,20.67336,74.72024,0.260722626990173,990.42316,-0.043108623,0.7506183,1.4751129,24
2024-05-31,muratpasa,21.665924,69.84432,0.6285309791564941,993.519,0.11631584,0.70546025,1.5489084,24
2024-06-01,muratpasa,23.688131,61.497234,0.0008583068620282575,996.0,0.26660982,0.58681107,1.6395584,24
2024-06-02,muratpasa,26.654907,53.537872,0.0,993.1655,0.60280037,0.44643083,1.6557788,24
2024-06-03,muratpasa,29.14033,45.156998,0.0017195934560731985,989.73126,0.73096657,-0.40371513,1.8336883,24
2024-06-04,muratpasa,30.149729,41.174454,0.0,987.8,1.1263019,-0.53242177,2.0424223,24
2024-06-05,muratpasa,32.261463,31.246119,0.0,987.2869,1.8240576,-2.3344135,3.1264985,24
2024-06-06,muratpasa,33.391033,27.03846,0.1598149538040161,987.7207,1.703997,-2.5501034,3.1320097,24
2024-06-07,muratpasa,31.9116,31.11968,0.7814079435775056,987.87476,1.8733171,-2.3881016,3.1339529,24
2024-06-08,muratpasa,29.736694,36.86584,0.48491358757019043,984.03864,1.5834293,-1.1265634,2.5449002,24
2024-06-09,muratpasa,29.50358,41.480846,0.0,983.7835,0.74047214,-1.4469122,2.3809576,24
2024-06-10,muratpasa,29.207937,41.201714,0.000852346317969932,986.7644,0.7401174,-0.20486875,2.1199467,24
2024-06-11,muratpasa,29.223581,45.1732,0.0008523463748133508,987.7763,0.5438487,0.21685648,1.9037672,24
2024-06-12,muratpasa,30.5543,46.607662,0.0017132691141341638,988.9018,0.44297156,0.3578386,1.8412849,24
2024-06-13,muratpasa,32.827534,38.17084,0.019538401829777285,989.5139,1.3266748,-0.7734998,1.8946667,24
2024-06-14,muratpasa,33.269043,32.698826,0.002559413303515612,987.35016,1.1344045,-0.374086,2.2882655,24
2024-06-15,muratpasa,30.74118,44.121906,0.0012785349099431187,982.3808,0.5129363,-0.26746812,2.0009873,24
2024-06-16,muratpasa,28.306732,51.308674,0.0017106531231547706,984.2388,0.11098925,0.43536687,1.7846551,24
2024-06-17,muratpasa,27.896494,61.270023,0.0004351138613856165,987.3901,0.03908038,1.0604769,1.8376298,24
2024-06-18,muratpasa,28.961243,62.081757,0.001702981137441384,988.0467,0.15287225,1.0735588,1.6937598,24
2024-06-19,muratpasa,29.899454,53.711254,0.0,986.91327,0.3208828,0.7135932,1.9424872,24
2024-06-20,muratpasa,30.7246,54.703808,0.0,986.0445,0.042793274,1.0086771,1.5065991,24
2024-06-21,muratpasa,30.350595,53.95477,0.31459332666372575,984.17914,0.04949232,0.45224318,1.8017765,24
2024-06-22,muratpasa,29.834106,54.094547,0.004204146534902975,981.4368,-0.027332425,0.2581458,2.2142262,24
2024-06-23,muratpasa,30.324697,54.1429,0.0,980.84125,0.03301684,0.748542,1.7467717,24
2024-06-24,muratpasa,29.237234,61.79311,0.0004410743486005231,983.46454,-0.13790512,0.87865496,1.7367134,24
2024-06-25,muratpasa,29.535757,67.67662,0.0,984.195,-0.034499485,1.0237163,1.650518,24
2024-06-26,muratpasa,31.78952,51.03282,0.0021517274717552937,982.96436,0.53563243,-0.33303177,2.3063533,24
2024-06-27,muratpasa,30.537497,54.435413,0.0,983.722,0.08745766,0.56892586,2.0050466,24
2024-06-28,muratpasa,29.547607,63.538525,0.0017251713870791718,981.8184,-0.041144688,0.7237778,1.7825198,24
2024-06-29,muratpasa,29.900635,50.881866,0.8079115632426692,979.6817,0.57212704,-1.0063728,1.8163338,24
2024-06-30,muratpasa,31.680826,27.458298,0.0012891123333247378,982.5972,1.2405313,-3.5145667,3.8233194,24
2024-07-01,muratpasa,31.192352,30.21733,1.979060471057892e-06,982.9475,0.9621544,-1.9799013,2.421571,24
2024-07-02,muratpasa,30.681986,36.489365,0.000852346317969932,980.97235,0.6637561,0.10334893,2.1262581,24
2024-07-03,muratpasa,28.088654,60.574764,0.13309717178344727,980.79297,-0.97767,1.2434292,2.3603928,24
2024-07-04,muratpasa,25.567923,77.69632,1.9317750120535493,983.67633,-1.4536667,1.336963,2.5112922,24
2024-07-05,muratpasa,26.259481,61.446354,0.3775579680223018,985.46533,0.18307431,0.36585876,1.8025733,24
2024-07-06,muratpasa,31.09611,36.707203,0.002157047674700152,983.99097,1.3420544,-3.0221226,3.3752127,24
2024-07-07,muratpasa,33.29607,29.611732,0.0,982.5461,1.5930991,-2.8260672,3.3465269,24
2024-07-08,muratpasa,33.839985,33.078087,0.0,981.6149,0.83801013,-2.004645,2.6177602,24
2024-07-09,muratpasa,32.973156,41.53702,0.0008583068620282575,981.80585,0.41077486,-0.65483516,2.2220678,24
2024-07-10,muratpasa,31.439575,50.134678,0.6974637508392334,983.98413,0.49601555,0.08899859,1.9336342,24
2024-07-11,muratpasa,30.37612,52.241314,0.000852346317969932,986.0242,0.3206987,0.58890027,1.9758338,24
2024-07-12,muratpasa,29.657156,56.563477,0.0008583068620282575,985.30365,0.119802475,0.7655323,1.7889318,24
2024-07-13,muratpasa,28.964426,59.287785,0.0,983.0027,0.04883957,0.76805156,1.8922844,24
2024-07-14,muratpasa,30.81958,53.40243,0.2693176211323589,981.28,0.6724383,-0.002901594,1.7871906,24
2024-07-15,muratpasa,31.792725,46.333633,0.12312829494476318,980.98724,0.54388875,-0.48276344,2.1247346,24
2024-07-16,muratpasa,30.764862,52.79566,0.0008672504918649793,982.7789,0.40981293,0.47357407,1.6608657,24
2024-07-17,muratpasa,31.198038,51.558834,0.0,984.2249,0.46732268,0.5484291,2.0573375,24
2024-07-18,muratpasa,31.896963,50.27331,0.000852346317969932,984.0461,0.52042073,0.08817247,1.9377238,24
2024-07-19,muratpasa,34.05776,37.087162,0.0021398063836386427,981.7872,0.8682372,-2.1725788,2.5351706,24
2024-07-20,muratpasa,34.631073,27.969702,0.0008595657732257678,980.7041,0.9795666,-1.89491,2.4842558,24
2024-07-21,muratpasa,33.15341,35.39514,0.002580881073299679,982.2348,0.4805088,0.14155431,2.1583617,24
2024-07-22,muratpasa,32.075153,46.329494,0.000852346317969932,982.66644,0.08639399,0.45413682,2.0508788,24
2024-07-23,muratpasa,31.170685,61.26958,0.0,982.95874,0.03520902,0.64939654,1.7409059,24
2024-07-24,muratpasa,30.877554,68.00277,0.033277272450504825,980.31445,-0.0019372305,0.88029796,1.6586534,24
2024-07-25,muratpasa,29.148325,78.08054,2.328556729480624,978.7471,-0.17963727,0.9599631,1.4269964,24
2024-07-26,muratpasa,30.291962,58.771267,0.005841255187988281,979.57886,1.0689741,-0.5645621,1.4376911,24
2024-07-27,muratpasa,31.596395,33.040115,0.0,985.3818,1.2351385,-4.3438983,4.5569663,24
2024-07-28,muratpasa,32.348377,31.754782,0.0008583068620282575,988.11395,1.0480772,-2.7785099,3.0460927,24
2024-07-29,muratpasa,32.90276,35.320423,0.0021427867977763526,983.78143,0.88344765,-0.88635594,2.3210037,24
2024-07-30,muratpasa,32.29127,41.00224,0.0008523463748133508,979.948,0.58293915,-0.54813355,1.4401094,24
2024-07-31,muratpasa,32.33726,36.231823,0.000852346317969932,982.6421,0.3778127,-1.1609217,2.574396,24
2024-08-01,muratpasa,31.84549,41.197186,0.0021312280296115205,983.68164,0.60099155,0.12137476,2.2154653,24
2024-08-02,muratpasa,31.068756,47.762264,0.000852346317969932,982.8796,0.25896707,0.6010774,1.9013971,24
2024-08-03,muratpasa,29.82782,55.40711,0.0035062967072008178,982.06055,-0.38621393,0.8431289,1.8602244,24
2024-08-04,muratpasa,29.506601,66.22928,0.0,983.16846,-0.1675523,1.0374947,1.6226081,24
2024-08-05,muratpasa,29.733236,64.046875,0.0,983.22675,0.023488363,0.72108626,1.9077612,24
2024-08-06,muratpasa,29.710611,63.80672,0.0,983.07306,-0.03200086,0.8657163,1.8033091,24
2024-08-07,muratpasa,29.871054,64.080086,0.0,983.4065,0.081926346,0.87582713,1.7247847,24
2024-08-08,muratpasa,29.688345,67.25436,0.0,984.94,-0.08400408,1.074226,1.6509367,24
2024-08-09,muratpasa,29.643778,67.496956,0.0,985.74054,-0.18001239,1.2740649,1.698753,24
2024-08-10,muratpasa,29.282633,72.30043,0.0,986.2154,-0.098417245,1.0655643,1.5714344,24
2024-08-11,muratpasa,31.815125,51.52289,0.0008583068620282575,985.18555,0.573304,-0.5344202,2.033306,24
2024-08-12,muratpasa,33.194214,32.066254,0.0008583068620282575,984.51154,0.8871517,-2.5698223,2.8029363,24
2024-08-13,muratpasa,32.666485,29.87796,0.0,984.7745,0.6115818,-0.5719227,2.33015,24
2024-08-14,muratpasa,31.232483,44.565464,0.0,985.36566,0.25256285,0.2946812,1.956668,24
2024-08-15,muratpasa,31.55774,43.989338,0.0,984.97534,0.27676454,0.119904555,1.9891266,24
2024-08-16,muratpasa,33.09206,31.194372,0.0008583068620282575,983.325,0.65203476,-2.8163376,2.9902408,24
2024-08-17,muratpasa,33.027252,24.647448,0.0,981.7537,1.0054741,-2.1258214,2.7274497,24
2024-08-18,muratpasa,30.208384,39.60299,0.0008583068620282575,983.3874,-0.042241413,0.2219569,2.1430764,24
2024-08-19,muratpasa,28.815918,51.78747,0.0,986.2095,-0.10286522,0.5513048,1.8843635,24
2024-08-20,muratpasa,29.048737,57.192642,0.0008546918479623855,986.2993,-0.01579833,0.7338163,1.8235911,24
2024-08-21,muratpasa,28.954416,63.871613,6.347136149997823e-07,983.299,-0.6638716,0.77999735,1.9531299,24
2024-08-22,muratpasa,27.420645,65.91305,0.0012841310308431275,983.33887,-0.6029536,0.36128604,1.9001861,24
2024-08-23,muratpasa,27.89689,68.49839,0.0017153206499642693,986.3448,-0.12600708,0.88160735,1.6463348,24
2024-08-24,muratpasa,30.784342,52.612995,0.29921531677246094,985.93463,0.5168762,-0.21935289,1.9463125,24
2024-08-25,muratpasa,29.941315,50.2242,0.019299983250675723,984.17694,0.75758487,-0.43752277,1.8291425,24
2024-08-26,muratpasa,28.84674,60.163223,0.0,985.56195,-0.045859654,0.7495208,1.9672232,24
2024-08-27,muratpasa,28.150045,64.6002,0.0,987.1819,-0.013945897,0.72229576,1.7733747,24
2024-08-28,muratpasa,28.159494,59.79619,0.0008583068620282575,988.587,0.29470953,0.4807024,1.6693689,24
2024-08-29,muratpasa,28.203186,59.98691,0.000852346317969932,987.585,0.4082044,0.42328897,1.552731,24
2024-08-30,muratpasa,28.642893,56.55334,0.0,986.4653,0.67371434,0.11904017,1.616683,24
2024-08-31,muratpasa,28.203735,57.436718,0.0021487467165570706,985.93866,0.31953302,0.48277164,1.7995831,24
2024-09-01,muratpasa,26.735138,60.756992,0.4352509859018028,985.8277,-0.32323328,0.20892334,1.775248,24
2024-09-02,muratpasa,25.004923,71.24287,1.8302142852917314,989.9199,-0.5062167,0.39997673,1.3320327,24
2024-09-03,muratpasa,26.365591,69.944984,0.5715666338801384,990.5633,0.07779503,0.22859411,1.2205266,24
2024-09-04,muratpasa,28.391623,60.950535,0.015485285985050723,987.53326,0.7172672,0.05314223,1.6003932,24
2024-09-05,muratpasa,29.184753,54.661407,0.040918588638305664,986.1452,0.77367944,-0.26706418,1.7837023,24
2024-09-06,muratpasa,30.107138,50.38235,0.0,986.41144,0.65308315,-0.61473846,2.0230844,24
2024-09-07,muratpasa,30.274008,41.532944,0.0,987.0141,1.1235495,-0.71788216,2.2103002,24
2024-09-08,muratpasa,27.892618,52.412693,0.6873569915910593,986.40094,0.1181728,-0.2619252,1.7643265,24
2024-09-09,muratpasa,26.982147,67.961006,0.17073449271265417,987.65204,-0.18997829,0.5486663,1.4669362,24
2024-09-10,muratpasa,25.751242,75.46783,1.672533297096379,987.0373,-0.86571616,1.1649915,1.8905302,24
2024-09-11,muratpasa,24.527842,77.7466,5.006137304008007,988.427,-0.9192613,0.9179935,1.8999004,24
2024-09-12,muratpasa,25.343903,72.977005,1.3406187063083053,990.25775,0.018814722,-0.026069602,1.694739,24
2024-09-13,muratpasa,25.832764,66.90329,0.0017310112525592558,987.9675,0.09451803,0.41334233,1.7120634,24
2024-09-14,muratpasa,26.9056,60.37889,0.0,985.5261,0.5744076,-0.053500216,1.9105045,24
2024-09-15,muratpasa,26.14263,63.814335,0.002585224933682184,983.4533,-0.4192829,0.29942286,1.5394607,24
2024-09-16,muratpasa,25.03657,54.669693,0.0012833064602091326,984.52075,0.33061472,-0.094856344,2.2157562,24
2024-09-17,muratpasa,24.547964,62.057865,0.0,989.24774,-0.14464442,0.30856016,1.6119083,24
2024-09-18,muratpasa,24.43928,64.270775,0.0008583068620282575,990.831,-0.13025348,0.3219452,1.653395,24
2024-09-19,muratpasa,24.93508,62.48852,0.002566280272731092,987.9773,0.60795784,0.2271275,1.7324266,24
2024-09-20,muratpasa,24.610361,66.28638,0.21682683654944412,988.3767,0.13211505,0.16290049,1.4156399,24
2024-09-21,muratpasa,23.812185,66.29707,4.952156450599432,988.4234,0.34584108,-0.45810223,1.7506863,24
2024-09-22,muratpasa,23.502838,58.209194,0.1813948038034141,988.44867,0.3991553,-1.148891,1.6884319,24
2024-09-23,muratpasa,23.724771,54.291946,0.0008553266184208042,990.0669,0.5286217,-0.53890055,2.1527746,24
2024-09-24,muratpasa,23.114267,62.32594,0.0008584491979490849,993.0346,-0.009646098,-0.057164233,1.6298641,24
2024-09-25,muratpasa,24.66575,57.56541,3.259913228248479e-06,992.7715,0.6438249,-0.304139,1.7287502,24
2024-09-26,muratpasa,25.730194,53.127216,0.0,990.8723,0.6777789,-0.6085282,1.8738612,24
2024-09-27,muratpasa,26.677652,49.119762,0.0004351138045421976,989.3335,0.7054259,-0.66991615,1.8788646,24
2024-09-28,muratpasa,25.983002,53.93759,0.0008583068051848386,988.3728,0.41395378,-0.19973119,1.93464,24
2024-09-29,muratpasa,24.760406,61.17368,0.0004351138045421976,986.6917,0.010350545,0.2820159,1.8392787,24
2024-09-30,muratpasa,22.448843,78.886955,4.282995127141476,984.86456,-0.8023707,-0.4869624,2.2553854,24
2024-10-01,muratpasa,22.859629,41.180347,0.0,985.07544,1.4568539,-3.2628117,3.6057675,24
2024-10-02,muratpasa,22.578217,42.174908,0.000852346317969932,988.77203,0.7847481,-1.503533,2.9107342,24
2024-10-03,muratpasa,21.666391,64.08434,0.0012874597814516164,993.40826,0.07250913,0.03923289,1.7003611,24
2024-10-04,muratpasa,22.8767,65.30432,0.0013077157632324088,993.5296,0.37199402,0.17613538,1.3955916,24
2024-10-05,muratpasa,23.411377,66.58344,0.0004357596594672941,991.2885,0.27779186,0.0889167,1.6350423,24
2024-10-06,muratpasa,22.806122,69.803444,0.0008583068620282575,990.28485,0.20669644,0.053203147,1.6065949,24
2024-10-07,muratpasa,23.09966,72.076065,0.07419288158416748,991.9157,-0.21955566,0.05729258,1.688078,24
2024-10-08,muratpasa,23.87449,63.726032,0.0025480985641479492,994.2204,0.44403017,-0.038429182,1.597417,24
2024-10-09,muratpasa,22.429413,74.67072,2.3841948859626427e-05,993.50433,-0.060214996,0.29100397,1.585219,24
2024-10-10,muratpasa,22.169516,72.865204,0.0021413222839328228,990.79346,-0.17686145,0.37227693,1.5956742,24
2024-10-11,muratpasa,22.592031,70.46215,0.005816428938487661,989.80133,-0.09800085,0.20125611,1.5727195,24
2024-10-12,muratpasa,22.969992,76.44751,0.05029141902923584,990.93695,-0.21521632,0.60248756,1.522843,24
2024-10-13,muratpasa,23.17341,78.57368,0.27064526511821896,991.104,-0.1193161,0.44861758,1.3438977,24
2024-10-14,muratpasa,23.123587,77.560486,0.013685211342817638,990.2681,0.060769398,0.4070586,1.3498707,24
2024-10-15,muratpasa,23.062326,76.26132,0.02376735210418701,991.5376,0.31369463,0.21072097,1.2119097,24
2024-10-16,muratpasa,22.89743,69.4398,0.0004261731874066754,992.15137,0.1755174,0.10205404,1.69947,24
2024-10-17,muratpasa,22.463043,38.536915,3.0772753234487027e-06,992.6438,1.2659708,-5.033312,5.216817,24
2024-10-18,muratpasa,19.028666,30.13263,0.0017046926927832828,994.3281,1.8683472,-5.2384067,5.574379,24
2024-10-19,muratpasa,18.974539,29.912651,0.0017184111129608937,996.0774,0.8440094,-3.2380943,3.4113357,24
2024-10-20,muratpasa,18.62443,34.85745,0.0017295787984039634,999.5684,0.33321634,-1.1812153,2.289508,24
2024-10-21,muratpasa,19.479218,28.301981,0.0008453411055597826,1000.9927,0.7106387,-4.1564174,4.232229,24
2024-10-22,muratpasa,19.161123,32.143574,0.0008523463748133508,1001.33026,0.9994895,-4.0944114,4.2732444,24
2024-10-23,muratpasa,19.240988,34.65189,0.0008583068620282575,1001.3244,0.42043814,-1.8693867,2.4910738,24
2024-10-24,muratpasa,19.376017,39.7578,0.0,1000.26733,0.6104393,-1.3505751,2.0899558,24
2024-10-25,muratpasa,19.35969,36.17107,0.0017106531799981894,998.1114,0.54988986,-1.1659173,2.09672,24
2024-10-26,muratpasa,19.40683,38.541378,0.0008701620686224487,997.878,0.8646488,-1.9368439,2.3292937,24
2024-10-27,muratpasa,19.600107,37.473362,0.0,999.58075,0.42894807,-1.00785,2.024997,24
2024-10-28,muratpasa,18.525839,52.083538,0.0,997.30634,0.47616068,-0.45110574,1.7424493,24
2024-10-29,muratpasa,19.511007,36.76943,0.0,994.124,0.97958755,-1.8403463,2.2259517,24
2024-10-30,muratpasa,20.797506,30.197023,0.0,992.3157,1.0812207,-2.2954185,2.6928606,24
2024-10-31,muratpasa,19.71749,38.408485,0.0,992.9991,0.71057194,-1.6811333,2.2442923,24
2024-11-01,muratpasa,19.9228,39.16582,0.000852346317969932,995.12177,0.9211896,-1.835042,2.2593417,24
2024-11-02,muratpasa,20.008383,41.95824,0.0008612870487922919,994.718,0.9999854,-0.8325844,1.9121337,24
2024-11-03,muratpasa,19.761047,41.673393,0.0025693825591588393,993.7634,1.3408852,-2.0316544,2.4908247,24
2024-11-04,muratpasa,18.373007,42.136112,8.557435648981482e-06,994.61743,0.5141881,-1.7435426,2.4880784,24
2024-11-05,muratpasa,17.134207,43.171204,0.000852346317969932,996.8005,0.8014838,-2.0150588,2.3036995,24
2024-11-06,muratpasa,17.179148,37.812683,0.0008619792879471788,1000.3428,0.45928347,-1.2923445,2.1551988,24
2024-11-07,muratpasa,16.827698,37.125538,0.0017115757486863004,1002.03735,0.6846015,-1.9271635,2.3102565,24
2024-11-08,muratpasa,16.925852,32.367203,0.0008523463748133508,1000.16,0.81094676,-1.9866527,2.347358,24
2024-11-09,muratpasa,17.111816,33.138287,0.0,996.6746,0.64202565,-1.7403013,2.1825829,24
2024-11-10,muratpasa,15.669108,52.47694,4.043686203658581,994.31036,1.4567484,-1.6576535,2.5140676,24
2024-11-11,muratpasa,16.39208,71.75987,1.1664718622341752,996.6082,0.5584897,-0.5827493,1.9066849,24
2024-11-12,muratpasa,16.36854,68.94175,0.0,998.49054,0.5008207,-0.61086583,1.4941047,24
2024-11-13,muratpasa,16.451416,63.225323,0.000852346317969932,999.04047,0.73045224,-0.370423,1.5753832,24
2024-11-14,muratpasa,17.442526,60.858677,0.001293420325509942,996.5102,0.65215176,-0.65759975,1.9190279,24
2024-11-15,muratpasa,16.005371,75.085976,0.05017518924432807,993.94147,-0.27009788,-0.4823297,1.5790472,24
2024-11-16,muratpasa,15.242412,83.95488,12.510987933637807,993.60724,-0.4908276,-0.23554356,1.3790015,24
2024-11-17,muratpasa,14.200236,93.00931,34.725443460047245,990.21625,-1.1719615,0.26175854,1.4633187,24
2024-11-18,muratpasa,14.474213,78.42094,1.1471837788121775,989.75604,-0.06552187,-0.53779477,1.7082485,24
2024-11-19,muratpasa,14.4912615,71.28101,0.007186830771388486,993.51416,0.1380568,-0.6125861,1.3786644,24
2024-11-20,muratpasa,13.752289,76.303154,0.21532922892220085,994.8294,-0.31218204,-0.5529147,1.516627,24
2024-11-21,muratpasa,14.485087,90.670876,38.15015032887459,993.4416,-0.93021125,1.2860655,2.2150397,24
2024-11-22,muratpasa,16.076141,95.79291,38.58502954244614,995.6089,-1.0207545,0.7367547,1.707366,24
2024-11-23,muratpasa,16.562998,94.64326,27.36540138721466,994.70215,-0.906812,2.6479952,3.112017,24
2024-11-24,muratpasa,9.188741,40.747154,0.05117058753967285,998.22363,2.7364674,-7.027769,7.5884414,24
2024-11-25,muratpasa,7.877716,39.048206,0.0008583068620282575,999.7692,2.1009693,-5.0338535,5.5688605,24
2024-11-26,muratpasa,9.382701,54.168026,0.0,998.1638,0.91199046,-2.6367524,3.1219158,24
2024-11-27,muratpasa,10.023082,59.497696,0.0,999.3985,0.19924088,-2.2770665,2.3572435,24
2024-11-28,muratpasa,11.050191,62.051533,0.001718990461085923,1001.87054,0.24150467,-1.5778637,1.9770774,24
2024-11-29,muratpasa,10.492198,66.50344,0.0012934206097270362,1001.3995,0.04844411,-1.0250651,1.6281029,24
2024-11-30,muratpasa,10.575836,76.59587,0.0,1002.3151,-0.06497574,-0.78548557,1.2860876,24
2024-12-01,muratpasa,11.740001,81.0637,0.6968796369619668,1000.29816,0.26666704,-0.77006346,1.265995,24
2024-12-02,muratpasa,12.809886,86.121086,8.612889039795846,996.6052,-0.2541294,-0.9005849,1.281254,24
2024-12-03,muratpasa,12.506989,93.16141,61.88391521573067,993.10284,-2.0012257,1.1680506,2.5440288,24
2024-12-04,muratpasa,11.896454,88.80334,37.069281563162804,994.9886,-0.017817179,-1.6224507,1.7200474,24
2024-12-05,muratpasa,11.896321,86.71377,8.073042146861553,999.4507,0.21846135,-1.2342066,1.3909345,24
2024-12-06,muratpasa,12.648407,79.4175,0.12497902207542211,1000.28766,0.48217264,-1.3427747,1.5114137,24
2024-12-07,muratpasa,13.071472,72.36176,18.080919981002808,997.06744,0.7786934,-1.0191168,1.6398481,24
2024-12-08,muratpasa,13.10143,91.792725,15.63456654548645,996.2303,-1.4970392,1.2831179,2.1852067,24
2024-12-09,muratpasa,13.781178,91.13085,11.203612200915813,1001.448,-1.408508,1.1568447,1.8706733,24
2024-12-10,muratpasa,13.827148,89.99755,6.1107901856303215,1002.43726,-0.80447483,0.08774813,1.0295355,24
2024-12-11,muratpasa,13.588776,85.29973,1.932874321937561,999.94037,-0.48685452,-0.7273421,1.2407113,24
2024-12-12,muratpasa,13.050405,65.886314,0.3319917232147418,997.1284,1.0644034,-2.993705,3.2096856,24
2024-12-13,muratpasa,11.500255,48.603897,0.0,1000.2553,1.880209,-4.647181,5.0289464,24
2024-12-14,muratpasa,10.778656,48.87875,0.000870227722771233,1004.70776,0.5921236,-2.616766,2.9604712,24
2024-12-15,muratpasa,10.182689,81.81224,4.934519529342651,1004.1379,-0.5126655,0.015596072,1.6556306,24
2024-12-16,muratpasa,12.341309,81.89683,13.209679629653692,1000.0298,0.27026248,-1.4740372,1.7616848,24
2024-12-17,muratpasa,11.034526,61.12871,0.0008596848033448623,1003.8718,0.93327445,-1.8935274,2.3291256,24
2024-12-18,muratpasa,10.954183,69.4537,0.001289829015149735,1001.5273,0.66213024,-1.2790489,1.6292816,24
2024-12-19,muratpasa,10.87561,71.51916,0.0008493365157846711,996.7403,0.41035137,-0.9173269,1.3758372,24
2024-12-20,muratpasa,10.523193,83.2766,1.2574642896652222,993.91626,-0.30351725,-0.70673275,1.3852736,24
2024-12-21,muratpasa,11.997314,92.303986,29.317393898963928,993.574,-0.4453208,0.20397513,1.5494308,24
2024-12-22,muratpasa,11.099202,82.85324,4.865446360781789,993.233,0.2009042,-1.0379524,1.6712837,24
2024-12-23,muratpasa,10.819835,89.71542,8.936062455177307,990.7254,-0.6424548,-0.6934859,1.1966931,24
2024-12-24,muratpasa,12.388428,91.59814,45.362431555986404,989.1336,-1.3666083,4.1455517,4.4114103,24
2024-12-25,muratpasa,10.90862,94.10575,41.91206023097038,990.23895,-1.4057432,2.0834625,2.928466,24
2024-12-26,muratpasa,10.040914,89.614655,11.663037352263927,993.3444,-0.72282094,-1.6072451,1.9620076,24
2024-12-27,muratpasa,10.947276,75.35972,3.5434141755104065,991.4764,0.7853901,-1.4919791,2.0722075,24
2024-12-28,muratpasa,9.001119,90.50708,15.233725309371948,993.1225,-0.9724329,-0.510246,1.4854342,24
2024-12-29,muratpasa,8.918223,91.140015,24.551207199692726,996.26074,-1.1980098,0.27332625,1.6777586,24
2024-12-30,muratpasa,9.824168,68.93662,0.1936405897140503,996.51324,1.3038768,-3.0439675,3.3399954,24
2024-12-31,muratpasa,10.516927,57.573795,0.0008583010639995337,1002.3641,1.5879046,-3.0097198,3.4242284,24
2025-01-01,muratpasa,9.941142,61.521008,0.0,1007.2034,0.67481714,-1.7303549,1.9277487,24
2025-01-02,muratpasa,8.870453,71.43825,0.0018924474716186523,1007.1435,0.14636791,-0.85724276,1.4091979,24
2025-01-03,muratpasa,9.251576,77.68683,0.3638446214608848,1004.1578,-0.2699407,-0.8186386,1.321576,24
2025-01-04,muratpasa,10.636577,90.0217,13.72915506362915,1000.0981,-0.43093565,-0.9583192,1.168115,24
2025-01-05,muratpasa,12.346954,78.9263,3.8288235664367676,996.0617,0.49989787,-1.3582296,1.514863,24
2025-01-06,muratpasa,11.634064,68.281555,0.0008624298288850696,998.90375,0.50107867,-1.6263944,2.1888056,24
2025-01-07,muratpasa,11.008647,84.62757,0.9473657119087875,1004.18634,-0.13462512,-0.7182503,1.077211,24
2025-01-08,muratpasa,12.306885,87.338776,1.3255164376460016,1003.6457,-0.062334698,-0.596302,0.9153932,24
2025-01-09,muratpasa,11.304118,79.02786,2.9802322387695312e-05,999.7356,0.68210477,-1.0753299,1.3586446,24
2025-01-10,muratpasa,11.080302,71.9016,0.0021506893972400576,995.4065,0.5936172,-0.76885796,1.2608198,24
2025-01-11,muratpasa,10.101288,77.45261,0.6199806812219322,996.1692,-0.07680019,-0.63508797,1.5243527,24
2025-01-12,muratpasa,11.976481,88.49729,11.410027800593525,998.378,-0.7579778,-0.05921491,1.6900039,24
2025-01-13,muratpasa,13.257416,93.751045,12.04740721732378,1000.57764,-1.3267225,1.4831449,2.0636795,24
2025-01-14,muratpasa,12.957153,90.77323,4.751577973365784,1000.28204,-0.25083733,-0.6344431,1.0751052,24
2025-01-15,muratpasa,11.198222,91.909615,19.111943896859884,997.667,-0.1711998,-0.84120816,1.3917923,24
2025-01-16,muratpasa,11.804718,71.2947,2.4646781384944916,1001.925,0.7257436,-1.8938211,2.0790107,24
2025-01-17,muratpasa,12.043569,53.251972,0.0008583068620282575,1005.53253,1.2145748,-3.781191,4.0076585,24
2025-01-18,muratpasa,11.804708,49.784245,0.000852346317969932,1001.63995,1.1878866,-3.0993083,3.334028,24
2025-01-19,muratpasa,12.448364,56.22984,0.0013043331819062587,998.4651,0.99319714,-2.0065272,2.4871416,24
2025-01-20,muratpasa,12.721568,63.304523,0.0008463860581287008,997.4826,0.58685535,-1.758626,2.557356,24
2025-01-21,muratpasa,11.2553,85.70013,2.82461941242218,1001.27637,-0.37916246,-0.55859035,1.4588227,24
2025-01-22,muratpasa,10.855611,91.23978,33.91436114907265,998.7913,-0.90349704,-1.5371865,2.00759,24
2025-01-23,muratpasa,10.933217,85.08482,6.860642461106181,999.1062,-0.37945113,-0.71290636,1.3810734,24
2025-01-24,muratpasa,10.440022,84.55323,2.910026232711971,1000.47015,-0.30357805,-0.57767564,1.3176674,24
2025-01-25,muratpasa,10.888997,91.478516,32.35757409129292,999.34863,-1.1925502,0.10618576,1.7603126,24
2025-01-26,muratpasa,11.839172,76.87483,27.05523930490017,1000.3,0.21096225,-1.1900772,1.7717462,24
2025-01-27,muratpasa,11.207194,72.5899,0.0004351138045421976,999.9668,0.7848358,-0.9144058,1.6845781,24
2025-01-28,muratpasa,9.905833,80.20255,0.0020593397493939847,1001.0932,0.11963137,-0.8349056,1.4509112,24
2025-01-29,muratpasa,10.569905,82.71424,0.00873224144015694,1003.2359,0.2000215,-0.5453027,1.2208494,24
2025-01-30,muratpasa,10.536519,78.87761,0.03712177203851752,1003.7197,0.07775954,-0.33169937,1.285781,24
2025-01-31,muratpasa,11.391571,71.08175,0.10776818089652807,1000.8183,0.6013328,-0.7474378,1.4946526,24
2025-02-01,muratpasa,12.1614685,65.574905,0.0008583068620282575,1000.9607,0.85495037,-1.1457539,1.9625678,24
2025-02-02,muratpasa,10.771251,74.13125,0.0025925666022885707,1000.88043,0.1972313,-0.46740913,1.5916234,24
2025-02-03,muratpasa,11.038116,79.89944,0.0017106528389376763,997.28973,0.04723994,-0.34990945,1.3039125,24
2025-02-04,muratpasa,10.21051,85.090645,9.051179885602778,994.0909,0.12878418,-0.61412495,1.1465195,24
2025-02-05,muratpasa,9.301727,55.84084,2.1492272499017417,990.7275,1.4095093,-5.2477775,5.4993587,24
2025-02-06,muratpasa,6.292806,36.197792,0.003004073732881807,995.5494,2.3940713,-6.6975646,7.229788,24
2025-02-07,muratpasa,6.3798423,36.63921,0.0004351138045421976,1000.9567,2.1132514,-5.649441,6.0859737,24
2025-02-08,muratpasa,8.230377,46.711575,0.0,1000.36084,1.1525753,-3.5216625,3.8586748,24
2025-02-09,muratpasa,8.572205,49.69116,0.0,997.2618,0.73852235,-3.049139,3.1757755,24
2025-02-10,muratpasa,8.210114,49.772167,0.0012904401955893263,996.9417,0.76763326,-2.4275458,2.6671956,24
2025-02-11,muratpasa,7.58785,48.593124,0.000852346317969932,998.4234,0.8441601,-2.3491948,2.8001292,24
2025-02-12,muratpasa,7.3243103,45.81752,0.041085480916080996,998.6467,1.1358217,-2.907799,3.1612413,24
2025-02-13,muratpasa,8.061473,40.573177,0.0017298234524787404,999.6629,2.1782005,-3.9598787,4.542052,24
2025-02-14,muratpasa,8.137166,58.296543,0.0017225738702109084,999.794,0.20525868,-0.93734574,1.968815,24
2025-02-15,muratpasa,8.42039,74.35848,0.001729240466374904,997.56354,0.073303856,-0.6369813,1.1098474,24
2025-02-16,muratpasa,9.400848,73.834656,0.09024739119922742,994.4673,-0.049781162,-0.30804315,1.5445641,24
2025-02-17,muratpasa,9.403005,86.50531,6.135317504231352,995.0022,-0.33868217,-0.48550987,1.4813281,24
2025-02-18,muratpasa,10.632335,92.19926,34.35404598712921,995.5662,-1.0585368,-0.11484718,1.4862593,24
2025-02-19,muratpasa,11.789134,64.13778,4.036396741867065,993.4102,0.7492733,-2.4682205,2.6441572,24
2025-02-20,muratpasa,7.9256797,37.40019,0.0025778999770409428,996.3186,1.5967541,-5.4680405,5.787491,24
2025-02-21,muratpasa,5.197998,33.03777,0.0004351138045421976,1000.5102,0.97420186,-5.257916,5.4526577,24
2025-02-22,muratpasa,3.878381,31.385214,0.0,1003.0445,1.0742754,-5.186907,5.35467,24
2025-02-23,muratpasa,3.5923576,32.22707,0.000852346317969932,1005.2846,0.24030812,-4.347385,4.398086,24
2025-02-24,muratpasa,4.603058,39.276485,0.000861157957388059,1006.6314,-0.08223089,-2.4368827,3.1099346,24
2025-02-25,muratpasa,5.0752463,67.520515,0.015436551620950922,1004.3221,-0.60198784,-0.3127772,1.2594823,24
2025-02-26,muratpasa,7.1779785,74.538826,0.016427864466095343,1001.44727,-0.18872707,-0.34212685,1.6198994,24
2025-02-27,muratpasa,8.696808,75.12205,0.7024147271295078,1001.8467,-0.06825256,-0.37705168,1.7115601,24
2025-02-28,muratpasa,9.585083,82.77703,3.4821508452296257,998.19305,-0.2968966,-0.8137143,1.5478454,24
2025-03-01,muratpasa,10.843872,74.08275,0.00025331974029541016,998.2944,0.6336479,-0.69077426,1.8705977,24
2025-03-02,muratpasa,10.689738,80.809814,0.6162405013014904,1000.1387,-0.14624028,-0.22887039,1.4894838,24
2025-03-03,muratpasa,11.625224,84.03997,8.299857378005981,994.66144,0.10395658,-0.8457596,1.4039701,24
2025-03-04,muratpasa,12.254313,55.511448,0.0004351138045421976,992.46356,0.6687584,-2.9081504,3.1046731,24
2025-03-05,muratpasa,13.997874,48.334576,0.0004351138045421976,996.3115,1.1766031,-2.803631,3.0702207,24
2025-03-06,muratpasa,15.050293,46.494358,0.0,999.61743,1.2280102,-2.7442245,3.0335,24
2025-03-07,muratpasa,15.702891,45.35051,0.0,995.9678,0.6574516,-1.4685259,2.195764,24
2025-03-08,muratpasa,13.6553545,62.392685,0.0025684157662908547,990.3714,0.4971454,-0.56324756,1.768415,24
2025-03-09,muratpasa,12.186727,78.5791,0.010279606613039505,991.72723,-0.18573253,-0.6938706,1.596769,24
2025-03-10,muratpasa,12.281901,80.72018,0.000852346317969932,996.25946,0.029750824,0.051039457,1.5106511,24
2025-03-11,muratpasa,12.722707,79.94644,0.003567566466244898,999.7629,-0.024953207,0.06785691,1.4331652,24
2025-03-12,muratpasa,13.149139,74.1545,0.0008583068620282575,999.5153,0.40031496,-0.5702718,1.6763252,24
2025-03-13,muratpasa,14.353658,65.71123,0.000852346317969932,996.69116,0.45788637,-0.7559207,1.7358994,24
2025-03-14,muratpasa,16.762238,59.497875,0.0012865057215094566,996.77936,0.8978589,-0.7594058,1.8415418,24
2025-03-15,muratpasa,18.025137,61.597225,0.0021521964299608953,998.5007,0.88878185,-0.65501696,1.9376215,24
2025-03-16,muratpasa,17.231607,62.87982,0.06976127770030871,996.6692,0.44000754,-0.46982446,1.6989688,24
2025-03-17,muratpasa,15.980743,67.470894,0.1271367073059082,990.9292,-0.5509078,-0.092667736,1.7471857,24
2025-03-18,muratpasa,15.508342,60.218876,0.04438161704456434,987.09,0.60230654,-0.91340756,1.9223357,24
2025-03-19,muratpasa,11.202606,49.50012,1.814723014831543,989.5888,1.637936,-4.899315,5.2213264,24
2025-03-20,muratpasa,7.7938333,33.077927,0.0,997.04425,2.0982394,-6.3557625,6.8795686,24
2025-03-21,muratpasa,9.670369,38.21999,0.0012874601225121296,998.219,1.351202,-4.3234363,4.74785,24
2025-03-22,muratpasa,10.64212,51.03035,0.0013008348105358891,999.5469,0.349439,-0.7575124,2.4308052,24
2025-03-23,muratpasa,10.968699,74.56422,0.10822787589859217,1003.7222,-0.23360062,0.18679173,1.7292329,24
2025-03-24,muratpasa,13.797709,77.98753,0.3175437595928088,1005.8851,0.2091742,0.15857284,1.3740038,24
2025-03-25,muratpasa,16.592062,74.8417,0.05013048939872533,1002.6407,0.34224358,-0.01678594,1.4552101,24
2025-03-26,muratpasa,17.50648,69.90418,0.002372264759742393,995.70795,0.45766196,-0.20927596,1.4858456,24
2025-03-27,muratpasa,17.854166,64.22327,0.0026404857180750696,990.65875,0.6057306,-0.17130657,1.6870433,24
2025-03-28,muratpasa,18.58544,59.753094,0.12308981263231544,984.83105,0.05327058,0.299643,2.0580635,24
2025-03-29,muratpasa,15.2690935,84.17478,7.471400145732332,985.424,-1.5942832,0.82496804,2.5648682,24
2025-03-30,muratpasa,12.898021,83.109795,5.934590473771095,987.50006,-0.82502365,0.69832087,1.8249542,24
2025-03-31,muratpasa,13.6362,77.02012,4.051271127536893,990.4887,-0.14629364,-0.6829402,1.4179416,24
2025-04-01,muratpasa,12.988007,82.056465,26.971209794282913,987.489,0.21512978,-0.54808694,1.6485971,24
2025-04-02,muratpasa,13.017802,92.70428,30.81323578953743,986.4146,-1.2241102,1.0851029,1.9792156,24
2025-04-03,muratpasa,13.767731,81.31682,0.9180784109048545,991.1972,-0.15567462,0.032399017,1.6798482,24
2025-04-04,muratpasa,12.581737,81.96877,1.8907398043666035,991.59576,-0.4285749,-0.107668556,1.4680792,24
2025-04-05,muratpasa,12.532135,86.517784,9.101545438170433,988.5178,-0.47049728,0.13614464,1.8006278,24
2025-04-06,muratpasa,13.028005,85.473045,7.04168900847435,988.8938,-1.0877997,0.47357342,2.0057924,24
2025-04-07,muratpasa,13.293701,84.81138,2.938243793323636,991.4466,-0.813509,0.57008153,2.081536,24
2025-04-08,muratpasa,14.288971,80.60917,3.30430269241333,992.2587,-0.3870074,-0.6109347,1.4582542,24
2025-04-09,muratpasa,13.948659,70.785416,2.3823410738259554,988.0542,0.011399587,-1.4692063,1.9829315,24
2025-04-10,muratpasa,11.876668,42.878845,0.0018954276583826868,990.7912,2.1778743,-2.9990892,4.2298884,24
2025-04-11,muratpasa,11.349172,45.212967,0.004241096576151904,988.21783,0.549949,-2.033334,2.4304435,24
2025-04-12,muratpasa,11.495463,47.12932,0.40207733400166035,990.22095,0.30120596,-1.5113055,2.9144764,24
2025-04-13,muratpasa,13.300862,59.005646,0.5707472555513959,992.5332,0.5656598,-1.5050589,2.358291,24
2025-04-14,muratpasa,13.0416975,52.67216,0.0008583068620282575,995.99994,0.1468951,-2.3894606,2.4920459,24
2025-04-15,muratpasa,15.2812195,41.641613,0.0008472074455312395,997.33075,1.2130438,-2.5032203,2.9135468,24
2025-04-16,muratpasa,17.748709,48.891254,0.0,998.04816,1.1081333,-1.2699827,1.8937974,24
2025-04-17,muratpasa,16.81318,63.350605,0.0029980064937262796,998.1162,0.3112526,0.03229149,1.6954931,24
2025-04-18,muratpasa,17.49291,70.60796,0.0008665026030030276,994.0142,0.2892971,0.06907312,1.6344005,24
2025-04-19,muratpasa,17.177155,73.75364,0.021263957023620605,990.5462,-0.5684363,0.2860286,1.6965028,24
2025-04-20,muratpasa,16.424093,76.612434,0.004950165930495132,989.3125,0.023866653,0.41610563,1.7437243,24
2025-04-21,muratpasa,16.45925,79.67724,0.0019747994883800857,990.0051,-0.031074524,0.57409364,1.6176838,24
2025-04-22,muratpasa,17.759155,71.790825,0.03561681296559982,990.3408,0.5017789,-0.04301834,1.564087,24
2025-04-23,muratpasa,20.237549,61.788837,0.0012874597814516164,986.68085,0.76966095,-0.76220894,2.151241,24
2025-04-24,muratpasa,16.851868,80.39037,10.423868346151721,984.94965,-1.0332083,0.6895445,2.1337917,24
2025-04-25,muratpasa,15.157002,88.005226,20.399322733283043,987.5068,-1.1676197,-0.25301042,1.9120259,24
2025-04-26,muratpasa,15.814229,77.85699,1.181483268737793,989.41943,-0.20990627,0.30850232,1.8620077,24
2025-04-27,muratpasa,16.164633,74.622894,0.004106772394152358,992.0319,0.12980461,0.1272109,1.6571623,24
2025-04-28,muratpasa,17.970877,67.13119,0.1650732447160408,991.10815,0.49668312,-0.4750692,1.8471011,24
2025-04-29,muratpasa,17.949808,63.788437,0.21750439191237092,989.1804,0.20803134,-0.49297777,1.819178,24
2025-04-30,muratpasa,16.927725,73.91645,4.428252577781677,987.46967,1.1268845,-0.765538,1.6254715,24
2025-05-01,muratpasa,14.593181,90.367615,32.553281635046005,987.4338,-1.1281446,1.8465723,2.323189,24
2025-05-02,muratpasa,15.739003,73.4292,0.07488131450372748,989.4431,-0.107393265,-0.026848236,1.5964713,24
2025-05-03,muratpasa,16.38622,74.15829,1.4843642711639404,990.42944,0.27021536,-0.48189822,1.7056228,24
2025-05-04,muratpasa,17.019754,74.529106,0.12487050844356418,989.79877,0.1610082,-0.123098016,1.8003281,24
2025-05-05,muratpasa,17.847809,69.26316,0.0008523463748133508,989.8188,0.29179254,0.11106881,1.8137163,24
2025-05-06,muratpasa,18.132273,77.44539,0.0017290449250140227,994.2385,-0.16087468,0.3399302,1.6719126,24
2025-05-07,muratpasa,18.7064,78.38824,0.0008469099839203409,995.66156,0.0033016205,0.40693155,1.6079664,24
2025-05-08,muratpasa,19.41806,76.42556,0.011271243238297757,993.0686,0.045412064,-0.13187034,1.7008408,24
2025-05-09,muratpasa,20.94462,69.30793,0.0004351138045421976,992.6088,0.3818353,-0.0485452,1.6219236,24
2025-05-10,muratpasa,20.859915,72.593575,0.08141398575389758,991.90845,0.08984693,-0.40619448,1.741095,24
2025-05-11,muratpasa,20.47338,67.468155,0.0008583068620282575,987.82764,-0.25527573,-0.23778836,1.6940974,24
2025-05-12,muratpasa,20.602133,67.530174,0.0021457663024193607,983.2857,0.5985877,-0.4638424,1.6967348,24
2025-05-13,muratpasa,20.391306,60.62511,0.04428029205882922,982.52936,0.91972417,-0.6178046,1.737195,24
2025-05-14,muratpasa,19.2482,64.80549,0.14716386795043945,986.7266,0.18449974,0.014700334,1.5223137,24
2025-05-15,muratpasa,19.411774,62.686687,0.0017118391042458825,990.9305,0.03214836,0.009165685,1.965166,24
2025-05-16,muratpasa,18.25058,76.57362,0.5253881099633873,994.2906,-0.4651095,0.7758276,1.8254505,24
2025-05-17,muratpasa,19.762238,65.45299,0.0017166139514301904,992.22504,-0.30830064,0.25656393,1.4531311,24
2025-05-18,muratpasa,20.142466,63.883564,0.0012814989531761967,992.9528,0.05811755,0.081900276,1.6340569,24
2025-05-19,muratpasa,21.535849,52.163727,0.0017285350395468413,993.3879,0.8214367,-0.8054288,2.5015714,24
2025-05-20,muratpasa,20.937439,62.371323,0.0017081086411963042,991.5071,0.4219214,0.22605188,1.5607432,24
2025-05-21,muratpasa,22.292673,54.3076,0.002145116923202295,992.1889,0.7134984,-0.6696113,2.1444187,24
2025-05-22,muratpasa,23.740173,53.690872,0.0,990.4776,0.9092541,-0.54129094,1.9780627,24
2025-05-23,muratpasa,25.250265,46.286076,0.0,987.53143,1.0550379,-0.53117704,2.3371024,24
2025-05-24,muratpasa,26.165049,44.42319,0.030297040211735293,988.1897,1.8164507,-1.5872046,2.7800362,24
2025-05-25,muratpasa,25.201202,56.551678,0.0008523456926923245,988.3838,0.41967264,0.08871591,1.8038502,24
2025-05-26,muratpasa,23.951172,62.438446,0.022709369659423828,985.4428,-0.13717206,0.40658632,2.0525463,24
2025-05-27,muratpasa,23.287405,58.64266,0.0008612871056357108,984.2874,0.92836505,-0.68070793,2.1995108,24
2025-05-28,muratpasa,22.717224,52.83724,0.0,986.23615,0.800504,-0.59589386,2.4023569,24
2025-05-29,muratpasa,19.995901,70.15348,2.1566003561019897,986.2121,0.26325354,-0.43641984,1.5044233,24
2025-05-30,muratpasa,18.677176,79.7391,9.310126304626465,987.90924,-0.6631883,0.08549575,1.3362902,24
2025-05-31,muratpasa,18.264944,75.73347,3.3911915961652994,990.25555,0.15784962,-0.33608827,1.7162815,24
2025-06-01,muratpasa,19.235239,67.68641,0.000855822065659595,991.49005,0.058116913,0.20151508,1.8251262,24
2025-06-02,muratpasa,21.370077,66.15838,0.0,993.5993,0.399971,0.07948355,1.2980968,24
2025-06-03,muratpasa,23.845032,55.072266,0.0008583068620282575,993.0589,0.942688,-1.9044441,2.2716928,24
2025-06-04,muratpasa,26.05366,42.153942,0.0008583068620282575,992.32,1.3704624,-2.3062847,2.7904413,24
2025-06-05,muratpasa,26.404501,45.56192,0.0,991.7954,0.69666415,-0.58013505,1.9922441,24
2025-06-06,muratpasa,26.323782,52.215622,0.0,990.175,0.63275903,-0.12564941,1.7666888,24
2025-06-07,muratpasa,26.85377,54.900085,0.0004410743486005231,988.91846,0.5654132,-0.19769168,1.9171606,24
2025-06-08,muratpasa,27.126902,56.697647,0.0008583068620282575,987.1272,0.572787,-0.1603365,2.1463673,24
2025-06-09,muratpasa,26.64446,56.070293,0.0008702277796146518,986.9108,0.42159018,-0.015349428,1.8847027,24
2025-06-10,muratpasa,26.970175,58.827053,0.000852346317969932,985.8979,0.51968,0.22472572,1.8688973,24
2025-06-11,muratpasa,27.884623,49.878235,0.0,984.7835,0.505614,-0.22939277,2.1288116,24
2025-06-12,muratpasa,27.639618,57.61272,0.0,986.51263,0.34179816,0.08347026,1.8302928,24
2025-06-13,muratpasa,27.917908,59.13255,0.0008583068620282575,987.13873,0.3428618,0.31436297,1.8057532,24
2025-06-14,muratpasa,27.413422,65.16367,0.0017225738702109084,986.2195,0.43024126,0.29005495,1.6405777,24
2025-06-15,muratpasa,27.297333,49.488163,0.0025667541194707155,985.6374,0.8992011,-1.5020571,2.2946396,24
2025-06-16,muratpasa,26.887136,38.43787,0.002158694769605063,986.4805,1.0090624,-2.0800498,2.576846,24
2025-06-17,muratpasa,27.740744,30.242828,0.0,988.26465,1.2307078,-2.557416,2.9387867,24
2025-06-18,muratpasa,28.371378,31.273302,0.0012853206499130465,989.956,0.8680064,-0.8207981,2.243265,24
2025-06-19,muratpasa,28.862844,36.8754,2.1391315385699272e-06,989.0032,0.8191274,-0.7310648,2.2254815,24
2025-06-20,muratpasa,29.135977,43.12147,0.0008463858875984442,986.37695,0.75453186,0.02117308,1.95686,24
2025-06-21,muratpasa,28.005453,52.525146,0.0030696382964379154,986.0583,0.4620285,-0.14098077,1.9424472,24
2025-06-22,muratpasa,28.078552,46.123016,0.29143690517230425,986.6385,1.024128,-1.5016637,2.0193093,24
2025-06-23,muratpasa,29.385092,30.760073,0.00043682769046426984,987.1794,1.3694153,-2.2176914,2.914381,24
2025-06-24,muratpasa,29.670828,28.15405,0.0012837981557822786,986.9429,1.0282339,-0.9462976,2.4588208,24
2025-06-25,muratpasa,30.317047,35.598732,0.0008523463748133508,985.5769,0.96714336,-0.6138293,1.9760708,24
2025-06-26,muratpasa,31.698263,31.996176,0.0,984.4558,0.97529155,-0.9136321,2.0473564,24
2025-06-27,muratpasa,32.471783,30.885714,0.0,984.1939,1.1691946,-1.8115736,2.5049312,24
2025-06-28,muratpasa,32.168274,33.066685,0.0012878535926574841,980.49835,0.8221671,-0.96378136,2.2140708,24
2025-06-29,muratpasa,30.431295,30.721228,4.426510713528842e-06,979.8227,1.0269877,-4.142499,4.305608,24
2025-06-30,muratpasa,28.726706,29.713202,0.0004261731874066754,984.20856,1.5236429,-2.9916687,3.591364,24
2025-07-01,muratpasa,29.534393,36.328583,0.0,983.95233,0.79027605,-0.9361942,2.1802697,24
2025-07-02,muratpasa,30.779795,34.74019,0.000852346317969932,984.3408,0.9684761,-2.2132895,2.5312815,24
2025-07-03,muratpasa,29.927887,20.707262,0.0004351138045421976,987.12823,1.3541179,-4.164557,4.4214644,24
2025-07-04,muratpasa,29.538004,24.222002,0.000852346317969932,988.5357,0.8744208,-3.482256,3.6690836,24
2025-07-05,muratpasa,29.256662,33.32395,0.0004351138613856165,988.89575,0.47999954,-0.5387273,2.143873,24
2025-07-06,muratpasa,29.608267,42.164425,0.0004351138045421976,987.7431,0.5154743,0.24545789,2.0267317,24
2025-07-07,muratpasa,30.637482,38.6518,0.0,984.33203,0.553812,0.12036407,2.1091778,24
2025-07-08,muratpasa,29.249765,49.59581,0.0,982.86993,-0.037361145,0.62636715,1.8137435,24
2025-07-09,muratpasa,28.695444,63.46193,0.003426653620408615,982.6789,-0.10370699,0.7967637,1.7878357,24
2025-07-10,muratpasa,28.093811,66.831,0.0004330853471401497,982.09375,-0.23933792,0.80440664,1.7463006,24
2025-07-11,muratpasa,27.03895,67.30708,0.0004351138045421976,984.053,-0.38396898,0.8349684,1.7315316,24
2025-07-12,muratpasa,27.544596,69.24259,0.0008523463748133508,986.51154,-0.30722046,1.0294789,1.6721572,24
2025-07-13,muratpasa,27.82756,72.13311,0.0012934200981362665,987.3338,-0.21325493,0.95423955,1.7383004,24
2025-07-14,muratpasa,28.515646,72.50828,2.3841835172788706e-05,984.5832,-0.21274312,1.1636189,1.8017515,24
2025-07-15,muratpasa,28.099497,79.79547,0.11550784256542102,980.85425,-0.38632584,1.4964446,1.7019091,24
2025-07-16,muratpasa,28.415558,75.54279,0.05697081360267475,981.9296,0.08649826,1.0270948,1.4718595,24
2025-07-17,muratpasa,29.030325,72.44095,0.006551301339641213,985.85785,0.03530824,1.3178862,1.5492101,24
2025-07-18,muratpasa,28.18751,75.68662,0.11001095845131204,987.2531,-0.1078256,1.0636915,1.446283,24
2025-07-19,muratpasa,29.158712,70.181786,0.0008613773161414429,985.04877,0.102303825,0.9279892,1.4649768,24
2025-07-20,muratpasa,30.554962,55.92921,0.0004410743486005231,982.3611,0.56255084,-0.07632685,2.0641315,24
2025-07-21,muratpasa,30.740915,53.98332,0.0,982.9582,0.49125037,-0.010539174,2.2487476,24
2025-07-22,muratpasa,31.206247,48.933903,0.0,984.9296,0.5823536,0.14709897,2.1578472,24
2025-07-23,muratpasa,32.540028,43.005398,0.0012847312973462977,983.3238,0.9599908,-0.11803321,2.0456417,24
2025-07-24,muratpasa,34.13856,34.868725,0.0012814989531761967,980.5303,1.3327421,-1.4660438,2.124932,24
2025-07-25,muratpasa,35.25292,22.51854,0.0,980.38837,1.2687969,-3.5508873,3.8688157,24
2025-07-26,muratpasa,35.197796,21.958204,0.0,979.9517,1.2879066,-2.5190442,3.1016629,24
2025-07-27,muratpasa,32.514416,38.43971,0.0,979.8596,0.16392899,0.29542795,2.1384587,24
2025-07-28,muratpasa,30.13909,58.788883,0.0,980.2583,-0.42292786,0.8840706,1.6683971,24
2025-07-29,muratpasa,29.12205,67.25982,0.006079673767089844,982.071,-0.4744574,0.9884681,1.505361,24
2025-07-30,muratpasa,28.268896,71.85175,0.0,984.7144,-0.45311737,1.1146673,1.6524488,24
2025-07-31,muratpasa,28.01446,73.02789,0.0022321937649394386,983.5959,-0.49424234,1.2626299,1.6733475,24
2025-08-01,muratpasa,28.177984,73.939735,0.0039339056456810795,980.56683,-0.5719802,1.2064525,1.6887392,24
2025-08-02,muratpasa,27.618622,78.08539,0.3118217109658872,982.78876,-0.59076375,1.2243958,1.7635107,24
2025-08-03,muratpasa,27.019236,71.66465,0.005536819116969127,986.6053,-0.3559939,0.80486107,1.6170393,24
2025-08-04,muratpasa,28.121735,70.75295,0.003657196430140175,987.93854,-0.20187569,1.023863,1.6950399,24
2025-08-05,muratpasa,29.158133,70.121826,0.0026643274395610206,986.9736,-0.12182108,0.8485856,1.7161751,24
2025-08-06,muratpasa,30.282928,66.349075,0.0012736212511299527,984.8714,-0.24908893,0.99443465,1.7356893,24
2025-08-07,muratpasa,29.66397,65.43946,0.00043511374769877875,984.01514,-0.1993243,0.8771517,1.5415058,24
2025-08-08,muratpasa,32.238586,53.717224,0.0,984.6799,0.2810135,0.026904821,1.2519894,24
2025-08-09,muratpasa,35.259064,29.40947,0.0012874597814516164,986.53906,1.1805922,-2.208286,2.807944,24
2025-08-10,muratpasa,34.93045,32.118908,0.0008583068620282575,986.6462,0.62581825,-0.8059538,2.4994686,24
2025-08-11,muratpasa,32.393047,41.943493,0.0,985.7856,0.24876404,0.13731027,1.9165331,24
2025-08-12,muratpasa,32.447083,39.247242,0.0004261731874066754,986.6004,0.43246332,-0.0070843697,1.8190266,24
2025-08-13,muratpasa,32.887817,33.11427,0.0008510056659360998,987.61725,0.39343452,-0.27140525,1.87442,24
2025-08-14,muratpasa,31.661255,40.157963,0.0004261731874066754,987.0525,0.08705521,-0.03954534,1.9064642,24
2025-08-15,muratpasa,29.717642,49.149555,0.002573769961600192,984.4414,0.115478516,0.22679234,1.8799328,24
2025-08-16,muratpasa,28.058817,65.33384,0.08342084584000986,982.93304,-0.48579535,0.7492144,1.6077186,24
2025-08-17,muratpasa,27.957907,70.08085,0.0023096799850463867,983.9648,-0.6345787,1.0419428,1.8024154,24
2025-08-18,muratpasa,26.80895,66.63981,0.00042633519115042873,985.96893,-0.39565977,0.50103253,1.6122104,24
2025-08-19,muratpasa,28.342865,58.392075,0.000852346317969932,984.2351,0.12951088,0.53536505,1.6747493,24
2025-08-20,muratpasa,28.829,59.790054,0.000852346317969932,982.149,0.21205013,0.3129554,1.870709,24
2025-08-21,muratpasa,30.13798,47.3306,0.002571718141552992,984.1953,0.5118936,-0.5036704,2.5246737,24
2025-08-22,muratpasa,29.969748,48.31201,0.0,985.2187,0.40442085,0.14335966,1.9184283,24
2025-08-23,muratpasa,29.542856,50.975216,0.0008583068620282575,983.6255,0.13479996,0.1411972,1.8322219,24
2025-08-24,muratpasa,28.413666,60.912876,0.0,982.57526,0.067370735,0.23504329,1.7535783,24
2025-08-25,muratpasa,30.556885,44.60998,0.0,984.176,0.73258525,-1.0227941,2.636277,24
2025-08-26,muratpasa,29.600515,54.349407,0.000852346317969932,984.9633,0.16176605,-0.037390072,1.8680869,24
2025-08-27,muratpasa,29.404367,54.745983,0.0,985.70624,-0.003627777,0.34739622,1.8486849,24
2025-08-28,muratpasa,28.989084,49.265644,0.0008583068620282575,986.40643,0.0925115,0.0013583899,2.0296562,24
2025-08-29,muratpasa,27.817892,65.14674,0.0020005026613034715,987.5032,-0.4834118,0.9140811,1.7692791,24
2025-08-30,muratpasa,26.499023,76.5697,0.002459538336552214,989.2542,-0.5052878,0.7849521,1.6477333,24
2025-08-31,muratpasa,27.891592,68.57523,0.002587852577562444,988.50446,-0.11391131,0.57608116,1.4947457,24
2025-09-01,muratpasa,28.345083,65.649345,0.0004405845288601995,985.5105,0.0053736367,0.56726235,1.4718971,24
2025-09-02,muratpasa,28.066153,66.40334,0.0008515731337865873,982.22845,0.06413841,0.51665014,1.5622177,24
2025-09-03,muratpasa,30.189829,50.369614,0.0004261731874066754,981.8855,0.62251014,-0.62338585,2.048929,24
2025-09-04,muratpasa,28.821167,50.12366,0.012481212252168916,983.43335,-0.09110197,-0.105603136,2.2469113,24
2025-09-05,muratpasa,27.233429,68.15576,0.009626150131225586,986.8732,-0.33202615,0.7074315,1.849089,24
2025-09-06,muratpasa,25.739115,68.65984,0.1025289311655797,988.8128,-0.40821075,0.19981547,1.7191124,24
2025-09-07,muratpasa,25.987741,63.249786,0.0004410743486005231,987.1408,0.074575424,0.48178425,1.5559363,24
2025-09-08,muratpasa,26.238495,61.50059,0.08821785741019994,985.86847,0.2651221,0.12633531,1.6686777,24
2025-09-09,muratpasa,26.462393,55.593166,0.0017106531231547706,987.8553,0.32194328,-0.17987633,2.0545547,24
2025-09-10,muratpasa,27.813864,49.258663,0.0008583068051848386,990.18036,0.6144816,-0.8664697,1.9137039,24
2025-09-11,muratpasa,28.781006,41.005264,0.0,989.22003,0.9661954,-1.6577257,2.1789105,24
2025-09-12,muratpasa,27.956848,46.62337,0.000852346317969932,989.2939,0.1064078,-0.24914117,2.1546488,24
2025-09-13,muratpasa,27.856455,55.699963,0.000852346317969932,989.7368,0.27989134,0.01790174,1.742884,24
2025-09-14,muratpasa,28.24121,52.329952,0.0004410743486005231,989.7859,0.2546927,-0.060948055,2.007055,24
2025-09-15,muratpasa,27.391775,57.30638,0.002570709511928726,989.3389,0.24357224,0.15728188,1.7118987,24
2025-09-16,muratpasa,27.736715,58.684994,0.0,988.4472,0.38105965,-0.079000354,1.8723027,24
2025-09-17,muratpasa,27.644196,52.907536,0.000852346317969932,987.8032,0.17164357,-0.2947588,2.165529,24
2025-09-18,muratpasa,27.687113,43.986507,0.0,987.33527,1.1427237,-3.3306797,3.5365944,24
2025-09-19,muratpasa,24.533386,26.914444,0.0004261731874066754,993.0734,1.9089508,-5.5342164,5.902641,24
2025-09-20,muratpasa,25.485697,29.449438,0.0012874597814516164,993.55975,1.3034719,-2.8635466,3.264969,24
2025-09-21,muratpasa,26.649017,33.539417,0.0004410746328176174,991.7219,0.74781924,-1.3962092,2.2769766,24
2025-09-22,muratpasa,25.155386,41.500042,0.0017046922948793508,991.92114,0.063238144,-0.608223,2.1079419,24
2025-09-23,muratpasa,24.151937,54.07098,0.0,992.83575,0.17815144,-0.0013379256,1.6920825,24
2025-09-24,muratpasa,24.315195,50.939835,0.0,990.74835,0.44315657,-0.09269476,1.8125119,24
2025-09-25,muratpasa,26.215912,43.772404,0.0,987.5411,1.0463448,-0.5402854,1.8827695,24
2025-09-26,muratpasa,26.144297,42.088776,0.0008583068620282575,988.6169,0.54074925,-0.57004684,2.1235974,24
2025-09-27,muratpasa,24.6061,57.50552,0.013947486877441406,990.4947,-0.2110138,-0.025361856,2.0075793,24
2025-09-28,muratpasa,23.113382,76.40949,0.22292733774520457,991.5078,-0.8868065,0.40156102,2.045933,24
2025-09-29,muratpasa,22.400177,77.9446,4.250525875249878,991.5142,-0.9743474,-0.09461256,1.8704695,24
2025-09-30,muratpasa,24.011536,58.267445,4.284831928089261,989.9143,0.78356427,-2.1574318,2.389979,24
2025-10-01,muratpasa,23.239838,43.13521,0.0,989.7842,0.67557335,-1.3474712,2.4383671,24
2025-10-02,muratpasa,21.503988,61.343872,0.00959038698056247,989.12427,-0.21608035,-0.1288861,1.8450804,24
2025-10-03,muratpasa,21.476858,76.70765,2.9594779498438584,989.8399,-1.2629713,1.8438683,2.5696273,24
2025-10-04,muratpasa,20.93693,79.326355,4.552352475002408,993.50214,-1.2115775,1.5228649,2.1830957,24
2025-10-05,muratpasa,20.542063,62.986782,0.0012962613027411862,994.1714,0.20494144,-0.50559807,1.7626241,24
2025-10-06,muratpasa,20.043823,65.76351,0.0025719400582602248,991.3586,-0.21549082,0.013146083,1.5263013,24
2025-10-07,muratpasa,18.517141,87.76801,21.894782781600952,988.93536,-1.3604417,1.9457232,3.1859992,24
2025-10-08,muratpasa,17.997314,80.23235,8.1059904769063,987.0366,-1.0921847,2.6929998,3.0347233,24
2025-10-09,muratpasa,16.789145,75.02766,9.89341177046299,993.14844,-0.3477777,-0.6473651,1.8511249,24
2025-10-10,muratpasa,19.06318,59.03954,0.0,997.4864,0.8464076,-1.4324988,2.2903178,24
2025-10-11,muratpasa,18.642843,64.76703,0.0004351138045421976,994.1738,0.28606355,-0.6173933,1.8348168,24
2025-10-12,muratpasa,18.793884,42.35584,0.0008661395440867636,993.00854,2.0736072,-4.806307,5.270448,24
2025-10-13,muratpasa,17.912598,47.056477,0.00042416900214448106,995.06036,0.639857,-1.9613856,2.7432127,24
2025-10-14,muratpasa,17.089865,68.52473,0.0012889495337731205,995.3176,0.023527265,-0.23063247,1.4373927,24
2025-10-15,muratpasa,17.683044,71.67567,0.0,994.6149,0.14088504,-0.24358685,1.3763756,24
2025-10-16,muratpasa,18.463541,68.53315,0.0017195934560731985,994.695,0.3455321,-0.36925986,1.4578285,24
2025-10-17,muratpasa,18.471527,68.83407,0.0008583068620282575,996.81464,0.30021477,-0.3165753,1.5670563,24
2025-10-18,muratpasa,18.051727,75.488014,0.019478797185001895,997.41504,-0.09414355,-0.27060202,1.5994716,24
2025-10-19,muratpasa,19.317972,72.745056,4.470348358154297e-05,995.1202,0.2210223,-0.23530062,1.4268489,24
2025-10-20,muratpasa,19.272614,70.52311,0.5504369619302452,992.8925,0.5591755,-0.835043,1.3602787,24
2025-10-21,muratpasa,19.361145,74.313225,3.024682402610779,992.84985,0.49345016,-0.4292638,1.0741872,24
2025-10-22,muratpasa,19.189148,77.08181,0.7740238215774298,994.7243,-0.2222398,0.020618716,1.4723147,24
2025-10-23,muratpasa,18.235575,83.295044,24.750006617978215,994.68964,0.94567937,-1.1495068,1.6082333,24
2025-10-24,muratpasa,18.860239,81.65854,1.1132300132885575,993.16327,-0.09125773,-0.449788,1.6407558,24
2025-10-25,muratpasa,19.292694,85.1845,3.0926913022994995,992.8985,-0.5802212,-0.24442482,1.3842579,24
2025-10-26,muratpasa,19.83253,81.178215,1.017957809381187,992.4615,-0.02803421,-0.16931915,1.5151752,24
2025-10-27,muratpasa,19.042572,80.82717,0.1014947920339182,993.4041,-0.5789812,0.19171531,1.5071983,24
2025-10-28,muratpasa,18.43274,89.727455,11.65208219026681,993.4925,-0.82983494,1.2037954,1.8361701,24
2025-10-29,muratpasa,19.904795,63.740616,1.016634691040963,994.9627,1.2583936,-2.7056315,3.041825,24
2025-10-30,muratpasa,18.60674,50.55009,0.0004351138045421976,997.2094,0.7857049,-1.3815149,2.0284152,24
2025-10-31,muratpasa,17.57963,64.93878,0.0,997.41815,0.82412785,-0.68553144,1.5707341,24
2025-11-01,muratpasa,18.673462,67.014366,0.000852346317969932,996.7068,0.5999985,-0.40270483,1.4486066,24
2025-11-02,muratpasa,19.432993,64.71114,0.0004351138045421976,996.68024,0.61477727,-0.6789996,1.312085,24
2025-11-03,muratpasa,17.839264,65.378944,0.0,997.3156,0.66401035,-1.2891303,1.5730239,24
2025-11-04,muratpasa,18.468851,55.62412,0.0,996.6106,0.8634701,-1.3300505,1.7418784,24
2025-11-05,muratpasa,19.257437,59.019703,0.009071826525541837,994.49835,1.0224298,-1.3217808,1.813767,24
2025-11-06,muratpasa,20.167227,62.013294,2.9050440298306057,990.83105,1.5395775,-1.8063313,2.4450283,24
2025-11-07,muratpasa,17.193369,86.35653,6.243661046028137,993.6575,0.0064779916,-0.79319954,1.391408,24
2025-11-08,muratpasa,17.31841,77.68659,0.006911158379807603,997.6028,0.51203793,-1.0205847,1.6058782,24
2025-11-09,muratpasa,17.009338,74.27108,0.0008612762485427083,998.9226,0.6250038,-0.7692447,1.5388713,24
2025-11-10,muratpasa,16.308084,72.58848,0.0,996.92755,0.5366071,-1.1916262,1.4313487,24
2025-11-11,muratpasa,16.09202,74.320305,0.39736329335937626,993.72534,0.16858737,-0.5149594,1.6967975,24
2025-11-12,muratpasa,16.379831,80.26433,3.2535851350985467,995.5679,0.47781816,-1.0854946,1.4774203,24
2025-11-13,muratpasa,16.470245,70.73011,0.0,994.99335,0.9186878,-1.2648045,1.6882902,24
2025-11-14,muratpasa,16.349112,47.352627,0.001720833097351715,993.2869,1.6245638,-3.9284232,4.270827,24
2025-11-15,muratpasa,14.72346,42.767185,0.0,993.02386,1.3441511,-3.906635,4.1709876,24
2025-11-16,muratpasa,14.394725,54.726818,0.0012785195053766074,997.1198,0.36341858,-0.96737224,1.7347466,24
2025-11-17,muratpasa,13.896037,71.405235,0.0004351138045421976,1002.9312,0.32414225,-0.79054195,1.5203552,24
2025-11-18,muratpasa,15.102753,77.72541,0.01556538092017945,1003.2185,0.37796274,-0.8148596,1.3643775,24
2025-11-19,muratpasa,14.661896,74.24689,0.0,1000.7369,0.36849213,-1.124097,1.4324144,24
2025-11-20,muratpasa,15.560547,69.834145,0.0017106532368416083,1000.15894,0.497715,-0.9276094,1.5519801,24
2025-11-21,muratpasa,16.6538,64.638794,0.001974857696040999,1000.46533,1.0119174,-1.2447991,1.7865009,24
2025-11-22,muratpasa,18.288107,60.54219,0.0008463859444418631,999.8791,0.63260907,-0.5085476,1.2957603,24
2025-11-23,muratpasa,18.127096,62.671032,0.0,996.8845,0.64057416,-0.48227635,1.4159316,24
2025-11-24,muratpasa,15.20636,80.75822,32.08206593990326,994.69965,1.314455,-1.5034479,2.0424087,24
2025-11-25,muratpasa,16.375113,67.34934,0.7248163165058941,994.9275,0.58130455,-0.8557692,1.7033597,24
2025-11-26,muratpasa,14.449513,88.60787,8.177518873708323,998.2302,-0.17959149,-0.5068743,0.94399744,24
2025-11-27,muratpasa,14.989441,87.44392,5.462867207825184,998.6744,-0.6430588,-0.78079915,1.3235991,24
2025-11-28,muratpasa,15.370992,77.32347,0.41317762224934995,998.25385,0.1983382,-1.2225202,1.4215099,24
2025-11-29,muratpasa,14.681427,79.68096,19.6100864559412,993.20306,0.10493978,0.2874922,2.1843846,24
2025-11-30,muratpasa,13.477325,87.22114,8.299348875880241,991.29315,-0.08171797,-0.69544154,1.6351382,24
2025-12-01,muratpasa,12.424835,75.93706,0.24722516536712646,996.00824,0.27273336,-0.8883547,1.3827742,24
2025-12-02,muratpasa,13.33903,63.4435,0.000852346317969932,998.1219,0.6643569,-1.1075974,1.6745573,24
2025-12-03,muratpasa,11.689758,73.74065,0.000852346317969932,999.2315,0.32720312,-1.1694609,1.4088153,24
2025-12-04,muratpasa,13.010966,78.71665,0.8760392665863037,997.1106,0.7337439,-1.4331805,1.6236473,24
2025-12-05,muratpasa,13.000325,85.14388,39.79870676994324,991.4819,-0.259788,-0.004088322,2.3124726,24
2025-12-06,muratpasa,12.912598,94.840065,52.093565464019775,988.9344,-0.82094544,-0.097260796,1.128262,24
2025-12-07,muratpasa,12.000377,90.889565,9.609612636268139,987.2449,-0.98326206,-1.2304624,1.7837857,24
2025-12-08,muratpasa,12.567006,76.1756,0.08958578109741211,990.49005,0.55874187,-1.5281092,1.7106005,24
2025-12-09,muratpasa,13.475881,60.57226,0.00025331974029541016,992.4253,1.5369873,-3.0281794,3.4190054,24
2025-12-10,muratpasa,13.12442,63.150208,0.000852346317969932,993.77496,1.6071154,-2.431998,2.9298623,24
2025-12-11,muratpasa,13.311666,56.002472,0.0,993.4106,1.7175382,-3.4036505,3.8204272,24
2025-12-12,muratpasa,12.211792,58.08035,0.0004351138045421976,995.274,0.660162,-1.861445,2.2303076,24
2025-12-13,muratpasa,11.955505,63.23711,0.0008553266184208042,997.2128,0.90823203,-2.5020492,2.695197,24
2025-12-14,muratpasa,11.361287,64.60053,0.005647301804856397,998.39526,0.25981522,-1.4547297,1.8910259,24
2025-12-15,muratpasa,11.875712,56.63682,0.0017159718481707387,996.919,1.5009581,-3.6752899,3.9849901,24
2025-12-16,muratpasa,11.534413,50.142254,0.0004349267328507267,998.4101,0.9696293,-3.9016922,4.034167,24
2025-12-17,muratpasa,11.000885,51.796204,0.0004351138045421976,1002.23334,0.64951515,-3.3730743,3.4562142,24
2025-12-18,muratpasa,10.883972,60.276875,0.0012875389074906707,1004.71234,0.5886823,-1.2187977,1.5749348,24
2025-12-19,muratpasa,10.674377,67.50359,0.002157114693090989,1002.061,0.50325096,-0.878692,1.4680911,24
2025-12-20,muratpasa,10.41631,71.95218,0.1752257376210764,996.9722,0.118808985,-0.93570805,1.4060602,24
2025-12-21,muratpasa,11.710419,82.85795,8.080670610070229,994.2299,0.9395135,-1.5492435,1.8644267,24
2025-12-22,muratpasa,11.804158,86.75607,23.736391216516495,993.4477,0.037611645,-1.2578768,1.5272336,24
2025-12-23,muratpasa,11.8741255,85.1322,15.64010325819254,994.16846,0.45582643,-1.7154616,1.8122939,24
2025-12-24,muratpasa,11.999339,87.37652,16.812235116958618,998.5097,0.3856194,-1.7432784,1.8363338,24
2025-12-25,muratpasa,12.251587,85.79702,12.852105312049389,998.41156,0.4691991,-1.3307637,1.5316645,24
2025-12-26,muratpasa,11.191325,72.43976,0.0018117948457074817,994.3874,0.72620296,-1.6902943,1.9193529,24
2025-12-27,muratpasa,9.760223,54.714306,0.0021378026531237992,989.53076,1.6481329,-4.4776216,4.785541,24
2025-12-28,muratpasa,7.7110085,51.820835,0.0012897817214252427,987.7172,0.5163072,-2.6758137,3.4853964,24
2025-12-29,muratpasa,7.9303184,47.511417,0.0008434050755568023,990.5433,0.7287178,-3.9594448,4.0449305,24
2025-12-30,muratpasa,7.308451,68.10138,6.853267550468445,995.00616,-0.5012868,-0.83809406,1.6313194,24
2025-12-31,muratpasa,10.272349,83.691154,8.738225558772683,984.1796,-0.089686714,-1.2607307,1.5330005,24
2024-01-01,serik,12.277659,86.49691,7.307517342269421,1015.3239,-0.93294716,-0.9140587,1.5562931,24
2024-01-02,serik,14.318512,86.27206,8.487754967063665,1013.4866,-1.6555157,-0.11886784,1.8499931,24
2024-01-03,serik,13.933472,81.5226,1.1899649980477989,1011.98126,-0.57993954,-0.7911222,1.5382923,24
2024-01-04,serik,14.801076,82.39647,1.1320561170578003,1009.81866,-1.2487602,-0.44853413,1.5258094,24
2024-01-05,serik,15.892283,72.50322,0.33777952194213867,1010.49146,0.39232635,-1.807065,2.195341,24
2024-01-06,serik,13.428426,70.38702,0.12405515008140355,1016.1575,-0.8095944,-0.9243409,1.7875661,24
2024-01-07,serik,14.892262,87.640594,43.47058017447125,1010.654,-2.8884811,4.284358,5.352758,24
2024-01-08,serik,15.470418,81.95059,5.092137958854437,1008.3371,-1.633295,2.9661405,3.439786,24
2024-01-09,serik,13.395691,91.062035,27.61068008840084,1006.8105,-2.3564637,1.4430882,2.8077555,24
2024-01-10,serik,12.685811,78.38601,2.339041093364358,1006.13434,-0.43642297,-0.8532695,1.5196568,24
2024-01-11,serik,12.228892,63.47954,0.0020354054868221283,1008.25995,0.65899086,-1.6911093,2.3523467,24
2024-01-12,serik,11.222423,73.3949,0.37832558155059814,1004.3005,-0.11938604,-1.244711,1.6071504,24
2024-01-13,serik,10.428558,53.239765,0.0,1003.82275,1.1738535,-3.254202,3.4981701,24
2024-01-14,serik,9.471497,56.260914,0.0008642672923997452,1008.3387,-0.07690366,-1.6492628,2.2435424,24
2024-01-15,serik,11.421448,74.03722,3.2543987036319777,1012.20404,-1.3842596,0.32460785,2.2101007,24
2024-01-16,serik,13.644603,90.13568,26.78629755973816,1010.2509,-0.6198726,3.280782,3.4544828,24
2024-01-17,serik,13.7621155,85.29784,2.0099461544305086,1011.8647,-0.3445897,-0.5714049,1.0982915,24
2024-01-18,serik,12.630229,88.36457,2.646201755851507,1015.2481,-1.6225466,0.092163764,2.0615582,24
2024-01-19,serik,15.006093,89.43662,15.911638736724854,1013.1121,-1.4314909,2.1094577,2.8474705,24
2024-01-20,serik,15.175415,86.8548,6.798088550567627,1013.36786,-2.4564822,0.78726053,2.6921453,24
2024-01-21,serik,13.891826,85.01065,11.976063251495361,1011.19867,-1.46986,-1.0246209,2.423826,24
2024-01-22,serik,12.614604,54.15875,0.004472607542993501,1010.65826,0.22609396,-4.147167,4.1676674,24
2024-01-23,serik,11.950307,55.674145,0.0008512009799233056,1010.788,0.64265686,-2.1848118,2.7383168,24
2024-01-24,serik,10.914307,59.118225,0.0,1011.0389,0.09210376,-2.1111133,2.4528751,24
2024-01-25,serik,10.221751,63.079956,0.0008523463748133508,1010.7254,-0.4512577,-1.4054813,1.5853386,24
2024-01-26,serik,10.597707,58.63477,1.916795957413342,1007.9433,1.7904129,-3.2830536,3.8273642,24
2024-01-27,serik,9.963613,45.59012,0.0,1012.34125,1.6922226,-3.3772135,3.7944524,24
2024-01-28,serik,9.450531,50.897808,0.0030726187105756253,1014.0252,0.77970505,-2.8415897,2.984,24
2024-01-29,serik,8.976216,45.81749,0.0012904401955893263,1014.8843,0.26642713,-3.097988,3.147766,24
2024-01-30,serik,9.235341,48.16386,1.4958797955841874,1012.1768,0.07874998,-3.5766373,3.7159882,24
2024-01-31,serik,9.877309,53.110874,0.326189401675947,1013.65845,0.0074240365,-2.9457715,3.0668058,24
2024-02-01,serik,10.551442,60.40097,0.01675216935836943,1014.06396,0.11638614,-1.5559162,2.1184857,24
2024-02-02,serik,9.576955,69.14348,0.000852346317969932,1011.71045,-0.5014092,-1.0610605,2.106418,24
2024-02-03,serik,10.014302,75.19594,0.3632916487390503,1013.16315,-0.8679053,-1.0486971,1.557547,24
2024-02-04,serik,9.968913,71.927505,0.0004172325134277344,1014.53564,-0.17736351,-0.87402916,1.6885642,24
2024-02-05,serik,11.872447,59.941227,0.0017166130419354886,1014.1453,1.3866078,-2.5828826,3.2019215,24
2024-02-06,serik,12.147328,70.84754,0.0008553266184208042,1016.9379,-0.2259388,-1.0457448,1.7726127,24
2024-02-07,serik,11.648784,84.192986,0.6061583990231156,1017.2247,-0.7256152,-0.26192716,1.6877575,24
2024-02-08,serik,13.603221,86.08096,12.204265163745731,1014.9568,-1.8551973,1.3240298,2.452154,24
2024-02-09,serik,12.46167,90.4465,8.648824878036976,1011.79395,-1.1985754,0.33640233,1.6648368,24
2024-02-10,serik,11.826863,77.923546,0.0008583068620282575,1014.8401,-0.22898293,-0.7632715,1.6324974,24
2024-02-11,serik,12.531036,78.795235,0.0845789909362793,1017.5224,-0.6035588,-0.61216396,1.4835137,24
2024-02-12,serik,14.548767,75.84611,2.7007644530385733,1012.32697,-1.6491941,0.87193346,2.5084581,24
2024-02-13,serik,13.954478,79.31167,38.70487702079117,1004.4554,-0.8755296,-0.13437311,2.3758528,24
2024-02-14,serik,10.957336,83.838646,30.592193827033043,1001.1297,0.20817892,-2.6934948,2.781847,24
2024-02-15,serik,11.219218,84.686005,2.323717810213566,1004.87616,-0.16882479,-0.73056346,1.3512346,24
2024-02-16,serik,12.180562,75.48095,0.5292147397994995,1007.54974,0.23067804,-0.46807542,1.5962924,24
2024-02-17,serik,12.337413,72.173256,0.01208186131407274,1011.608,-0.025318146,-0.7676427,2.0260928,24
2024-02-18,serik,12.388672,64.83076,0.1271069049835205,1013.7844,0.3632652,-1.9920114,2.401954,24
2024-02-19,serik,12.460063,58.427197,0.0017232223399332725,1012.9732,0.8211662,-1.6079158,2.6082602,24
2024-02-20,serik,11.455617,66.85457,0.0026666830308386125,1013.94086,-0.4375585,-0.9344012,1.8072659,24
2024-02-21,serik,11.690826,73.55897,0.08139434430631809,1015.4196,-0.6190503,-0.5353788,1.6246786,24
2024-02-22,serik,12.141693,75.42754,0.02657174991327338,1015.4065,-0.2009824,-0.6834402,1.5138582,24
2024-02-23,serik,12.132131,74.70951,0.0012755390343954787,1015.2393,0.119906746,-0.62148744,1.7454742,24
2024-02-24,serik,12.353383,74.729454,0.0008502574928570539,1015.6001,0.016295115,-0.5673342,1.81027,24
2024-02-25,serik,13.108571,72.89134,0.0008675702360960713,1013.585,-0.22524805,-0.68252236,1.8057877,24
2024-02-26,serik,11.942993,85.11909,6.867889780551195,1009.81,-0.6282832,-0.8589838,1.3279414,24
2024-02-27,serik,13.42923,70.5604,4.6566128730773926e-07,1011.54956,0.36150667,-0.971255,1.8923135,24
2024-02-28,serik,12.717387,76.39332,0.0,1016.72314,-0.09890306,-0.45531908,1.4952927,24
2024-02-29,serik,13.327484,74.96024,0.0,1017.3189,0.006942749,-0.61815137,1.565745,24
2024-03-01,serik,12.887512,67.94904,0.000852346317969932,1012.78436,0.09481875,-1.1138204,1.7652172,24
2024-03-02,serik,13.540721,61.21709,0.0183522703878225,1007.44775,0.04128774,-1.0470012,1.8136314,24
2024-03-03,serik,13.217977,71.75374,0.04450310007086955,1007.4455,0.1815141,-0.57596916,2.1139228,24
2024-03-04,serik,13.185557,75.236015,0.003916024979844224,1009.2986,-0.1888059,-0.3039252,1.780913,24
2024-03-05,serik,12.517629,87.84909,21.829035134032893,1008.0843,-1.7995421,2.1612742,3.745364,24
2024-03-06,serik,13.741943,78.084145,5.265162792056799,1005.47565,-0.2632033,-0.14385648,1.199873,24
2024-03-07,serik,12.922587,66.50054,0.000852346317969932,1009.0402,0.5192235,-1.1620713,2.4834344,24
2024-03-08,serik,11.146352,83.69174,8.972587995231152,1009.37524,-1.1691042,-0.3641845,2.0379682,24
2024-03-09,serik,12.585469,63.215534,0.0,1009.0489,1.059775,-2.224282,2.8779545,24
2024-03-10,serik,13.2733965,50.707333,0.0008523463748133508,1011.1186,0.7210452,-1.6495279,2.5502865,24
2024-03-11,serik,11.806641,66.43882,0.0004351138045421976,1017.0623,-0.294341,-0.48426244,1.7534367,24
2024-03-12,serik,11.975078,75.08682,0.0004475464834285958,1015.71515,-0.21899796,-0.36712262,1.6208062,24
2024-03-13,serik,12.559326,77.40017,1.2701600790023804,1009.71747,-0.34663296,-0.44678178,1.7841558,24
2024-03-14,serik,12.714478,74.2341,0.13962684897705913,1008.3061,0.0539095,-0.52567583,1.6845417,24
2024-03-15,serik,13.223063,73.68268,1.2095622951164842,1008.8504,0.03066357,-0.31694892,1.9377767,24
2024-03-16,serik,13.255066,71.042274,0.012938515283167362,1011.1342,-0.0072007575,-0.7048836,1.9162469,24
2024-03-17,serik,12.589935,73.22234,0.003635883331298828,1010.32184,-0.32791838,-0.61645436,1.6432534,24
2024-03-18,serik,13.830546,68.06608,0.47653393130531185,1003.7097,0.40024757,-1.4772034,1.8514171,24
2024-03-19,serik,14.599457,58.558033,0.003430246579227969,1001.90967,0.5604763,-1.4271482,2.8535223,24
2024-03-20,serik,14.017751,73.58535,2.3580762099300046,1005.17096,-1.0891094,0.22554927,2.1311176,24
2024-03-21,serik,13.699107,60.70821,1.4923095586709678,1006.63434,0.73442984,-2.4424622,2.8419135,24
2024-03-22,serik,12.059642,42.300385,0.004786252247868106,1006.7505,1.5522385,-3.452835,3.8550956,24
2024-03-23,serik,11.833486,49.519535,0.000852346317969932,1008.41235,0.40552458,-1.1636351,2.6070912,24
2024-03-24,serik,11.479736,68.935875,0.000852346317969932,1006.3698,-0.09917847,-0.2112263,1.9734069,24
2024-03-25,serik,12.980418,77.12478,0.8096648380160332,1004.50433,-0.73733777,0.25709152,1.8726345,24
2024-03-26,serik,15.97405,70.53774,0.281408429145813,1007.25555,0.36849022,-0.95919895,2.0783308,24
2024-03-27,serik,15.421509,77.32996,0.0,1012.13873,-0.5136592,-0.0039020379,1.5639533,24
2024-03-28,serik,15.764384,69.91658,0.0032067297865978617,1012.2309,0.28476587,-0.7399964,1.6992928,24
2024-03-29,serik,18.87496,61.959545,0.413358211517334,1010.6136,0.3215628,-0.5606819,1.839238,24
2024-03-30,serik,18.30604,69.29153,0.000852346317969932,1012.6132,-0.42627144,-0.10036246,1.7643834,24
2024-03-31,serik,18.744772,69.36661,0.0017074116840376519,1014.78864,-0.06998316,-0.47363153,1.6396261,24
2024-04-01,serik,18.907724,70.47678,0.0,1012.6526,-0.31326047,-0.20253856,1.7455336,24
2024-04-02,serik,19.456797,70.50136,0.0021412958517430525,1008.9152,-0.3064773,-0.12646449,1.8071243,24
2024-04-03,serik,19.276398,71.05595,0.0,1007.1877,-0.3651333,0.08190135,1.6813722,24
2024-04-04,serik,17.626383,77.458626,0.003465469490038231,1007.85016,-0.84977573,0.5302989,1.8858628,24
2024-04-05,serik,18.600952,74.33165,0.002282857849422726,1008.27655,0.08750089,0.07615677,1.9003359,24
2024-04-06,serik,18.672241,54.028667,0.44223963050171733,1007.634,0.32307878,-2.3198068,2.5202181,24
2024-04-07,serik,18.828665,45.427673,0.00127257652593471,1003.4021,0.5058066,-2.1458025,2.5608823,24
2024-04-08,serik,17.828714,45.77273,0.013387202955073008,1003.87384,0.09070905,-1.6816581,2.0512335,24
2024-04-09,serik,17.13857,62.949574,0.2888883464038372,1004.79816,0.46605745,-0.5012813,1.74468,24
2024-04-10,serik,17.742167,73.561905,0.023141794372349977,1005.5847,-0.62224835,0.86046284,2.0245502,24
2024-04-11,serik,18.720154,75.82733,0.21919608116149902,1009.14935,-0.0024846394,0.44467545,1.8599297,24
2024-04-12,serik,18.618753,76.50406,0.003427267074584961,1010.4775,-0.13798268,0.3924596,1.8522681,24
2024-04-13,serik,20.75234,64.634865,0.008904933565645479,1009.065,0.0064398446,-1.0133158,1.6366024,24
2024-04-14,serik,21.189077,50.569378,0.03460943844402209,1008.0047,0.060667675,-2.8903415,2.9737794,24
2024-04-15,serik,21.688334,44.10837,0.0008642672355563263,1009.823,0.4876531,-1.5097407,2.6279361,24
2024-04-16,serik,20.11789,59.291492,0.00042915337417070987,1009.98346,-0.39116606,0.23527408,1.7407165,24
2024-04-17,serik,20.198984,55.522995,0.0016109424905152991,1004.52765,-0.35996628,0.18664043,1.8029171,24
2024-04-18,serik,20.061026,70.20561,0.030726194381713867,1001.6433,-1.2003249,1.119779,2.251898,24
2024-04-19,serik,18.686005,73.753006,0.009375810805067886,1005.41797,-0.87353706,1.0959886,2.0682757,24
2024-04-20,serik,16.961752,78.52558,11.68066263107903,1003.2116,-1.7391218,3.630783,4.2784657,24
2024-04-21,serik,17.891958,67.89963,0.014528632164001465,1008.19775,-0.36362267,0.43679795,1.8273716,24
2024-04-22,serik,18.219046,68.08175,1.4901161193847656e-05,1013.1699,0.2980512,0.1479125,1.5053946,24
2024-04-23,serik,19.824682,66.17591,0.0025548131361574633,1012.2556,0.23492177,-0.3953501,1.6064144,24
2024-04-24,serik,22.124695,57.482998,0.0051877345867978875,1005.86774,0.056324642,-0.51235783,1.9156028,24
2024-04-25,serik,22.754324,56.65971,0.004726648057840066,1001.2319,-0.33145276,0.18614428,1.9386088,24
2024-04-26,serik,22.956339,55.80243,4.547473508864641e-10,1002.2004,-0.50849247,0.5610252,1.5313994,24
2024-04-27,serik,21.33431,60.574497,0.001293420666570455,1004.1761,-0.24435778,0.19118349,1.8037604,24
2024-04-28,serik,23.283884,57.306427,0.002556816355081537,1005.2337,-0.058820087,0.16636086,1.8518218,24
2024-04-29,serik,22.71868,61.684387,0.0017285344142692338,1005.38727,-0.08913549,0.12797673,1.8201848,24
2024-04-30,serik,22.830484,63.49556,1.2183685736317784,1004.6225,-0.024623236,-0.30494675,1.8369532,24
2024-05-01,serik,23.241577,66.02657,0.1685053139226511,1003.0627,-0.079577126,0.111534916,1.6761171,24
2024-05-02,serik,22.210348,68.60982,0.028836726414738223,1000.9185,-0.073794685,0.4856995,1.6991767,24
2024-05-03,serik,21.865356,59.937313,0.0,999.7635,0.611262,-0.7270081,2.6721087,24
2024-05-04,serik,19.849356,59.39535,0.29627681942656636,998.5818,0.4257126,-0.025897264,2.2671988,24
2024-05-05,serik,18.70054,55.781982,1.3039648183621466,1000.3184,0.30128923,-1.8995667,2.2505367,24
2024-05-06,serik,20.699259,40.455467,0.0,1004.11273,1.1779257,-2.0322955,2.768667,24
2024-05-07,serik,19.463816,55.286953,0.0008702277796146518,1007.2222,-0.04037285,0.1651535,2.312788,24
2024-05-08,serik,19.538656,64.992134,0.0008583068620282575,1009.9656,-0.16170692,0.7350473,1.8256465,24
2024-05-09,serik,19.785105,63.491592,0.0008702269269633689,1007.61597,0.2231973,-0.03431801,1.6014572,24
2024-05-10,serik,21.679403,53.64282,0.5826771375723183,1001.355,0.061460495,0.12428657,2.2610676,24
2024-05-11,serik,18.543915,82.09072,16.053706349339336,1001.88574,-1.2594624,1.8127941,2.6018422,24
2024-05-12,serik,19.209879,72.317154,1.1642873287200928,1003.2868,0.44552484,-0.16067474,1.4249579,24
2024-05-13,serik,20.873697,55.924397,0.013278756341605913,1003.2027,1.4027628,-1.5952514,2.8508272,24
2024-05-14,serik,20.05314,53.189728,0.0,1005.29034,0.6836955,-0.8700385,2.8521345,24
2024-05-15,serik,19.733805,65.54275,0.0008603038850196754,1008.22394,0.07650248,0.77653295,1.8479452,24
2024-05-16,serik,20.019785,64.09546,0.0017186921468237415,1011.76764,0.34094748,0.28086987,1.7253647,24
2024-05-17,serik,21.10788,70.771545,0.0012800001059076749,1011.9008,0.27062225,0.3058636,1.4845437,24
2024-05-18,serik,22.851593,68.478966,0.0,1008.97144,0.28124174,0.63231677,1.7411798,24
2024-05-19,serik,23.15207,69.910164,0.000852346317969932,1005.7859,0.19623883,0.48853204,1.8211374,24
2024-05-20,serik,24.047882,69.90476,0.0,1002.92584,0.12061945,0.68562365,1.7584258,24
2024-05-21,serik,25.943146,61.711548,0.0008549805556867796,1003.8264,0.43765768,0.102499604,2.2506905,24
2024-05-22,serik,24.710886,66.679756,0.0008583068620282575,1005.0146,0.03874715,0.51311,1.795332,24
2024-05-23,serik,23.587149,71.66106,0.009804964065551758,1002.3802,-0.9441821,1.0273122,2.4201505,24
2024-05-24,serik,23.564331,47.695267,0.018644333067641128,1001.5113,2.549057,-3.5474389,4.398704,24
2024-05-25,serik,24.602976,44.817745,0.0,1002.13727,1.3103498,-1.3045641,3.290104,24
2024-05-26,serik,22.454407,63.952503,0.08729100227355957,1004.0712,-0.44150352,1.0419763,2.1409905,24
2024-05-27,serik,23.0171,59.832363,0.08315443119499832,1003.7962,0.72266454,0.17129807,1.667081,24
2024-05-28,serik,22.839579,60.099438,0.8086692978395149,1003.98444,-0.32414833,0.6738243,1.6212226,24
2024-05-29,serik,22.103098,67.06539,0.032335519790649414,1005.774,0.062079113,0.74774677,1.5911187,24
2024-05-30,serik,21.695251,72.12214,0.5232810872257687,1006.2031,0.12762706,0.7460203,1.5449535,24
2024-05-31,serik,22.375153,69.367805,0.029087066650390625,1009.2744,0.37168694,0.5881507,1.6358175,24
2024-06-01,serik,24.070862,63.915874,0.0008583068620282575,1011.6804,0.30656752,0.6170845,1.7827415,24
2024-06-02,serik,26.662558,56.987637,0.0,1008.6475,0.1515878,0.6296584,1.8009062,24
2024-06-03,serik,28.865347,51.170025,0.0017195934560731985,1004.92706,-0.24168968,0.021415075,1.8881831,24
2024-06-04,serik,29.896555,47.510677,0.0,1002.8604,0.14192684,-0.1308511,1.9603726,24
2024-06-05,serik,32.518787,34.068356,0.0,1002.00824,1.0259211,-2.2360249,2.752676,24
2024-06-06,serik,33.549885,30.209143,0.2985149621963501,1002.38696,0.73361945,-2.4614804,2.69824,24
2024-06-07,serik,33.047504,32.637897,0.3784507280215621,1002.646,1.4061133,-2.6949456,3.235369,24
2024-06-08,serik,30.51827,41.09316,1.1394917964935303,998.9886,0.82978755,-1.1259123,2.423352,24
2024-06-09,serik,30.151937,44.14593,0.0,998.7564,0.17848079,-1.1777064,2.2865915,24
2024-06-10,serik,29.455902,44.725735,0.000852346317969932,1001.93524,0.062423706,-0.12169818,2.3027844,24
2024-06-11,serik,29.234,48.398045,0.0008523463748133508,1003.05835,-0.15187073,0.6089463,2.0504496,24
2024-06-12,serik,30.376648,50.977554,0.0017132691141341638,1004.1534,-0.15704472,0.7494402,1.9798621,24
2024-06-13,serik,31.989075,47.10878,0.000852346317969932,1004.53265,0.31581053,-0.05560426,1.8703804,24
2024-06-14,serik,33.216717,38.229286,0.0025892150006256998,1002.2564,0.42590842,-0.18133695,2.4381502,24
2024-06-15,serik,30.737112,51.810223,0.0012785349099431187,997.4578,-0.12793286,0.48127046,1.9938127,24
2024-06-16,serik,29.083426,53.80717,0.0017106531231547706,999.44,-0.2025687,0.94419664,1.9028641,24
2024-06-17,serik,28.29013,64.62151,0.0004351138613856165,1002.74756,0.17824054,1.217378,1.9156532,24
2024-06-18,serik,29.18984,64.08752,0.001702981137441384,1003.3604,0.24279737,1.3350741,1.942871,24
2024-06-19,serik,29.974976,59.702534,0.0,1002.1149,-0.02583758,1.123546,2.065488,24
2024-06-20,serik,30.360586,63.171696,0.0,1001.26074,-0.13420868,1.33668,1.8581662,24
2024-06-21,serik,30.323822,60.483982,0.5168318863866261,999.3387,-0.43545234,1.2590466,1.967584,24
2024-06-22,serik,29.548218,62.162216,0.00593271033721976,996.576,-0.49594,1.1541826,2.161649,24
2024-06-23,serik,30.356192,57.802414,3.6470737541094422e-06,996.00244,-0.35301018,1.2209541,1.9854345,24
2024-06-24,serik,29.382254,65.07873,0.0004410743486005231,998.68994,-0.24162419,1.1504241,1.9144912,24
2024-06-25,serik,29.711782,68.992386,0.0,999.41626,0.13790448,1.1479431,1.6952366,24
2024-06-26,serik,31.794403,57.49948,0.0021517274717552937,997.9302,-0.025443396,0.14599247,2.3438833,24
2024-06-27,serik,30.625467,58.389423,0.0,998.8454,-0.25828615,0.98380214,2.1503837,24
2024-06-28,serik,30.274984,66.2978,0.0017251713870791718,996.9585,-0.15353076,1.194074,1.9503914,24
2024-06-29,serik,30.584066,54.18864,0.5678836587321712,994.58545,0.11741511,0.27654552,1.7859164,24
2024-06-30,serik,32.550617,28.998728,0.0012891123333247378,997.21515,0.787447,-2.908325,3.0748932,24
2024-07-01,serik,32.149548,31.454786,1.979060471057892e-06,997.71124,0.77481717,-2.0172548,2.6445608,24
2024-07-02,serik,31.18093,40.337044,0.000852346317969932,995.98566,0.23532994,0.13272719,2.47606,24
2024-07-03,serik,28.902048,59.211777,0.0006258487701416016,996.1092,-0.88379794,1.7553514,2.6180775,24
2024-07-04,serik,27.288055,70.68444,0.8691732655279338,999.1267,-0.78036755,1.9344972,2.2788708,24
2024-07-05,serik,27.460571,60.880676,0.3519279707688838,1000.7837,0.71635884,0.72401303,1.8111047,24
2024-07-06,serik,32.097656,37.993168,0.002157047674700152,998.63556,1.1370577,-2.7866898,3.075218,24
2024-07-07,serik,34.134693,31.419159,0.0,997.0673,0.82202166,-2.348569,2.6178405,24
2024-07-08,serik,34.113995,36.089115,0.0,996.3032,-0.1535263,-1.1861025,2.5475528,24
2024-07-09,serik,33.41814,47.327606,0.04432499406448187,996.65546,-0.4108397,-0.01241982,2.202467,24
2024-07-10,serik,32.17566,53.66882,0.9676516056060791,998.9692,0.15234692,0.48141396,1.9304377,24
2024-07-11,serik,31.31655,52.34441,0.001627206756893429,1001.1775,0.2227983,0.87425995,2.064203,24
2024-07-12,serik,30.534353,56.597355,0.0008583068620282575,1000.4986,0.24581973,0.98245126,2.0066917,24
2024-07-13,serik,29.646963,61.604847,0.0727623701095581,998.1735,0.13725917,0.95807433,1.8962475,24
2024-07-14,serik,31.13029,58.463577,0.559860491193831,996.27386,0.47118506,0.30229452,1.8161502,24
2024-07-15,serik,32.148113,49.556858,0.220566987991333,995.91187,0.0731856,-0.20350726,2.0656822,24
2024-07-16,serik,31.45521,56.299885,0.09152591519523412,997.82104,0.1159083,0.69395167,1.743918,24
2024-07-17,serik,31.622763,54.35562,0.0,999.3003,0.26098314,0.6689532,2.1346567,24
2024-07-18,serik,31.971344,57.437054,0.000852346317969932,999.04816,0.07881101,0.48921415,2.1267476,24
2024-07-19,serik,34.480206,42.79837,0.0021398063836386427,996.40045,0.21996243,-1.6990274,2.0192463,24
2024-07-20,serik,34.858692,32.94737,0.0008595657732257678,995.3391,0.1756115,-1.5273156,2.4222019,24
2024-07-21,serik,33.399017,43.09778,0.002580881073299679,997.1748,-0.19970767,0.48794916,2.292523,24
2024-07-22,serik,32.280804,49.64244,0.000852346317969932,997.7464,-0.3802401,0.8771105,2.2236948,24
2024-07-23,serik,31.730417,64.45467,0.0,997.9925,0.009085973,0.91233605,1.7414156,24
2024-07-24,serik,31.556915,70.247,0.3473043325357139,995.3211,0.07663536,1.1322918,1.7762709,24
2024-07-25,serik,30.049042,77.26125,1.6239106189459562,993.8367,-0.021312078,1.2001771,1.4570633,24
2024-07-26,serik,31.571259,58.34524,0.011056661605834961,994.52716,1.1567835,0.2410206,1.6219312,24
2024-07-27,serik,32.80302,35.35128,0.0,999.9668,1.4035956,-3.665472,3.9372873,24
2024-07-28,serik,33.310455,33.18992,0.0008583068620282575,1002.8406,0.74975777,-2.2346866,2.5115619,24
2024-07-29,serik,33.38811,37.681026,0.0021427867977763526,998.656,0.393905,-0.561771,2.5452857,24
2024-07-30,serik,32.47698,46.887024,0.0008523463748133508,994.8601,-0.1594925,0.3622668,1.9272159,24
2024-07-31,serik,32.759624,42.10169,0.000852346317969932,997.51544,-0.27371725,-0.6972987,2.7893226,24
2024-08-01,serik,32.383656,44.676422,0.0021312280296115205,998.6804,0.18290074,0.35375595,2.4512079,24
2024-08-02,serik,31.695953,47.31082,0.000852346317969932,997.9971,0.03496806,0.86735344,2.2190492,24
2024-08-03,serik,30.37681,57.989834,0.0013009248505113646,997.2676,-0.29767227,1.2812393,1.9532586,24
2024-08-04,serik,30.34376,67.29502,0.0,998.3493,0.018930435,1.2657661,1.649559,24
2024-08-05,serik,30.228678,67.5153,0.0819861888885498,998.37085,0.15626018,0.9463467,1.9358963,24
2024-08-06,serik,30.446451,65.86681,0.0,998.218,0.23321724,1.1147398,1.9416162,24
2024-08-07,serik,30.525187,66.133606,0.0,998.53564,0.34742928,1.0823702,1.8088852,24
2024-08-08,serik,30.446238,66.845985,0.0,1000.1142,0.21022606,1.2272614,1.759265,24
2024-08-09,serik,30.261942,66.46325,0.0,1000.9768,0.28080305,1.3107877,1.8055887,24
2024-08-10,serik,29.730713,71.49547,0.0,1001.45996,0.20521231,1.1376468,1.7514323,24
2024-08-11,serik,32.45412,53.86546,0.0008583068620282575,1000.11475,0.35457435,0.047366936,2.0362058,24
2024-08-12,serik,33.414593,37.865807,0.0008583068620282575,999.1961,0.26392174,-1.987608,2.229292,24
2024-08-13,serik,32.589092,35.697407,0.0,999.7012,0.0009860992,-0.25002328,2.3993528,24
2024-08-14,serik,31.75055,49.01955,0.0,1000.4532,-0.26676497,0.6971877,2.0907352,24
2024-08-15,serik,31.408813,51.286564,0.0,1000.03705,-0.44841447,0.7847605,2.1830845,24
2024-08-16,serik,33.677998,35.858574,0.0008583068620282575,997.9925,0.012549083,-2.6016564,2.6358097,24
2024-08-17,serik,33.47639,28.461962,0.0,996.4971,0.53647995,-1.4530512,2.5657244,24
2024-08-18,serik,30.774057,45.846622,0.0008583068620282575,998.48486,-0.2889862,0.47488657,2.1180942,24
2024-08-19,serik,29.616781,56.092205,0.0,1001.447,0.15157,0.6820014,1.857665,24
2024-08-20,serik,29.644522,56.97798,0.0008546918479623855,1001.56396,0.05134034,0.8690295,1.86122,24
2024-08-21,serik,29.888662,62.99696,6.347136149997823e-07,998.54395,-0.7292199,1.2640265,2.1192267,24
2024-08-22,serik,28.28588,69.07214,0.009449967365071643,998.5684,-0.4151281,0.9648423,1.811618,24
2024-08-23,serik,28.809326,69.328094,0.18406083108857274,1001.6206,0.46768188,0.9053297,1.7101688,24
2024-08-24,serik,31.52897,53.738403,0.43657422065734863,1000.9734,0.48766074,0.15235122,1.9831853,24
2024-08-25,serik,31.100412,50.39809,0.28015970019623637,999.1819,0.061580658,-0.09755695,1.9117585,24
2024-08-26,serik,30.089172,60.640804,0.1458674669265747,1000.7769,0.17610486,0.7889902,1.8354949,24
2024-08-27,serik,29.264791,63.867916,0.03260374069213867,1002.44977,0.25835228,0.7997697,1.8482655,24
2024-08-28,serik,29.065094,61.555332,0.0008583068620282575,1003.87286,0.3717359,0.65489674,1.8524861,24
2024-08-29,serik,29.19285,60.621777,0.000852346317969932,1002.84674,0.37308884,0.6776021,1.7125937,24
2024-08-30,serik,29.529776,59.38339,0.0,1001.6661,0.47709975,0.43731818,1.9061508,24
2024-08-31,serik,29.233438,59.64363,0.005948542820988223,1001.16864,-0.0438296,0.6662026,1.8006688,24
2024-09-01,serik,27.596222,62.27727,1.3186961878091097,1001.1606,-0.722037,0.3862915,1.7855612,24
2024-09-02,serik,26.27714,68.07305,2.814957406371832,1005.4233,-0.7476311,0.9516125,1.5114828,24
2024-09-03,serik,27.185007,68.62652,1.055586151778698,1005.9642,0.440588,0.1488415,1.297357,24
2024-09-04,serik,29.256205,61.954575,0.007274746621988015,1002.7432,0.30519846,0.20786636,1.718465,24
2024-09-05,serik,29.766378,57.066574,0.02683699131011963,1001.2531,0.44299093,-0.30917844,1.8907291,24
2024-09-06,serik,30.763144,51.470028,0.07426738739013672,1001.48065,0.078131996,-0.40685272,2.1779864,24
2024-09-07,serik,30.76359,45.68378,0.0,1002.06244,0.55051076,-0.47817674,2.5841787,24
2024-09-08,serik,28.716349,56.246185,1.247074408354365,1001.5964,-0.3750116,0.1842825,1.6431117,24
2024-09-09,serik,28.006968,68.80558,0.1904486707644537,1002.9499,0.010135651,0.62841886,1.435453,24
2024-09-10,serik,27.161234,70.97948,1.543131613289006,1002.4856,-0.6163469,1.4237806,1.8948611,24
2024-09-11,serik,26.277842,70.28623,3.6742568481713533,1003.9883,-0.64651555,0.98439974,1.7260917,24
2024-09-12,serik,26.964996,67.09373,0.949120287259575,1005.6673,0.61618614,0.11951959,1.7194656,24
2024-09-13,serik,27.154297,63.50795,0.0017310112525592558,1003.3342,0.18249004,0.39655766,1.7198278,24
2024-09-14,serik,28.002441,58.710648,0.0,1000.7924,0.4052588,0.13463049,2.0396287,24
2024-09-15,serik,27.08428,63.215565,0.002585224933682184,998.7679,-0.7585977,0.5888923,1.8278852,24
2024-09-16,serik,26.284698,54.649296,0.0012833064602091326,999.8461,0.58667755,0.2538782,2.382089,24
2024-09-17,serik,25.8048,59.230686,0.0,1004.74774,-0.025422415,0.5242991,1.758294,24
2024-09-18,serik,25.558746,61.844196,0.0008583068620282575,1006.3555,-0.14807574,0.4868215,1.6841565,24
2024-09-19,serik,26.164572,60.900494,0.002566280272731092,1003.39606,0.28422737,0.33703148,1.8855234,24
2024-09-20,serik,25.88746,63.8615,1.127466599427862,1003.79755,-0.059209824,0.3540626,1.4101895,24
2024-09-21,serik,24.948904,64.97856,3.3740936778485775,1003.84546,0.07272911,-0.23609702,1.6750396,24
2024-09-22,serik,24.58902,57.46446,0.7842510822229087,1003.8999,0.25702477,-0.45707777,1.5600404,24
2024-09-23,serik,24.631918,54.437527,0.0008553266184208042,1005.5677,0.47055689,-0.2749845,2.2539659,24
2024-09-24,serik,24.170502,61.59271,0.0008584491979490849,1008.5904,0.054562885,-0.093988776,1.771418,24
2024-09-25,serik,25.26056,57.927307,3.259913228248479e-06,1008.2398,0.38157716,-0.18654458,2.0127666,24
2024-09-26,serik,26.299042,54.506847,0.0,1006.2281,0.005090078,-0.44426224,2.011293,24
2024-09-27,serik,27.036295,53.213306,0.0004351138045421976,1004.6123,-0.24314182,-0.4139754,1.9904507,24
2024-09-28,serik,26.717459,54.891438,0.0008583068051848386,1003.7007,-0.24046516,-0.05607478,1.9283328,24
2024-09-29,serik,25.68513,60.602,0.0004351138045421976,1002.12164,-0.47361755,0.4856902,1.8873647,24
2024-09-30,serik,23.5159,76.737946,5.372270010241209,1000.4204,-1.3363062,0.3695643,2.502814,24
2024-10-01,serik,24.09905,44.12669,0.0016987323760986328,1000.22504,2.1932633,-2.9382267,3.8793793,24
2024-10-02,serik,23.822601,40.42125,0.000852346317969932,1004.1846,0.9377429,-1.2152437,2.8846035,24
2024-10-03,serik,22.738169,62.49763,0.0012874597814516164,1009.0512,0.2604567,-0.09296926,1.7555457,24
2024-10-04,serik,23.398102,63.485096,0.0013077157632324088,1009.1667,0.4522756,-0.0035114288,1.6601008,24
2024-10-05,serik,24.131348,66.03924,0.0004357596594672941,1006.8347,-0.15885365,0.14604561,1.6678661,24
2024-10-06,serik,23.736704,70.056366,0.0008583068620282575,1005.82074,-0.17790644,0.09527671,1.6483221,24
2024-10-07,serik,24.175669,69.24255,0.0004172325134277344,1007.5057,-0.12550049,0.14583425,1.6541408,24
2024-10-08,serik,24.57493,66.159065,0.002562999725341797,1009.7654,0.11128684,0.05536151,1.7028011,24
2024-10-09,serik,23.405405,74.81478,0.0012755394891428296,1009.1269,-0.13427098,0.3681524,1.680991,24
2024-10-10,serik,23.290527,69.7551,0.0010684386779757915,1006.4289,0.15785535,0.2951692,1.5353718,24
2024-10-11,serik,23.772207,67.640144,0.0004222084726279718,1005.398,0.15663783,0.24251588,1.5089611,24
2024-10-12,serik,23.795267,71.78357,0.0,1006.57697,0.031080881,0.4283339,1.4969584,24
2024-10-13,serik,24.210684,73.98818,0.0802084177848883,1006.6931,0.31956735,0.42806908,1.4749588,24
2024-10-14,serik,24.417612,76.07076,0.12840927229262888,1005.8256,0.2688179,0.4946644,1.4013062,24
2024-10-15,serik,24.16088,75.18554,0.03440678119659424,1007.0881,0.27910805,0.18805659,1.3527778,24
2024-10-16,serik,23.797903,67.909615,0.0004261731874066754,1007.74835,-0.12807147,0.15637533,1.7471418,24
2024-10-17,serik,23.442617,40.04871,3.0772753234487027e-06,1007.8484,1.3304647,-4.54088,4.751718,24
2024-10-18,serik,20.318298,29.094002,0.0017046926927832828,1009.6919,1.5968628,-4.308353,4.619805,24
2024-10-19,serik,19.975351,30.928015,0.0017184111129608937,1011.7695,0.90801495,-2.3475914,2.7946508,24
2024-10-20,serik,19.275309,36.447567,0.0017295787984039634,1015.4926,0.26099142,-1.0559711,2.2879443,24
2024-10-21,serik,20.36561,29.766945,0.0008453411055597826,1016.6364,0.5925153,-3.573735,3.640505,24
2024-10-22,serik,20.14509,31.718344,0.0008523463748133508,1016.9548,0.3504416,-3.4833682,3.545003,24
2024-10-23,serik,19.849222,36.545025,0.0008583068620282575,1017.20856,0.043566387,-1.2287413,2.448749,24
2024-10-24,serik,19.894083,43.93826,0.0,1016.13605,-0.023919424,-1.00534,2.315396,24
2024-10-25,serik,20.15982,38.59832,0.0017106531799981894,1013.9052,-0.013952891,-1.0436028,2.172898,24
2024-10-26,serik,20.418142,39.35316,0.0008701620686224487,1013.5676,0.172266,-1.7374216,2.341665,24
2024-10-27,serik,20.424408,38.48773,0.0,1015.4245,-0.2055734,-1.0013396,2.2313035,24
2024-10-28,serik,19.064413,54.074387,0.0,1013.178,-0.15815735,-0.43977356,1.9097408,24
2024-10-29,serik,20.120218,40.67592,0.0,1009.75116,0.042413075,-1.2573385,1.9877256,24
2024-10-30,serik,21.001688,34.487034,0.0,1007.8252,0.17008801,-1.8641033,2.391293,24
2024-10-31,serik,20.542603,39.172672,0.0,1008.6662,-0.11340269,-1.3590304,2.1576593,24
2024-11-01,serik,20.793488,40.808407,0.000852346317969932,1010.73755,0.12211736,-1.8388262,2.3562992,24
2024-11-02,serik,20.81372,43.94586,0.04695057941717096,1010.39844,0.0009619395,-0.9396604,2.1506767,24
2024-11-03,serik,20.63027,42.855576,0.0025693825591588393,1009.29346,0.544946,-1.6879858,2.3391495,24
2024-11-04,serik,19.28894,44.134396,8.557435648981482e-06,1010.3953,0.13430531,-1.3848592,2.2341197,24
2024-11-05,serik,18.14446,47.339813,0.000852346317969932,1012.60175,0.10645612,-1.5262283,2.0144546,24
2024-11-06,serik,18.035757,38.73489,0.0008619792879471788,1016.33234,0.061659772,-1.1628278,2.2349699,24
2024-11-07,serik,17.883524,37.404232,0.0017115757486863004,1017.96857,0.08202171,-1.7722563,2.3512483,24
2024-11-08,serik,17.981516,33.83895,0.0008523463748133508,1016.0379,0.2093029,-1.8822418,2.4781156,24
2024-11-09,serik,17.876303,35.99852,0.0,1012.5242,-0.12439283,-1.6891131,2.3355105,24
2024-11-10,serik,17.178793,49.391605,0.6796298548579216,1010.0154,0.94511086,-1.8935137,2.7837498,24
2024-11-11,serik,17.976065,65.73316,0.0364571824320592,1012.55524,0.7157162,-0.79543656,2.1025984,24
2024-11-12,serik,17.395803,66.89946,0.0,1014.45264,0.18779175,-0.6769262,1.6297897,24
2024-11-13,serik,17.219564,62.93584,0.000852346317969932,1015.01587,0.22080867,-0.6052456,1.8430548,24
2024-11-14,serik,18.27944,57.397755,0.001293420325509942,1012.3881,0.17973964,-0.93921596,2.2590983,24
2024-11-15,serik,17.095785,71.54698,0.13156533532310277,1009.9399,-0.7359996,-0.34064674,1.6750897,24
2024-11-16,serik,16.44513,79.62264,4.725324921309948,1009.70636,-0.9382966,0.096894585,1.6436831,24
2024-11-17,serik,15.243205,90.50063,28.127238154411316,1006.512,-2.158778,1.342508,2.6357543,24
2024-11-18,serik,15.426117,76.80909,0.9654045134084299,1005.8089,-0.08582624,-0.1977069,1.5105968,24
2024-11-19,serik,15.195363,70.054565,0.02126842809957452,1009.5654,-0.12919581,-0.53820455,1.5581187,24
2024-11-20,serik,14.8003845,74.13483,0.2669915556907654,1010.9861,-1.0958735,-0.12164029,1.8150054,24
2024-11-21,serik,15.351216,89.049446,41.926730424165726,1009.89276,-2.7794952,1.9818255,3.6433413,24
2024-11-22,serik,16.989471,92.80188,41.83892160654068,1011.94806,-2.359988,1.5855097,2.9834263,24
2024-11-23,serik,17.19451,93.63764,40.11636972427368,1011.25635,-2.0783615,3.1001844,3.9084244,24
2024-11-24,serik,10.409607,40.869663,1.0677576065063477,1013.8194,2.2815113,-6.211078,6.693014,24
2024-11-25,serik,8.80602,38.852352,0.0008583068620282575,1015.8508,1.9357268,-4.2799067,4.821054,24
2024-11-26,serik,9.980438,52.891098,0.0,1014.4568,1.133955,-2.5220063,3.007404,24
2024-11-27,serik,10.390758,60.935394,0.0,1015.73804,-0.07802149,-1.9724604,2.1120422,24
2024-11-28,serik,11.61855,60.119152,0.001718990461085923,1018.2067,-0.26260504,-1.4852734,1.8556966,24
2024-11-29,serik,10.940684,66.28823,0.0012934206097270362,1017.8078,-0.29095206,-1.236328,1.7960281,24
2024-11-30,serik,11.138499,75.59204,0.0,1018.7151,-0.32795587,-1.0848427,1.4871612,24
2024-12-01,serik,12.351573,78.49038,0.02138018680852838,1016.6065,-0.14621544,-1.0982292,1.3975306,24
2024-12-02,serik,13.670807,82.986,4.548180080746533,1012.8781,-0.71771175,-0.4214182,1.1863334,24
2024-12-03,serik,13.832103,88.20107,18.372733145952225,1009.5041,-2.8035126,1.4588833,3.2878773,24
2024-12-04,serik,13.345184,89.16541,28.721535578370094,1011.2449,-1.3459015,0.17538054,1.4645149,24
2024-12-05,serik,13.348226,84.41581,4.570911871269345,1015.7198,-0.09623591,-1.0093123,1.3430877,24
2024-12-06,serik,13.451222,75.82816,0.017184018361149356,1016.4589,0.16255188,-1.6784681,1.7477942,24
2024-12-07,serik,13.936707,72.12681,10.87537407875061,1013.1966,-0.13722055,-1.1994146,1.7877487,24
2024-12-08,serik,14.029897,89.44988,19.109025597572327,1012.8449,-2.7772923,1.9576378,3.4612029,24
2024-12-09,serik,15.04005,83.79354,3.8601860869675875,1017.9917,-2.3227332,0.57127345,2.5113409,24
2024-12-10,serik,14.57137,86.28058,0.7647156598977745,1018.79224,-0.8811553,-0.538615,1.3839236,24
2024-12-11,serik,14.230052,82.828545,0.04044175148010254,1016.19165,-0.47546127,-0.9092269,1.1978731,24
2024-12-12,serik,13.965688,66.021416,0.0029740840545855463,1013.0472,1.4079908,-3.000948,3.4313736,24
2024-12-13,serik,12.505055,47.212997,1.6842932382132858e-05,1016.1148,1.8937181,-4.137619,4.5660954,24
2024-12-14,serik,11.240895,51.02576,0.000870227722771233,1021.0511,0.4088961,-2.2012997,2.6933043,24
2024-12-15,serik,11.16568,78.90477,4.489392042160034,1020.8099,-1.6372381,0.08830929,2.3253038,24
2024-12-16,serik,13.000081,85.263084,21.375620737671852,1016.4273,-0.5398775,-0.33833566,1.7290729,24
2024-12-17,serik,11.700134,65.52863,0.0022007893107911514,1020.1839,0.32666638,-1.6830782,2.0521,24
2024-12-18,serik,11.141276,73.81591,0.001289829015149735,1017.81854,-0.09322051,-1.1471926,1.7352166,24
2024-12-19,serik,11.453898,73.28683,0.0008493365157846711,1013.0086,-0.27633485,-1.063201,1.5439525,24
2024-12-20,serik,11.4244795,82.15032,0.14875829219818115,1010.22797,-0.8028662,-0.8362697,1.5760847,24
2024-12-21,serik,13.438558,88.99271,24.910524487495422,1010.15314,-1.7979412,1.718949,3.20284,24
2024-12-22,serik,12.734131,82.28793,0.9885815088637173,1009.4826,-0.54266673,-0.34084955,1.1954447,24
2024-12-23,serik,12.165863,87.29254,8.44547152519226,1007.07587,-1.5992622,0.048986435,1.7356952,24
2024-12-24,serik,13.543132,90.762,65.96239283680916,1006.0057,-2.9067695,4.3166943,5.2958913,24
2024-12-25,serik,12.092865,92.67316,60.90448424220085,1007.0561,-2.0272439,2.743822,3.7972536,24
2024-12-26,serik,11.20636,87.539215,10.150629095733166,1009.6469,-1.362917,-0.3753929,1.6759096,24
2024-12-27,serik,12.082855,74.34929,1.958705484867096,1007.6026,0.49356058,-1.2505851,1.909597,24
2024-12-28,serik,10.215393,87.91967,10.756641626358032,1009.5983,-1.6320806,-0.06961286,2.013503,24
2024-12-29,serik,10.544688,86.631905,15.274608507752419,1012.87744,-1.9085404,0.7171332,2.2273777,24
2024-12-30,serik,10.370799,72.83886,1.2058466672897339,1012.69196,0.5948516,-2.0374978,2.2693703,24
2024-12-31,serik,11.100261,62.132725,0.0008583301678299904,1018.48456,0.8913307,-2.7771962,2.9640014,24
2025-01-01,serik,10.178853,68.95582,0.0,1023.64813,0.047111273,-1.6783327,2.021475,24
2025-01-02,serik,9.590993,71.30573,0.0,1023.6993,-0.41747487,-1.2571248,1.6367688,24
2025-01-03,serik,9.95576,77.48806,0.000852346317969932,1020.69574,-0.4949163,-1.2001897,1.4342276,24
2025-01-04,serik,11.59084,85.57021,5.967691540718079,1016.5339,-0.9160838,-0.97510386,1.4935969,24
2025-01-05,serik,13.125194,80.247284,1.5680789947509766,1012.1921,0.62479615,-1.3705791,1.815391,24
2025-01-06,serik,12.291209,72.05511,0.016821573808556423,1015.1233,-0.17673711,-1.4913033,2.1212237,24
2025-01-07,serik,11.986836,84.72549,0.12918765060021542,1020.6268,-0.34177843,-1.0213102,1.202394,24
2025-01-08,serik,13.064616,86.07379,0.04957461715093814,1020.0119,-0.085772194,-0.83401364,1.1886997,24
2025-01-09,serik,11.956787,79.352325,0.0,1015.9864,0.08339051,-1.1482059,1.4269086,24
2025-01-10,serik,11.537007,75.45972,0.0021506893972400576,1011.6119,-0.09125829,-1.2619,1.565424,24
2025-01-11,serik,11.184621,76.56342,0.018286704289494082,1012.5046,-0.65590173,-0.864336,1.6256663,24
2025-01-12,serik,13.073405,82.58022,8.633464574813843,1014.8322,-1.9315618,0.52102596,2.308962,24
2025-01-13,serik,14.332286,90.72955,16.33617002516985,1017.1655,-2.2953503,1.6888537,2.996811,24
2025-01-14,serik,14.180949,86.63687,1.6833394765853882,1016.5625,-0.40969148,-0.6677887,1.1551353,24
2025-01-15,serik,12.312724,87.64326,8.838069275952876,1014.04816,-0.8187421,-0.89860153,1.4931092,24
2025-01-16,serik,12.780548,71.93737,0.15777070075273514,1018.0808,0.6070506,-2.0722473,2.4196422,24
2025-01-17,serik,12.752065,54.984165,0.0008583068620282575,1021.56085,1.0571855,-3.6365786,3.8109264,24
2025-01-18,serik,12.224467,53.258587,0.000852346317969932,1017.6958,0.71348065,-3.2241457,3.393403,24
2025-01-19,serik,12.849731,59.602905,0.0013043331819062587,1014.5576,0.19497935,-1.8557702,2.3989475,24
2025-01-20,serik,13.36732,64.20581,0.003990531070030556,1013.52924,-0.22149427,-1.7566525,2.7879221,24
2025-01-21,serik,12.549001,81.69537,0.6503164768218994,1017.6523,-0.58045644,-0.776079,1.4930805,24
2025-01-22,serik,11.8619585,87.306175,20.76487592421472,1015.19214,-1.4142393,-0.8632159,1.7080306,24
2025-01-23,serik,11.941925,84.30857,7.903366349637508,1015.52875,-0.8102372,-0.024124622,1.1742305,24
2025-01-24,serik,11.372884,82.44702,0.41376828448846936,1016.9351,-0.28030333,-0.5312279,1.295719,24
2025-01-25,serik,11.770996,86.14102,11.071623011957854,1015.8911,-1.6268764,-0.061782997,2.0955198,24
2025-01-26,serik,12.885478,74.19863,10.853490326553583,1016.5795,-0.043350894,-1.4246963,2.3371465,24
2025-01-27,serik,11.645183,73.85142,0.0004351138045421976,1016.2276,-0.13787334,-1.1337255,1.8656231,24
2025-01-28,serik,10.85733,78.86454,0.0012993805285077542,1017.48944,-0.49733233,-1.0841122,1.5967761,24
2025-01-29,serik,11.252767,81.50942,0.0008644283866487967,1019.6751,-0.069875956,-0.9159896,1.4134413,24
2025-01-30,serik,11.330302,75.087685,0.0004351138045421976,1020.166,-0.030903379,-0.7089984,1.4401075,24
2025-01-31,serik,11.67925,73.07899,0.005173682950498915,1017.1387,0.14991677,-0.8228366,1.9571925,24
2025-02-01,serik,12.288991,70.59783,0.0008583068620282575,1017.157,0.0003360907,-1.2728697,1.9606878,24
2025-02-02,serik,11.24171,75.578545,0.0025925666022885707,1017.2292,-0.26228204,-0.8265807,1.634364,24
2025-02-03,serik,11.557729,77.94778,0.0017106528389376763,1013.61554,0.0024808247,-0.73491925,1.4841002,24
2025-02-04,serik,11.330383,82.064995,2.786463498807734,1010.3901,-0.32755533,-0.6867568,1.2716317,24
2025-02-05,serik,10.259572,56.92854,1.8193602445535362,1006.5046,0.66150314,-4.475703,4.63726,24
2025-02-06,serik,7.3558755,35.358402,0.003004073732881807,1011.2253,1.7269163,-6.1310363,6.475161,24
2025-02-07,serik,7.318644,36.32203,0.0004351138045421976,1016.9363,1.5230414,-5.0787215,5.390421,24
2025-02-08,serik,9.049713,47.661007,0.0,1016.60504,0.7587764,-3.047704,3.245056,24
2025-02-09,serik,9.162944,53.00392,0.0,1013.52765,0.30146995,-2.4314225,2.5151675,24
2025-02-10,serik,8.873363,53.796265,0.001960992449312471,1013.2592,0.42075017,-1.772252,2.300013,24
2025-02-11,serik,8.265584,53.020386,0.000852346317969932,1014.81793,0.6565787,-1.8974124,2.455798,24
2025-02-12,serik,7.9924417,52.555145,0.08157193951774389,1015.0168,0.6936423,-2.3969553,2.7203426,24
2025-02-13,serik,8.882762,43.167435,0.0017298234524787404,1015.8388,2.049701,-3.8806345,4.421475,24
2025-02-14,serik,8.586873,58.516266,0.0017225738702109084,1016.30365,0.08261871,-1.2701501,2.1874268,24
2025-02-15,serik,9.015605,73.73896,0.001729240466374904,1014.0298,-0.08347511,-0.937844,1.3904783,24
2025-02-16,serik,10.184377,72.83203,0.0044465059545473196,1010.83936,-0.22934659,-0.61476517,1.6152145,24
2025-02-17,serik,10.304942,84.415344,4.212069325149059,1011.4351,-0.9666932,-0.22480838,1.7297025,24
2025-02-18,serik,11.692393,87.06585,13.464093208312988,1012.1079,-2.4553874,0.39801088,2.621474,24
2025-02-19,serik,13.110829,62.83719,1.5683770179748535,1009.47943,0.89295006,-2.0228264,2.794048,24
2025-02-20,serik,8.982402,36.433163,0.0025778999770409428,1012.20355,1.1418387,-4.949913,5.166407,24
2025-02-21,serik,6.1997886,31.330557,0.0004351138045421976,1016.8427,0.67431575,-4.586,4.698666,24
2025-02-22,serik,4.786503,31.23371,0.0,1019.5408,0.7396806,-4.483782,4.5933323,24
2025-02-23,serik,4.0409255,32.37454,0.000852346317969932,1022.1179,0.46752167,-3.7242365,3.8246276,24
2025-02-24,serik,4.901642,38.012478,0.000861157957388059,1023.5386,0.2845497,-1.8142835,2.5534108,24
2025-02-25,serik,4.918915,67.171364,0.0012804493962903507,1021.2625,-0.5567811,-0.9922206,1.5201274,24
2025-02-26,serik,7.839193,69.87695,0.0008561510753679613,1018.12646,-0.010382335,-0.6812789,1.8217062,24
2025-02-27,serik,9.529897,73.62612,0.002611493812310073,1018.4113,-0.1474762,-0.6705087,1.7978705,24
2025-02-28,serik,10.629436,78.35076,1.1747804928745609,1014.6448,-0.6337293,-0.38276544,1.5982175,24
2025-03-01,serik,11.487915,73.57376,0.0,1014.5727,0.19749069,-0.7737414,2.002306,24
2025-03-02,serik,11.708862,78.27341,0.08963346471091427,1016.5474,-0.3970134,-0.31505203,1.5238951,24
2025-03-03,serik,12.714498,82.15211,1.9989013671875,1010.90643,-0.2602402,-0.5246129,1.3958646,24
2025-03-04,serik,13.181641,57.397854,0.0004351138045421976,1008.36566,-0.1104571,-2.8340538,2.8428402,24
2025-03-05,serik,14.655751,50.942352,0.003817677225015359,1012.1391,0.20734446,-2.7156591,2.825406,24
2025-03-06,serik,15.2196455,51.609943,0.0,1015.4616,0.0922273,-2.5260036,2.6846526,24
2025-03-07,serik,15.0104265,54.63399,0.0,1011.929,-0.55971146,-1.1234331,2.2143314,24
2025-03-08,serik,13.700032,67.247444,0.0025684157662908547,1006.386,-0.23613095,-0.5060373,1.8593906,24
2025-03-09,serik,12.860066,78.51276,0.01677651198406238,1007.8764,-0.54946136,-0.16335304,1.5763911,24
2025-03-10,serik,12.842773,78.21656,0.000852346317969932,1012.5223,-0.04666519,-0.133775,1.5382624,24
2025-03-11,serik,13.204885,77.16674,0.001719822364520951,1016.0603,0.044993084,-0.10772089,1.4929916,24
2025-03-12,serik,13.831512,73.99192,0.0008583068620282575,1015.67944,0.10502688,-0.70495605,1.5947152,24
2025-03-13,serik,15.238505,65.74417,0.000852346317969932,1012.6958,-0.23274677,-1.1528324,1.739254,24
2025-03-14,serik,17.227,61.549576,0.0012865057215094566,1012.65814,0.04320399,-1.0110741,1.9841075,24
2025-03-15,serik,17.84252,67.690575,0.0021521964299608953,1014.34564,-0.15524483,-0.6060261,1.7753726,24
2025-03-16,serik,17.813965,64.50117,0.00807046853879001,1012.583,-0.34954324,-0.37229028,1.613072,24
2025-03-17,serik,16.79487,65.04685,0.14188885688781738,1006.99585,-0.8670292,0.23926179,1.7269459,24
2025-03-18,serik,16.648722,60.317368,0.0028967851903871633,1002.94415,0.29945007,-0.70350766,2.1748574,24
2025-03-19,serik,12.072642,51.21843,1.0361671447753906,1005.1318,0.5418666,-4.4396386,4.6095057,24
2025-03-20,serik,8.93454,31.79664,0.0007003545761108398,1012.7893,1.4948052,-5.673186,6.0151577,24
2025-03-21,serik,10.749309,36.551712,0.0012874601793555485,1014.2827,1.3590755,-3.6370754,4.0847077,24
2025-03-22,serik,11.232127,51.304688,0.0013008348105358891,1015.9802,0.32016245,-0.76145935,2.4337122,24
2025-03-23,serik,11.550079,72.074615,0.017897038560477085,1020.23895,0.0062268577,-0.059790295,1.754745,24
2025-03-24,serik,14.358012,75.73785,0.1524984818388475,1022.23846,0.38495544,-0.12292131,1.4376951,24
2025-03-25,serik,17.122253,73.76353,0.027108192625746597,1018.7686,0.18222976,-0.020427704,1.2892781,24
2025-03-26,serik,17.789438,71.98988,0.000852346317969932,1011.6558,-0.036519367,-0.060696047,1.4152716,24
2025-03-27,serik,18.187662,68.27274,0.0004351138613856165,1006.4617,-0.07523862,-0.20558798,1.6767253,24
2025-03-28,serik,19.373037,60.216476,0.01660611087572761,1000.5715,-0.6174651,0.064474545,2.275409,24
2025-03-29,serik,16.694794,78.668465,2.6244249420415144,1001.6865,-2.193384,2.2629766,3.4542668,24
2025-03-30,serik,14.365875,76.58344,4.2797415517270565,1003.81256,-1.0482088,1.1340305,2.1450083,24
2025-03-31,serik,15.001842,68.97567,1.3430893886834383,1006.52704,-0.7134323,-0.49633536,1.3808098,24
2025-04-01,serik,13.744191,76.26259,13.328867964446545,1003.4632,-0.15083702,-1.7600417,2.1911397,24
2025-04-02,serik,13.990051,90.862366,34.77040212601423,1002.93964,-1.7088922,1.8084917,2.8973873,24
2025-04-03,serik,14.89566,78.124176,0.5056142690591514,1007.3581,-0.16251056,0.2611588,1.644421,24
2025-04-04,serik,13.615184,80.93665,2.4425745068583637,1007.78827,-0.6460635,0.14298248,1.5370821,24
2025-04-05,serik,13.711334,83.234245,7.284855470061302,1004.8337,-0.63368493,0.6520545,1.8105837,24
2025-04-06,serik,14.281423,81.04125,4.677605116739869,1005.2163,-1.4377346,0.9971736,2.1984396,24
2025-04-07,serik,14.258708,79.78244,1.8089890945702791,1007.77783,-0.78738594,0.892103,2.1604307,24
2025-04-08,serik,15.509349,74.69575,0.22205710411071777,1008.3416,0.11185328,-0.5520561,1.2650808,24
2025-04-09,serik,14.883067,76.83254,6.926330737769604,1004.11005,-0.36262384,-0.47598127,1.4057986,24
2025-04-10,serik,12.894734,44.901478,0.21326839913626827,1006.60284,2.6890233,-2.9612882,4.4646516,24
2025-04-11,serik,12.463674,42.920517,0.04395269206725061,1004.3491,1.2242655,-2.3715093,3.0920498,24
2025-04-12,serik,12.180115,46.542706,0.18982520850840956,1006.4472,1.047259,-1.4550718,3.1990454,24
2025-04-13,serik,13.78304,64.488014,0.4967033746652305,1008.6032,0.2623558,-0.67571324,2.0384586,24
2025-04-14,serik,13.814809,51.007202,0.0008583068620282575,1012.0803,0.16569392,-2.8928378,2.9996195,24
2025-04-15,serik,15.730031,43.604538,0.0008472074455312395,1013.1441,1.1130682,-2.7192037,3.1169853,24
2025-04-16,serik,17.614756,56.55786,0.0,1013.90326,-0.1314907,-0.9654579,2.2512424,24
2025-04-17,serik,17.03836,69.72094,0.0029980064937262796,1014.1546,-0.35679755,0.14581688,1.6572661,24
2025-04-18,serik,18.145987,72.23313,0.0008665026030030276,1009.96344,-0.12057432,0.118633665,1.4908627,24
2025-04-19,serik,17.700104,73.844475,0.0,1006.54205,-0.5553341,0.59665686,1.7173094,24
2025-04-20,serik,17.129578,75.79498,0.005277990567265078,1005.28253,-0.027158737,0.48397672,1.7119665,24
2025-04-21,serik,17.05129,78.73765,0.00213871226151241,1005.9876,0.05221812,0.4871796,1.6127381,24
2025-04-22,serik,18.391235,70.86671,0.0028342574296402745,1006.1513,0.40416336,-0.17180252,1.4758953,24
2025-04-23,serik,20.555746,64.138145,0.0012874597814516164,1002.2496,-0.029533386,-0.44482613,2.1281154,24
2025-04-24,serik,17.239237,80.90833,7.291107355740678,1001.0101,-1.7828013,1.3249612,2.8379695,24
2025-04-25,serik,16.425802,80.59758,5.82938501611352,1003.58795,-1.7611256,0.66105205,2.3346987,24
2025-04-26,serik,16.603128,77.084175,1.5213489532470703,1005.48315,0.033624012,0.40831515,1.6746901,24
2025-04-27,serik,16.879883,75.27502,0.007772458047838882,1007.9969,0.0059846244,0.09766988,1.7548609,24
2025-04-28,serik,18.506113,68.97816,0.269634707365185,1006.8494,0.05950864,-0.25249434,1.6976024,24
2025-04-29,serik,18.55072,67.38755,1.104078779462725,1004.9675,-0.48724046,-0.13437589,1.7867349,24
2025-04-30,serik,18.05427,74.64188,4.019618034362793,1003.1435,0.96855927,-0.5676417,1.9169102,24
2025-05-01,serik,15.589519,87.860146,38.76475617289543,1003.70996,-1.1877962,2.1637108,2.7260246,24
2025-05-02,serik,16.626211,71.51205,0.10545849727350287,1005.3985,0.19220798,-0.007927339,1.5378032,24
2025-05-03,serik,16.775625,76.408714,3.390103578567505,1006.32983,-0.09164175,-0.26510134,1.4952611,24
2025-05-04,serik,17.5755,76.66964,0.4507291014306247,1005.6709,-0.39017996,-0.085805535,1.7782489,24
2025-05-05,serik,18.376617,71.48484,0.0008523463748133508,1005.67706,0.11255264,0.05809029,2.0697007,24
2025-05-06,serik,18.724478,78.196335,0.0017290449250140227,1010.1611,-0.19651921,0.32544455,1.6554233,24
2025-05-07,serik,19.19631,77.731865,0.0008469099839203409,1011.59033,0.2579403,0.228302,1.6020151,24
2025-05-08,serik,19.91326,77.00715,0.015085940503922757,1008.87115,0.0839049,-0.09673444,1.5721132,24
2025-05-09,serik,21.13798,70.5924,0.0004351138045421976,1008.3138,0.18631935,-0.11251005,1.6497973,24
2025-05-10,serik,21.464731,72.016266,0.001618266082914488,1007.60846,-0.26452318,-0.17238915,1.5949678,24
2025-05-11,serik,21.315989,66.08024,0.0008583068620282575,1003.50226,-0.34365463,0.07511854,1.6728152,24
2025-05-12,serik,21.022705,69.06843,0.0021457663024193607,998.8349,-0.033878963,-0.34201622,1.7528499,24
2025-05-13,serik,20.957794,64.301025,0.06624460365856066,998.01483,0.35364342,-0.4552883,1.8917514,24
2025-05-14,serik,19.938791,66.57273,0.3635287284851074,1002.44244,-0.23363177,0.06601056,1.6378366,24
2025-05-15,serik,20.281647,63.407024,0.10342716541344998,1006.7163,0.17708652,0.06426009,2.1055036,24
2025-05-16,serik,19.367361,75.21793,0.3600597265176475,1010.22345,-0.023703257,0.54430085,1.7139949,24
2025-05-17,serik,20.802277,63.53088,0.0017166139514301904,1008.02167,0.09445,0.018974423,1.5287985,24
2025-05-18,serik,21.242727,63.94084,0.0012814989531761967,1008.7224,-0.025459925,0.12975185,1.5343189,24
2025-05-19,serik,22.199015,55.287464,0.0017285350395468413,1008.9338,0.51076776,-0.57382077,2.4011571,24
2025-05-20,serik,21.327005,65.63834,0.0017081086411963042,1007.23663,-0.057001114,0.58858037,1.8697385,24
2025-05-21,serik,22.789011,56.455975,0.002145116923202295,1007.73724,0.21085358,-0.43775907,2.0944035,24
2025-05-22,serik,23.986023,57.25575,0.0,1005.9476,0.054802578,-0.27835146,2.0603497,24
2025-05-23,serik,25.542664,48.80971,0.0,1002.78345,0.532821,-0.73271513,2.5221431,24
2025-05-24,serik,26.620535,45.999065,0.18148422532249242,1003.27423,1.357914,-1.7005266,2.882671,24
2025-05-25,serik,25.74759,57.557095,0.0008821516530588269,1003.7697,-0.29626974,0.25802743,1.964229,24
2025-05-26,serik,24.944418,62.286,0.018775463104248047,1000.9062,-0.5367896,0.65235454,2.2145402,24
2025-05-27,serik,23.823618,61.74985,0.0008612871056357108,999.66583,0.45037842,-0.056562424,2.242813,24
2025-05-28,serik,23.428568,57.565018,0.0,1001.72705,0.45789337,0.05653127,2.0966558,24
2025-05-29,serik,21.078339,71.45201,5.368828773498535,1001.8742,-0.49211755,-0.2692242,1.4237493,24
2025-05-30,serik,19.793875,77.04056,5.3831785917282104,1003.73975,-0.873841,0.5343483,1.6296868,24
2025-05-31,serik,19.114878,76.18875,5.304068326950073,1006.0388,-0.016710917,-0.16934021,1.7146592,24
2025-06-01,serik,20.235971,68.68659,0.03243138417019509,1007.303,0.098400116,0.23121886,1.8936228,24
2025-06-02,serik,21.857626,67.93778,0.27923285961151123,1009.3422,0.47634634,0.23443146,1.7621332,24
2025-06-03,serik,24.40159,57.127857,0.0008583068620282575,1008.36646,0.6874797,-1.8605394,2.2484014,24
2025-06-04,serik,26.493277,45.208878,0.0008583068620282575,1007.4537,0.70436543,-2.202891,2.6720855,24
2025-06-05,serik,26.041138,51.785908,0.0,1007.16455,-0.24551518,-0.2036295,2.0796711,24
2025-06-06,serik,26.40093,56.907887,0.0,1005.53827,-0.15376036,0.22538412,1.8545097,24
2025-06-07,serik,27.071054,59.307545,0.0004410743486005231,1004.2097,-0.21341579,0.3940238,1.8368841,24
2025-06-08,serik,27.395538,59.672592,0.0008583068620282575,1002.3942,-0.3184484,0.43597698,1.9932431,24
2025-06-09,serik,26.58847,60.08608,0.0008702277796146518,1002.23413,-0.3288981,0.5132964,1.8452202,24
2025-06-10,serik,26.724325,66.45987,0.000852346317969932,1001.1762,-0.21095149,0.6439559,1.922059,24
2025-06-11,serik,27.77712,57.644405,0.0,999.9589,-0.23523076,0.25583673,2.056302,24
2025-06-12,serik,27.784555,61.919613,0.0,1001.7856,-0.22220738,0.54385847,1.8718625,24
2025-06-13,serik,28.028177,64.30436,0.0008583068620282575,1002.4021,-0.18411572,0.6287347,1.8447369,24
2025-06-14,serik,27.906586,69.674675,0.0017225738702109084,1001.4995,0.12327512,0.73443156,1.6594626,24
2025-06-15,serik,27.80596,55.913006,0.0025667541194707155,1000.75946,0.51109886,-0.48146796,2.1184976,24
2025-06-16,serik,27.553885,44.523945,0.002158694769605063,1001.57306,0.5710335,-1.2255576,2.4199457,24
2025-06-17,serik,28.05601,37.439556,0.0,1003.2534,0.7643585,-1.8391949,2.5064595,24
2025-06-18,serik,28.15751,38.912235,0.0012853206499130465,1005.14594,0.045944214,-0.32067597,2.4425464,24
2025-06-19,serik,28.891977,42.206017,2.1391315385699272e-06,1004.1182,0.06929016,-0.414862,2.259185,24
2025-06-20,serik,29.144278,48.320576,0.0008463858875984442,1001.56525,0.0767568,0.338739,2.2323833,24
2025-06-21,serik,28.254883,58.511642,0.002562998815847095,1001.28156,-0.18343861,0.3801374,1.8837895,24
2025-06-22,serik,29.05544,48.96434,0.36078690936847124,1001.6885,0.51834995,-1.1553096,2.0403297,24
2025-06-23,serik,30.122396,34.768326,0.00043682769046426984,1002.0761,0.9987691,-1.6329136,2.6735642,24
2025-06-24,serik,29.491465,34.83452,0.0012837981557822786,1002.0083,0.17223613,-0.58008665,2.5508697,24
2025-06-25,serik,30.152578,42.326355,0.0008523463748133508,1000.6086,-0.020975113,-0.079405464,2.1566455,24
2025-06-26,serik,31.039083,41.464077,0.0,999.3958,-0.21916644,0.032046635,2.3141692,24
2025-06-27,serik,32.431744,37.361774,0.0,998.95557,-0.1846466,-0.8446954,2.4016411,24
2025-06-28,serik,32.016987,41.335506,0.0012878535926574841,995.3516,-0.31581306,-0.30454066,2.382138,24
2025-06-29,serik,31.437887,33.278805,0.0003918567017535679,994.3935,0.20687866,-3.5384138,3.664318,24
2025-06-30,serik,30.010641,30.39731,0.0004261731874066754,999.03107,0.9897887,-1.8451437,3.228344,24
2025-07-01,serik,29.91802,41.850197,0.0,999.0131,0.0643849,-0.22944777,2.3416703,24
2025-07-02,serik,31.396576,39.55813,0.000852346317969932,999.17206,0.7694405,-1.7787191,2.4869964,24
2025-07-03,serik,31.042063,22.816916,0.0004351138045421976,1001.87115,1.1691407,-3.305711,3.548745,24
2025-07-04,serik,30.48356,24.582323,0.000852346317969932,1003.4678,1.0951647,-3.1951058,3.4055493,24
2025-07-05,serik,29.23298,37.25303,0.0004351138613856165,1004.1579,-0.14561081,-0.17271979,2.427522,24
2025-07-06,serik,29.649527,45.785046,0.0004351138045421976,1002.9722,0.008353551,0.46351615,2.2466378,24
2025-07-07,serik,30.945017,41.836132,0.0,999.4179,0.18975766,0.33960235,2.3207037,24
2025-07-08,serik,29.381765,54.09511,0.0,998.0891,-0.4305903,1.0262288,2.0349715,24
2025-07-09,serik,29.089813,67.67938,0.003426653620408615,997.9184,-0.17442639,1.1350409,1.8101863,24
2025-07-10,serik,28.88556,66.743034,0.0004330853471401497,997.31915,-0.22810745,1.1366006,1.8660587,24
2025-07-11,serik,27.82248,66.096245,0.004369020416561398,999.37256,-0.07171313,1.0322747,1.787409,24
2025-07-12,serik,27.890137,67.00913,0.000852346317969932,1001.88324,0.10509237,1.087625,1.7935375,24
2025-07-13,serik,28.297613,68.79504,0.0012934200981362665,1002.6872,0.01668485,1.1017615,1.7731862,24
2025-07-14,serik,28.687601,70.66648,2.3841835172788706e-05,999.88727,-0.038426716,1.4086547,1.9455076,24
2025-07-15,serik,28.329477,77.0088,0.021690129869966768,996.1235,-0.09970474,1.692815,1.8100933,24
2025-07-16,serik,29.240347,73.44405,0.06881724220875185,997.0996,0.26769128,1.2786411,1.7058778,24
2025-07-17,serik,29.866343,71.06164,0.07157996151363477,1001.1032,0.46210673,1.3735706,1.648575,24
2025-07-18,serik,29.035736,72.7024,0.1402305206283927,1002.5327,0.5657584,1.105643,1.6345786,24
2025-07-19,serik,29.934427,70.15679,0.007090062808856601,1000.258,0.28919348,1.1209416,1.5620317,24
2025-07-20,serik,30.904734,61.30749,0.0028848648980783764,997.3823,0.13424683,0.3990353,1.9948186,24
2025-07-21,serik,31.186636,60.46834,0.0,997.959,0.111001335,0.3672888,2.0971541,24
2025-07-22,serik,31.550406,54.20158,0.0,999.9788,0.08048185,0.39030373,2.1059446,24
2025-07-23,serik,32.631092,47.788746,0.0012847312973462977,998.25714,0.26976457,0.132333,2.2725046,24
2025-07-24,serik,34.134247,39.56809,0.0012814989531761967,995.1711,0.5012805,-0.73142457,1.8551863,24
2025-07-25,serik,35.497223,26.520815,0.0,994.76215,0.34201875,-3.3065841,3.459779,24
2025-07-26,serik,35.724243,25.205633,0.0,994.4492,0.5145912,-1.6986504,2.7172139,24
2025-07-27,serik,32.84734,43.99383,0.0,994.80255,-0.43091965,0.69520825,2.2492306,24
2025-07-28,serik,30.97348,60.599472,0.0,995.38873,-0.31192526,1.3078986,1.7454535,24
2025-07-29,serik,30.058573,64.26804,0.0,997.28265,0.0019016266,1.3180376,1.590994,24
2025-07-30,serik,29.0569,68.41915,0.0012516975402832031,1000.0253,0.038337708,1.3075384,1.6996279,24
2025-07-31,serik,28.734512,69.22361,0.0019192693798686378,998.92084,0.08538818,1.3820146,1.7430462,24
2025-08-01,serik,28.752527,70.44488,0.0,995.8406,-0.2013747,1.3551341,1.7584568,24
2025-08-02,serik,28.804413,73.68839,0.20886957349830482,998.0317,-0.3432865,1.6996561,1.8852658,24
2025-08-03,serik,28.342072,68.84739,0.08166685438482091,1001.9216,0.10331599,0.921601,1.5858368,24
2025-08-04,serik,28.984854,68.50013,0.15809282922418788,1003.27985,0.28449312,1.1282331,1.8538483,24
2025-08-05,serik,29.90032,69.24802,0.0021576879589702003,1002.21484,0.1689504,1.1131934,1.8059856,24
2025-08-06,serik,30.810516,67.72655,0.0012736212511299527,1000.05975,-0.17849159,1.2926525,1.8953117,24
2025-08-07,serik,30.04483,68.60331,0.00043511374769877875,999.21185,-0.15102513,1.2421826,1.7693957,24
2025-08-08,serik,32.43162,58.813587,0.0,999.6753,-0.011019389,0.6697678,1.5184909,24
2025-08-09,serik,35.80545,33.297695,0.0012874597814516164,1001.087,0.7798354,-1.8218113,2.621351,24
2025-08-10,serik,35.027782,36.364826,0.0008583068620282575,1001.4333,-0.1551876,-0.30035898,2.527992,24
2025-08-11,serik,32.61977,49.53088,0.0,1000.7898,-0.11602274,0.5311701,1.969355,24
2025-08-12,serik,32.83852,44.877346,0.0004261731874066754,1001.57837,-0.034435272,0.26952696,1.9008924,24
2025-08-13,serik,33.049763,37.55133,0.0008510056659360998,1002.5898,-0.17712212,-0.061851222,2.006132,24
2025-08-14,serik,32.21065,42.865524,0.0004261731874066754,1002.0991,-0.4893608,0.30005428,2.0535755,24
2025-08-15,serik,30.358185,51.627014,0.002573769961600192,999.55023,-0.4222819,0.56382847,1.9769317,24
2025-08-16,serik,28.704813,68.5606,0.15263674686138984,998.16595,-0.50093204,1.211454,1.8536345,24
2025-08-17,serik,29.024881,67.84358,0.001862645149230957,999.2627,-0.36260605,1.4037186,1.8575343,24
2025-08-18,serik,27.977976,65.24502,0.0011862944120366592,1001.3243,-0.07770729,0.6443431,1.4550229,24
2025-08-19,serik,29.19223,60.588444,0.000852346317969932,999.4589,0.16987546,0.76070684,1.7632145,24
2025-08-20,serik,29.613668,63.720562,0.000852346317969932,997.2923,0.06047948,0.79590625,1.8604451,24
2025-08-21,serik,30.526001,53.235123,0.002571718141552992,999.2295,0.19967842,-0.13070488,2.4394338,24
2025-08-22,serik,30.583761,53.524853,0.0,1000.3445,0.2019469,0.26599964,1.9896191,24
2025-08-23,serik,29.984262,56.540386,0.0008583068620282575,998.7534,-0.2477277,0.45304617,1.9813696,24
2025-08-24,serik,28.646982,65.7179,0.0,997.7466,-0.24032784,0.5879893,1.9767135,24
2025-08-25,serik,30.968262,48.99853,0.0,999.14233,0.59244853,-0.40406036,2.6154568,24
2025-08-26,serik,30.16513,59.175232,0.000852346317969932,1000.0737,-0.11956533,0.40010992,1.9129931,24
2025-08-27,serik,30.107412,57.755936,0.011712312698364258,1000.8671,0.070428215,0.45953813,1.9068866,24
2025-08-28,serik,29.455801,54.991665,0.0008583068620282575,1001.6152,-0.20293935,0.5145013,2.076495,24
2025-08-29,serik,28.357279,69.54421,0.001940898016528081,1002.8911,-0.3131237,1.3014508,1.9412909,24
2025-08-30,serik,27.697184,73.21395,0.011236322279728483,1004.68677,0.10400581,0.9780266,1.4689115,24
2025-08-31,serik,28.66039,68.15295,0.002796468834276311,1003.85156,0.15525372,0.62299687,1.4729437,24
2025-09-01,serik,28.820505,68.68827,0.0004405845288601995,1000.7705,-0.06904856,0.7310807,1.591745,24
2025-09-02,serik,28.577627,70.62966,0.0008515731337865873,997.413,-0.031259537,0.8403806,1.6738592,24
2025-09-03,serik,29.97759,58.94667,0.0025421381906198803,996.89844,0.29572788,0.15904415,2.21122,24
2025-09-04,serik,29.240519,55.992615,0.0008583068620282575,998.5788,-0.4440886,0.34605703,2.2122357,24
2025-09-05,serik,28.367706,69.87239,0.044286251068115234,1002.1824,-0.09402975,1.0119969,1.816205,24
2025-09-06,serik,27.16213,69.60324,0.1702249064692296,1004.2212,-0.19678497,0.73798275,1.5362624,24
2025-09-07,serik,26.878042,65.45218,0.07333755638683215,1002.51996,0.23904483,0.5988497,1.6972774,24
2025-09-08,serik,27.360077,60.216084,0.13953745656181127,1001.1743,0.35984865,0.3113939,1.6497766,24
2025-09-09,serik,27.151602,56.9334,0.0024855135052348487,1003.1845,0.39404616,-0.10384687,2.1884422,24
2025-09-10,serik,28.322327,51.4485,0.0008583068051848386,1005.4233,0.40126547,-0.5445296,2.294953,24
2025-09-11,serik,29.289713,45.53419,0.0,1004.29803,0.45170975,-1.2018744,2.3608167,24
2025-09-12,serik,28.310282,51.916775,0.000852346317969932,1004.59344,-0.43649992,0.111576594,2.1868258,24
2025-09-13,serik,28.556,58.934566,0.000852346317969932,1005.01056,0.12156614,0.28702608,1.8057998,24
2025-09-14,serik,28.660318,56.47478,0.0004410743486005231,1005.03,-0.07383919,0.23075931,2.056187,24
2025-09-15,serik,28.167898,60.134842,0.002570709511928726,1004.64185,0.34354782,0.2365462,1.8085839,24
2025-09-16,serik,27.90322,61.367756,0.0,1003.72296,-0.19385083,0.23651071,1.9688903,24
2025-09-17,serik,28.369944,57.915222,0.000852346317969932,1003.0616,-0.17267609,-0.02657032,2.0955112,24
2025-09-18,serik,28.862488,49.42323,0.0,1002.2453,0.96319896,-2.205598,2.685835,24
2025-09-19,serik,26.140076,25.048758,0.0004261731874066754,1007.92426,0.8958486,-4.4437623,4.563352,24
2025-09-20,serik,26.538025,30.460955,0.0012874597814516164,1008.7131,0.8589325,-2.0560923,2.6318789,24
2025-09-21,serik,27.253183,36.507328,0.0004410746328176174,1006.99146,0.18983586,-0.992482,2.3328855,24
2025-09-22,serik,25.983347,42.578827,0.0017046922948793508,1007.3728,-0.18537839,-0.5124385,2.2097864,24
2025-09-23,serik,24.95459,55.791515,0.0,1008.3483,0.08493042,-0.049352247,1.7527245,24
2025-09-24,serik,25.138763,53.37981,0.0,1006.1892,0.33667055,-0.23364528,1.9812695,24
2025-09-25,serik,26.46225,49.206257,0.0,1002.83105,0.22562535,-0.2743552,2.357866,24
2025-09-26,serik,26.737478,46.25124,0.0008583068620282575,1003.92474,-0.23720486,-0.32560107,2.3114574,24
2025-09-27,serik,25.655985,57.635788,0.004112720489501953,1005.97925,-0.53352356,0.27322212,2.0453138,24
2025-09-28,serik,24.287455,71.638596,0.23380518541671336,1007.1153,-0.8603986,0.87523454,2.1332564,24
2025-09-29,serik,24.024445,71.11022,2.072437811875716,1007.2163,-0.89772797,0.5585857,1.8323807,24
2025-09-30,serik,25.86676,53.35433,0.42069256596732885,1005.2131,0.7865346,-1.4584979,2.2213411,24
2025-10-01,serik,24.584402,41.546406,0.0,1005.20166,0.57315636,-1.1508973,2.4909918,24
2025-10-02,serik,22.879232,58.138607,0.0057458873925497755,1004.7176,-0.55580205,0.024434209,1.9832916,24
2025-10-03,serik,22.840546,72.53703,3.621447127443389,1005.7195,-1.262483,1.717261,2.5131257,24
2025-10-04,serik,22.425863,74.74515,4.03651874512434,1009.52954,-0.9356987,1.5762504,2.0334413,24
2025-10-05,serik,21.890533,60.96076,0.0012962613027411862,1009.85846,0.21629398,-0.3824698,1.797193,24
2025-10-06,serik,21.292765,62.929127,0.004851817720918916,1007.08307,-0.315914,0.07495435,1.700388,24
2025-10-07,serik,19.603973,85.815346,36.021649839312886,1005.10913,-1.9070725,2.5290565,3.586809,24
2025-10-08,serik,18.622396,82.62081,17.477390356361866,1003.5695,-1.6298637,3.3189764,3.8816645,24
2025-10-09,serik,17.851074,72.67268,7.589586544781923,1009.1451,-0.14367612,-0.36009297,1.6064724,24
2025-10-10,serik,19.967642,58.23813,0.0,1013.1897,0.96127576,-1.4562211,2.4317296,24
2025-10-11,serik,19.377298,64.46495,0.0004351138045421976,1009.9463,0.06975496,-0.7747013,1.8232366,24
2025-10-12,serik,19.817892,42.9725,0.0008661395440867636,1008.26056,1.5647774,-4.140047,4.53295,24
2025-10-13,serik,18.764322,48.557858,0.00042416900214448106,1010.8467,0.5684865,-1.5329595,2.304859,24
2025-10-14,serik,17.809916,69.14742,0.0012889495337731205,1011.2414,0.022387942,-0.5537119,1.5473675,24
2025-10-15,serik,18.600525,69.99924,0.0,1010.4861,-0.008935928,-0.38022423,1.5003939,24
2025-10-16,serik,19.14144,68.50373,0.0017195934560731985,1010.4913,0.12417793,-0.55476606,1.5154978,24
2025-10-17,serik,19.182465,69.612686,0.0008583068620282575,1012.65045,0.09847323,-0.5572166,1.6811546,24
2025-10-18,serik,18.97515,72.92747,0.003355741455379757,1013.31464,-0.20844205,-0.39722964,1.5709583,24
2025-10-19,serik,19.94509,72.0315,0.0,1010.90356,0.1046079,-0.5210672,1.6502615,24
2025-10-20,serik,20.375559,67.18809,0.5753815057687461,1008.5621,0.6125609,-1.2288622,1.8790807,24
2025-10-21,serik,20.35032,72.59262,0.21016597747802734,1008.5749,0.4555677,-0.6784499,1.3453952,24
2025-10-22,serik,20.485779,73.05886,0.0009515774763713125,1010.54266,-0.41397157,-0.2975779,1.5840873,24
2025-10-23,serik,20.240213,71.510056,0.02301899075973779,1010.45245,0.42476463,-1.116792,1.5625639,24
2025-10-24,serik,20.423716,73.8932,0.0513732447871007,1008.95575,0.028371176,-0.40812135,1.4029416,24
2025-10-25,serik,20.903616,78.2714,0.6362199783325195,1008.69806,-0.67441875,0.12736066,1.292225,24
2025-10-26,serik,21.45582,74.94735,0.014662765352113638,1008.20026,0.1191419,-0.12146759,1.3258706,24
2025-10-27,serik,20.856293,72.17083,0.02974569724756293,1009.242,-0.24666516,0.19832747,1.30923,24
2025-10-28,serik,20.114542,81.74146,3.867924213409424,1009.5279,-0.96492606,1.2272329,1.9327302,24
2025-10-29,serik,21.628998,61.186172,0.6429731838579755,1010.46564,1.0114046,-2.0639486,2.6870852,24
2025-10-30,serik,19.806366,47.270786,0.0004351138045421976,1012.9707,0.07708677,-1.3637333,2.0526464,24
2025-10-31,serik,18.506226,60.09349,0.0,1013.22974,0.19343121,-0.99095136,1.7229357,24
2025-11-01,serik,18.886435,65.50884,0.000852346317969932,1012.5364,-0.26613107,-0.5215606,1.5790386,24
2025-11-02,serik,20.057425,59.410152,0.0004351138045421976,1012.4632,-0.22917621,-0.712101,1.4580363,24
2025-11-03,serik,18.888498,59.580006,0.0,1013.08356,-0.49201584,-1.3283962,1.6021776,24
2025-11-04,serik,19.689148,52.654434,0.0,1012.31854,-0.18832843,-1.3621143,1.7907811,24
2025-11-05,serik,20.096384,56.969257,0.06358027599162597,1010.1221,0.04928525,-1.4310948,1.8670807,24
2025-11-06,serik,21.90624,54.621204,1.894089647976216,1006.25397,0.4704857,-1.8759521,2.367713,24
2025-11-07,serik,18.585052,81.82885,5.189821124076843,1009.53876,-0.64676094,-0.45897102,1.4151853,24
2025-11-08,serik,18.386932,74.1572,0.043195485886826646,1013.4516,0.1572202,-0.9492143,1.4434236,24
2025-11-09,serik,17.970276,71.16398,0.0008612762485427083,1014.79297,0.28943253,-1.0389386,1.666655,24
2025-11-10,serik,17.465311,70.12997,0.0,1012.77216,-0.119968414,-1.420508,1.56955,24
2025-11-11,serik,17.44863,71.39397,0.0073552123467379715,1009.6162,-0.23322742,-0.59939134,1.6632394,24
2025-11-12,serik,17.800486,76.30884,1.1229575138713699,1011.5058,-0.009649277,-0.61943024,1.1749808,24
2025-11-13,serik,17.65335,67.81313,0.0,1010.7954,0.36257616,-1.2516209,1.6420077,24
2025-11-14,serik,17.697256,47.827606,0.001720833097351715,1008.789,1.7284864,-3.6362276,4.0841813,24
2025-11-15,serik,16.383371,38.73581,0.0,1008.6772,1.5389347,-3.8477564,4.19056,24
2025-11-16,serik,15.664744,52.851536,0.0012785195053766074,1013.18896,-0.22890727,-1.1396948,1.9069223,24
2025-11-17,serik,15.261027,70.37885,0.0011205672763026087,1019.0871,-0.23929362,-0.8965397,1.6820382,24
2025-11-18,serik,16.19935,72.944855,0.002944097104773391,1019.33636,0.0981369,-1.0833329,1.5819656,24
2025-11-19,serik,16.246286,67.59115,0.0,1016.7815,-0.17533112,-1.2962772,1.61684,24
2025-11-20,serik,17.099365,63.39266,0.0017106532368416083,1016.136,-0.1593895,-1.2553071,1.7920867,24
2025-11-21,serik,18.193918,57.509823,0.0017066367377083225,1016.2945,-0.057174444,-1.6694411,1.9012855,24
2025-11-22,serik,19.044128,54.86409,0.0008463859444418631,1015.7195,-0.05908203,-1.2400336,1.8036562,24
2025-11-23,serik,19.17275,54.34949,0.0,1012.6767,-0.1582133,-1.1531951,1.7125412,24
2025-11-24,serik,16.959778,69.19764,6.820857524871826,1010.5242,1.1960062,-1.7906386,2.3923419,24
2025-11-25,serik,17.878204,61.36485,1.338535570539534,1010.8142,0.52401286,-0.99494976,2.0170853,24
2025-11-26,serik,15.811168,83.3423,7.722228765487671,1014.40106,-0.35573897,-0.6517311,1.1171501,24
2025-11-27,serik,16.132263,84.82839,10.212850756943226,1014.8132,-0.7712326,-0.9362964,1.5448343,24
2025-11-28,serik,16.552063,71.03562,0.022558122964255745,1014.25714,-0.16323407,-1.5350202,1.6283339,24
2025-11-29,serik,15.893992,74.9893,26.87090076506138,1009.3431,-0.89282227,0.31430697,2.6445563,24
2025-11-30,serik,14.865428,85.79001,6.062699481844902,1007.49194,-0.6711955,0.16482861,1.3442577,24
2025-12-01,serik,13.503774,73.387085,0.0034421682357788086,1012.14777,0.19757874,-1.127877,1.6345615,24
2025-12-02,serik,14.017578,62.88799,0.000852346317969932,1014.2094,0.24130185,-1.3775355,1.8892294,24
2025-12-03,serik,12.905171,71.360275,0.000852346317969932,1015.42944,-0.27444077,-1.5453562,1.643711,24
2025-12-04,serik,14.210266,73.327576,0.0,1013.1997,-0.07918334,-1.641819,1.793757,24
2025-12-05,serik,14.585856,77.63866,21.834909915924072,1007.5381,-1.1812154,-0.28942767,2.8714266,24
2025-12-06,serik,14.154704,91.42211,52.29003727436066,1005.1594,-1.3803734,0.20693843,1.7050945,24
2025-12-07,serik,13.0521345,90.21281,6.638216786086559,1003.3986,-1.7013611,0.009365082,1.9025806,24
2025-12-08,serik,13.469432,77.897606,0.022292137145996094,1006.5259,0.020371119,-1.2291387,1.5998825,24
2025-12-09,serik,14.186981,63.82965,0.0,1008.177,0.69466144,-2.8856828,3.0041873,24
2025-12-10,serik,14.185211,65.04128,0.000852346317969932,1009.58417,1.0593859,-2.470084,2.8922148,24
2025-12-11,serik,14.265442,59.241123,0.0,1009.17596,0.64476395,-2.97201,3.0978992,24
2025-12-12,serik,12.811482,60.582058,0.0004351138045421976,1011.38983,0.22119713,-1.6429391,2.093444,24
2025-12-13,serik,12.627461,65.472336,0.0008553266184208042,1013.242,0.09088989,-2.4426215,2.5271664,24
2025-12-14,serik,12.1814375,64.78035,0.0016984940884867683,1014.64154,-0.34174728,-1.5881525,1.8909434,24
2025-12-15,serik,12.675191,58.103592,0.0017308730093645863,1012.78815,0.6169656,-3.176429,3.32201,24
2025-12-16,serik,12.256989,50.20637,0.0004349267328507267,1014.4472,0.8086999,-3.6599522,3.7609856,24
2025-12-17,serik,11.283681,52.17159,0.0004351138045421976,1018.4478,0.36220232,-3.2369251,3.3082616,24
2025-12-18,serik,11.317322,57.60751,0.0012875389074906707,1021.08154,-0.16831641,-1.409675,1.8450071,24
2025-12-19,serik,10.861145,68.55857,0.002157114693090989,1018.3868,-0.2140749,-1.1061903,1.6583854,24
2025-12-20,serik,11.013072,72.2355,0.010836123692570254,1013.2664,-0.34945273,-1.0809311,1.4920143,24
2025-12-21,serik,12.516734,79.635704,2.9143481515347958,1010.31323,0.55975276,-1.7250654,1.9685345,24
2025-12-22,serik,12.902791,81.732155,9.07579343765974,1009.6277,-0.38060126,-1.5419954,1.7319456,24
2025-12-23,serik,13.096782,81.64592,10.638648644089699,1010.31006,0.17893028,-1.5852329,1.6349994,24
2025-12-24,serik,13.316315,84.20388,8.32599401473999,1014.7359,-0.440349,-1.253573,1.3771085,24
2025-12-25,serik,13.092814,85.065605,9.53394453972578,1014.6502,-0.21777193,-0.9983255,1.289333,24
2025-12-26,serik,12.027263,72.40365,0.0012907199220535404,1010.43115,0.6393093,-2.280667,2.5287092,24
2025-12-27,serik,10.911591,52.94578,0.0021378025962803804,1005.35034,1.9505011,-4.3903413,4.8294487,24
2025-12-28,serik,8.3124895,48.18761,0.0012897817214252427,1003.95264,0.62637395,-2.6342487,3.262728,24
2025-12-29,serik,8.566956,45.715347,0.0008434050755568023,1006.887,1.9728584,-3.9120407,4.4297442,24
2025-12-30,serik,8.612569,61.37974,6.927579641342163,1011.572,-0.9376475,-0.9144694,2.169196,24
2025-12-31,serik,11.362274,85.777916,14.197742566466331,1000.4017,-0.6980851,-0.43594232,1.2628338,24
2024-01-01,trafik,10.5016985,88.20452,9.60694533023343,988.9211,0.2685299,-0.72505313,1.217491,24
2024-01-02,trafik,11.93456,90.94742,14.874780550599098,987.07324,-0.037412643,-0.9590575,1.3895258,24
2024-01-03,trafik,11.953247,86.60386,4.264819668605924,985.6712,-0.010400136,-0.5320483,1.4618391,24
2024-01-04,trafik,12.181935,91.34171,6.976231932640076,983.5704,-0.23557663,-0.6784943,1.0438713,24
2024-01-05,trafik,13.461049,78.58221,0.9480565786361694,984.6585,0.6785609,-1.343564,1.6229781,24
2024-01-06,trafik,10.816854,73.288704,1.154828118160367,989.935,0.31451043,-0.14007986,1.6343317,24
2024-01-07,trafik,13.608734,93.44517,18.8552625477314,983.1302,-1.3910446,4.1809034,4.4214177,24
2024-01-08,trafik,13.241496,88.9461,4.403585102409124,981.1775,-0.5859725,0.95749384,1.2906947,24
2024-01-09,trafik,11.229675,94.14459,28.749307617545128,979.9234,-0.73378307,0.37419987,1.1276529,24
2024-01-10,trafik,10.78127,76.08138,3.828129032626748,980.03766,0.6060168,-1.835895,1.9782047,24
2024-01-11,trafik,10.655243,63.832943,0.02471497282385826,982.22284,0.8972111,-1.2463868,1.9696056,24
2024-01-12,trafik,9.230072,74.420944,0.6532669067382812,978.1154,0.36840692,-1.0382087,1.4010941,24
2024-01-13,trafik,7.770355,54.751514,0.0,978.0615,1.3637136,-3.2096665,3.5288696,24
2024-01-14,trafik,7.894348,59.118652,0.14813244342803955,981.8896,0.34696516,-1.1840935,1.9045647,24
2024-01-15,trafik,8.204488,81.235344,1.3804882764816284,985.39404,0.071591735,-0.20094554,1.2565738,24
2024-01-16,trafik,11.176015,93.21972,11.210739612579346,982.9304,-0.03542034,0.9598186,1.4716474,24
2024-01-17,trafik,11.613678,83.069244,4.642444895580411,985.6893,0.6040594,-0.6771584,1.3924142,24
2024-01-18,trafik,10.869487,91.06316,5.451613571494818,988.6386,0.010998408,-0.03613214,1.2231083,24
2024-01-19,trafik,12.87735,90.722206,6.201386451721191,986.14966,-0.21542652,0.7613945,1.3340864,24
2024-01-20,trafik,12.355021,96.0982,6.849050521850586,986.7757,-0.65938336,0.099129796,1.0663557,24
2024-01-21,trafik,11.996806,94.485535,26.40935778617859,984.7869,-0.7087922,-0.31598237,1.5501548,24
2024-01-22,trafik,10.441426,62.55789,0.5883299163542688,985.142,1.6113886,-3.6198235,3.9997962,24
2024-01-23,trafik,10.157745,58.554607,0.0008512055273968144,984.7901,0.9339166,-1.9753596,2.3301804,24
2024-01-24,trafik,9.262044,62.04802,0.0002086162567138672,984.9793,1.068178,-1.5641569,2.033912,24
2024-01-25,trafik,8.704091,66.32893,0.0038325788409565575,984.3433,0.57771367,-0.7856083,1.4983786,24
2024-01-26,trafik,9.238251,57.510494,2.9131770597814466,981.9996,1.7694575,-3.1479218,3.6398008,24
2024-01-27,trafik,8.762279,49.877346,0.00032782554626464844,985.99335,1.3599879,-2.78621,3.1936913,24
2024-01-28,trafik,7.81015,52.99364,0.14114678197074682,987.6919,0.8469251,-2.793209,2.9954221,24
2024-01-29,trafik,6.860006,45.433414,0.04065930988872424,988.67426,1.3409306,-3.6927145,4.0484724,24
2024-01-30,trafik,7.227773,50.834656,1.4608769633923657,986.24976,1.4861393,-3.5355809,3.9833038,24
2024-01-31,trafik,8.200389,55.113056,0.4134207993047312,987.413,0.9368267,-2.6701775,2.9599142,24
2024-02-01,trafik,9.311046,59.63098,0.0017317988749709912,987.7022,0.8601198,-1.2989175,2.019032,24
2024-02-02,trafik,8.524709,71.34052,0.01575350688653998,985.27264,0.49610874,-0.66087335,1.6615101,24
2024-02-03,trafik,8.402242,74.15928,0.6813718391640577,986.6569,0.3540999,-1.0117506,1.4149971,24
2024-02-04,trafik,8.061931,75.775734,0.045612454414367676,987.9311,0.27419493,-0.3952287,1.5858793,24
2024-02-05,trafik,10.091115,64.59263,0.003772973286686465,988.1237,1.477713,-1.6925831,2.430094,24
2024-02-06,trafik,11.535756,69.15185,0.0008553266184208042,990.7546,0.77434605,-0.31942645,1.5898385,24
2024-02-07,trafik,9.616313,85.69866,3.3361255191266537,990.65094,-0.059762318,0.1481477,1.5185534,24
2024-02-08,trafik,11.5884905,91.835175,11.153912171721458,987.93555,-0.8454316,1.0808454,1.4342445,24
2024-02-09,trafik,10.455322,94.393616,16.9398607686162,985.0552,-0.44409943,-0.23053288,0.82336956,24
2024-02-10,trafik,9.785278,84.09715,0.2903282584156841,988.26556,-0.06308937,-0.15625656,1.4949636,24
2024-02-11,trafik,10.796336,87.89172,1.4742016792297363,990.7653,-0.69429773,0.109312296,1.2839371,24
2024-02-12,trafik,12.457784,89.57609,16.994807869195938,985.552,-1.3874143,2.1425023,2.5992851,24
2024-02-13,trafik,11.352264,95.04972,49.28526654839516,978.0783,-0.7090664,0.8068297,2.078872,24
2024-02-14,trafik,9.647522,85.88263,8.736914023756981,975.0451,0.309599,-2.2588837,2.319896,24
2024-02-15,trafik,9.479797,84.455894,4.191250540316105,978.58075,0.23575692,-1.3316377,1.7373981,24
2024-02-16,trafik,11.295634,73.605446,0.04419684410095215,981.40643,0.86861753,-0.55157155,1.6452755,24
2024-02-17,trafik,11.302501,70.16944,0.12878775305580348,985.4046,0.8149732,-0.6690912,1.689804,24
2024-02-18,trafik,11.181885,62.85497,0.0,987.75195,1.031356,-2.009854,2.3392394,24
2024-02-19,trafik,11.059509,56.56949,0.0017232223399332725,986.85944,1.005289,-1.5930232,2.2208688,24
2024-02-20,trafik,9.628306,69.47751,0.23277041327673942,987.45795,0.28131357,-0.38941833,1.6086941,24
2024-02-21,trafik,9.598378,79.01607,0.8357507031178102,988.8633,0.06328201,-0.28285602,1.5370432,24
2024-02-22,trafik,10.204762,78.63694,0.24439692788291723,988.8615,0.12543361,-0.32449242,1.2959198,24
2024-02-23,trafik,10.833058,74.58733,0.008457898729830049,988.88727,0.5109997,-0.23745425,1.4300323,24
2024-02-24,trafik,11.813263,73.017746,0.2301195281688706,989.39136,0.92120236,-0.34884867,1.4451648,24
2024-02-25,trafik,12.780772,69.87838,0.0008675618801134988,987.5747,0.8514528,-0.2521228,1.8125376,24
2024-02-26,trafik,10.21814,90.26479,8.060638792471764,983.48834,0.4120407,-0.5337275,1.0084358,24
2024-02-27,trafik,12.207225,75.93518,0.2330094575881958,985.2483,0.40809682,-0.22280121,1.389386,24
2024-02-28,trafik,12.069519,76.1872,0.0,990.31226,0.24926181,-0.018388748,1.2231795,24
2024-02-29,trafik,12.478851,74.38134,0.0,991.09937,0.53782654,-0.08828481,1.652078,24
2024-03-01,trafik,11.419169,64.81044,0.000852346317969932,986.584,0.45940208,0.039215088,1.6603986,24
2024-03-02,trafik,11.724233,66.96497,2.137863729046785,981.2903,0.21202342,-0.035404563,1.654479,24
2024-03-03,trafik,11.778035,75.93573,0.0342807197739603,981.2946,0.5828813,-0.25907466,1.605197,24
2024-03-04,trafik,11.770762,76.4271,0.34396053342788946,982.97943,0.13032658,-0.1365668,1.4309121,24
2024-03-05,trafik,11.513153,92.29844,19.175540655851364,981.0681,-0.4946308,1.3560576,2.2043207,24
2024-03-06,trafik,11.882324,74.20823,5.57653745636344,979.1765,0.68768376,-0.7896492,1.3647647,24
2024-03-07,trafik,11.879537,62.989277,0.018286704289494082,982.9451,0.9017512,-0.58931744,1.9238148,24
2024-03-08,trafik,9.87853,85.336174,9.463789872825146,982.8965,0.17191951,-0.63186437,1.4795915,24
2024-03-09,trafik,10.4470415,64.420746,0.0007897615432739258,982.99603,0.80892056,-1.8198019,2.1544282,24
2024-03-10,trafik,11.632365,50.082554,0.0008523463748133508,985.1186,0.96958035,-1.795056,2.4246945,24
2024-03-11,trafik,10.687907,66.52799,0.0010311603091395227,990.5877,0.21322735,0.06472846,1.6909086,24
2024-03-12,trafik,10.5026655,81.2317,0.17401627201252268,989.15265,-0.22762425,0.48330057,1.7015322,24
2024-03-13,trafik,11.353516,83.84387,6.182953715324402,983.1679,-0.35922655,0.41519737,1.5003217,24
2024-03-14,trafik,10.430298,79.64254,3.0377835500985384,982.18976,0.7584179,-0.25984737,1.6854358,24
2024-03-15,trafik,11.886556,72.4802,0.8789651328697801,982.5616,0.57377476,-0.2385391,1.3508631,24
2024-03-16,trafik,11.546489,71.65654,0.12037588749080896,984.8129,0.32904193,-0.43457922,1.5740029,24
2024-03-17,trafik,10.873057,73.08086,0.09086728096008301,984.09515,0.32613435,-0.48909435,1.5099074,24
2024-03-18,trafik,12.316142,67.14556,0.4172869157628156,978.14764,1.1400751,-1.1989237,1.9868039,24
2024-03-19,trafik,13.851573,56.425396,0.003430246579227969,976.3859,1.3416857,-0.88094455,2.2886584,24
2024-03-20,trafik,12.992116,71.26692,3.947016830352368,978.8889,-0.24316211,-0.07616786,1.4021746,24
2024-03-21,trafik,11.942352,59.356922,0.9652554872445762,980.7736,1.0340514,-2.6686585,2.9480264,24
2024-03-22,trafik,10.802562,46.078724,0.043320655095158145,980.6092,1.1708502,-2.4937286,2.8009481,24
2024-03-23,trafik,10.911041,48.955734,0.000852346317969932,982.1036,0.49561247,-1.4207357,2.3035111,24
2024-03-24,trafik,11.377522,65.33696,0.000852346317969932,979.98193,0.25917926,0.025915623,1.4544405,24
2024-03-25,trafik,11.513865,79.149445,1.2155575677752495,978.0798,-0.38500214,0.0951856,1.5631137,24
2024-03-26,trafik,14.937836,72.24827,0.6185621023178101,981.1264,0.057210922,-0.53801566,1.6317064,24
2024-03-27,trafik,14.720662,80.83203,1.1696219444274902,985.75543,-0.74587756,0.27390966,1.4442557,24
2024-03-28,trafik,14.1922,73.36028,0.04630093462765217,986.3038,0.4923261,-0.14937949,1.6476952,24
2024-03-29,trafik,18.202026,61.654037,0.20259618759155273,985.04565,1.103891,-0.3686246,1.4212865,24
2024-03-30,trafik,18.929413,57.020153,0.000852346317969932,987.1028,0.9880149,-0.21925895,1.7472512,24
2024-03-31,trafik,18.418518,62.042175,0.0017074116840376519,989.25116,0.9342893,-0.16983922,1.8358732,24
2024-04-01,trafik,19.355967,62.11113,0.0,987.2188,1.0632044,-0.24105175,1.8343652,24
2024-04-02,trafik,19.790781,60.01885,0.0021412958517430525,983.6094,1.0454718,-0.082763314,1.9183058,24
2024-04-03,trafik,18.731394,63.361298,0.0,981.76605,0.671325,0.048860986,1.8548406,24
2024-04-04,trafik,16.39274,76.09402,0.26115126092918217,982.0198,-0.14825797,0.111353554,1.7625071,24
2024-04-05,trafik,18.04602,63.57475,0.05449652690003859,982.6403,0.785621,-0.70342493,1.3159341,24
2024-04-06,trafik,17.670206,48.287907,0.018092989193974063,982.4156,1.0932611,-2.4196603,2.9177055,24
2024-04-07,trafik,17.694712,42.429146,0.0012874594972345221,978.44794,1.3322226,-2.1263525,2.7413924,24
2024-04-08,trafik,16.899515,43.228374,0.18591284725744117,978.5914,0.96440697,-2.4132254,2.779391,24
2024-04-09,trafik,15.983052,60.827137,0.8423770777881145,979.2769,1.0554129,-0.99428266,1.7844259,24
2024-04-10,trafik,16.673075,70.35908,0.03400474088266492,979.72296,0.22707622,0.11143943,1.5011891,24
2024-04-11,trafik,18.139994,71.63253,0.04291534423828125,983.4089,0.39058176,0.03350194,1.4772238,24
2024-04-12,trafik,18.337341,71.47477,0.002115964889526367,984.77246,0.5323054,0.007978797,1.7090224,24
2024-04-13,trafik,20.151184,58.968185,0.03620386269176379,983.875,1.1079617,-1.7655945,2.3047707,24
2024-04-14,trafik,20.390411,47.065662,0.0008583068620282575,983.0405,1.0332832,-2.5542004,3.055692,24
2024-04-15,trafik,21.509867,37.029545,0.0008642672355563263,984.7334,1.1279932,-1.5067296,2.2877438,24
2024-04-16,trafik,19.679901,51.133938,0.00042915337417070987,984.2264,-0.0072956085,0.3684528,1.6595703,24
2024-04-17,trafik,18.831717,54.027447,0.018940992958960123,978.75726,-0.29026413,0.7474721,1.8245031,24
2024-04-18,trafik,17.853262,74.2525,2.707451581954956,975.7266,-1.0501376,0.45119986,1.7846802,24
2024-04-19,trafik,16.078745,83.33908,4.371929215267301,979.37964,-0.95878285,0.41206935,1.7919894,24
2024-04-20,trafik,15.29012,85.0691,14.298766618594527,975.95074,-1.7989362,2.5243785,3.4129336,24
2024-04-21,trafik,15.257762,77.659874,0.6484836339950562,982.0466,-0.6397457,0.10012802,1.7349504,24
2024-04-22,trafik,16.899221,73.5879,0.28418004512786865,987.0166,-0.42883682,0.33077383,1.2916162,24
2024-04-23,trafik,18.37001,67.75553,0.002554816092015244,986.67816,0.5022151,0.07755029,1.5919465,24
2024-04-24,trafik,21.225687,52.422424,0.0017306650761383935,980.6282,0.47783342,0.65011775,1.9539691,24
2024-04-25,trafik,22.037445,54.86743,0.10975003544899664,975.8777,-0.017019987,0.9043246,1.7180442,24
2024-04-26,trafik,20.714071,61.79774,0.0023096799850463867,976.8724,0.20439816,-0.17546566,1.4462844,24
2024-04-27,trafik,20.357666,56.51363,0.0013083218846077216,978.9207,0.50598806,0.0012420813,1.9260244,24
2024-04-28,trafik,21.738556,53.666393,0.002556816355081537,979.9775,0.3930842,0.21339862,1.9220585,24
2024-04-29,trafik,21.91977,55.883255,0.016853212684964092,980.23145,0.56866074,-0.052524567,1.9519764,24
2024-04-30,trafik,21.830973,58.6562,0.3257145126553951,979.5987,0.78836507,-0.3362781,1.8419226,24
2024-05-01,trafik,21.432007,67.01421,2.7456313837319613,977.9548,0.6177292,-0.1889615,1.505144,24
2024-05-02,trafik,20.646627,68.85702,0.8621990564279258,975.6032,0.4468759,0.44700322,1.5345726,24
2024-05-03,trafik,20.42159,60.219784,0.020205974578857422,974.5019,0.96577454,-0.0638001,1.8873242,24
2024-05-04,trafik,17.976389,59.928894,2.3883103858679533,973.03345,0.24049123,-0.21844284,1.9887589,24
2024-05-05,trafik,16.838888,57.265873,1.1750997509807348,974.8951,0.7286574,-2.082143,2.4437077,24
2024-05-06,trafik,18.872192,40.088093,0.0,978.94775,1.2001019,-2.0838091,2.5620308,24
2024-05-07,trafik,18.75296,49.754486,0.0008702277796146518,981.49176,0.44286284,0.18920135,1.6943129,24
2024-05-08,trafik,18.358072,60.12717,0.0008583068620282575,984.07684,-0.05924924,0.53407884,1.6399561,24
2024-05-09,trafik,18.447458,61.027782,0.05928277880684618,981.88885,0.010103226,0.36456707,1.6328512,24
2024-05-10,trafik,20.03251,51.484344,0.3690540906973183,975.9766,0.08607801,0.5633328,2.267966,24
2024-05-11,trafik,16.682749,88.45756,18.134117068257183,975.70703,-0.82110786,0.64287215,1.3569608,24
2024-05-12,trafik,16.957764,79.214905,10.314881801605225,977.70514,0.6062915,-0.35208097,1.4262453,24
2024-05-13,trafik,18.937094,59.47322,0.029923354304628447,978.09894,1.3913288,-1.6968952,2.4337406,24
2024-05-14,trafik,18.231445,58.23434,0.024781213141977787,979.69196,0.20379639,-1.1420518,2.2631438,24
2024-05-15,trafik,17.90853,69.35243,0.5919744726270437,982.3586,-0.008661906,0.48179424,1.5314835,24
2024-05-16,trafik,18.93637,68.895645,0.10453670256538317,985.9294,0.124923706,0.5153466,1.5189177,24
2024-05-17,trafik,19.89564,74.89445,0.20947902521584183,986.22955,0.1462326,0.50477713,1.4386164,24
2024-05-18,trafik,22.145782,70.03246,0.4727989435195923,983.43097,0.14065742,0.5426561,1.4498376,24
2024-05-19,trafik,22.293344,68.61945,4.194232809823006,980.6955,0.8049628,0.1535304,1.58542,24
2024-05-20,trafik,22.785349,70.949684,1.271963119506836,977.7963,0.7020404,0.23524518,1.5505387,24
2024-05-21,trafik,25.41979,57.234066,0.001704346686892677,978.956,1.1175894,-0.34749225,1.6246649,24
2024-05-22,trafik,24.264029,62.05739,0.7623672718182206,980.0441,0.83757526,0.32957724,1.6144618,24
2024-05-23,trafik,22.144602,72.24607,1.3480782508850098,976.9702,-0.36255774,0.21292007,2.060352,24
2024-05-24,trafik,21.159628,52.81725,0.00813906081020832,976.8051,1.7085215,-3.548375,3.9779882,24
2024-05-25,trafik,22.897165,46.243618,0.0,977.25146,1.0847639,-1.7257881,2.373581,24
2024-05-26,trafik,20.778463,62.055958,1.4647841453552246,978.587,-0.17559369,0.5333093,1.830289,24
2024-05-27,trafik,21.140879,63.90706,0.6695449119433761,978.41327,0.36300468,0.14407639,1.4923466,24
2024-05-28,trafik,22.039042,57.623154,2.7754735783673823,978.47284,-0.0919706,0.28914008,1.2785474,24
2024-05-29,trafik,20.482412,68.283134,2.1815896034240723,980.17816,0.16360092,0.6365814,1.4259229,24
2024-05-30,trafik,19.163431,79.66391,5.615514237433672,980.5415,0.072247826,0.6460854,1.378477,24
2024-05-31,trafik,20.731516,72.52366,3.6215484142303467,983.62646,0.16437085,0.6727454,1.3532623,24
2024-06-01,trafik,22.708395,64.576805,0.0008583068620282575,986.238,0.31246758,0.5058581,1.5307264,24
2024-06-02,trafik,25.987183,57.160645,0.0,983.6384,0.8176441,0.2644647,1.5105867,24
2024-06-03,trafik,29.079865,44.966038,0.0017195934560731985,980.4438,1.0738214,-0.4708945,1.7103001,24
2024-06-04,trafik,29.42048,44.959442,0.8605986831753398,978.5996,1.4730221,-0.36705717,1.9795532,24
2024-06-05,trafik,30.7246,38.211227,0.3495514392852783,978.36865,2.0474665,-1.7887592,3.0898378,24
2024-06-06,trafik,31.875814,33.06326,0.7930845022201538,978.78107,1.9682792,-1.9839007,2.931715,24
2024-06-07,trafik,30.276672,36.935017,2.4212956777773798,978.8218,1.9805762,-1.611002,2.6975853,24
2024-06-08,trafik,28.367472,41.801353,0.2891719341278076,974.8357,1.601923,-0.67604256,2.2919033,24
2024-06-09,trafik,28.326172,46.458202,0.0,974.51855,0.97439957,-1.3775355,2.045204,24
2024-06-10,trafik,28.781586,41.59701,0.000852346317969932,977.32935,0.90816754,-0.24918027,1.7997838,24
2024-06-11,trafik,29.076853,46.061207,0.0008523463748133508,978.36127,0.8280284,0.029275099,1.566367,24
2024-06-12,trafik,30.327658,47.46642,0.0017132691141341638,979.5726,0.7623482,0.16232264,1.6164542,24
2024-06-13,trafik,32.752502,36.385517,0.04501938747125678,980.39056,1.9251041,-0.9756076,2.257875,24
2024-06-14,trafik,32.82308,33.048573,0.6566309712070506,978.22314,1.3586477,-0.020082077,2.088373,24
2024-06-15,trafik,30.480032,39.812717,0.0012785349099431187,973.01996,0.8049285,-0.7074502,1.6267172,24
2024-06-16,trafik,27.71811,50.56229,0.0017106531231547706,974.7508,0.20726204,0.31130275,1.7168379,24
2024-06-17,trafik,27.434174,59.108044,0.0004351138613856165,977.8267,0.13421385,0.8143018,1.6681081,24
2024-06-18,trafik,28.612122,58.165665,0.001702981137441384,978.5776,0.2414139,0.6829745,1.4927926,24
2024-06-19,trafik,30.194864,46.924175,0.0,977.58246,0.53401756,0.4067084,1.7647344,24
2024-06-20,trafik,30.355865,49.760128,0.0,976.59906,0.20929718,0.6756694,1.4799672,24
2024-06-21,trafik,30.411062,47.364822,0.10779499706359275,974.83417,0.28602389,-0.087999344,1.7608968,24
2024-06-22,trafik,30.046753,46.229767,0.001715674443403259,972.05475,0.25253412,-0.35822788,1.9190873,24
2024-06-23,trafik,30.302969,49.399883,3.6470737541094422e-06,971.4849,0.31959724,0.39974642,1.59086,24
2024-06-24,trafik,28.889822,56.702896,0.10978579666698352,974.0433,0.12373225,0.6819997,1.6316861,24
2024-06-25,trafik,29.049753,62.15359,0.16069412231445312,974.7412,0.1867326,0.7543275,1.5285975,24
2024-06-26,trafik,31.507132,47.68694,0.11867880675708875,973.7343,0.77196056,-0.49129593,1.9406844,24
2024-06-27,trafik,30.420877,52.004826,0.3108382225036621,974.2945,0.24480629,0.38565764,1.7656885,24
2024-06-28,trafik,28.836914,60.549072,1.5890862559899688,972.38184,0.10074171,0.5071843,1.7257644,24
2024-06-29,trafik,28.873697,51.806477,0.7856790907680988,970.4554,0.54401016,-1.3764492,1.9946109,24
2024-06-30,trafik,30.682129,30.361862,0.0012891123333247378,973.5076,1.3527546,-3.2535803,3.6638784,24
2024-07-01,trafik,30.301565,32.149326,1.979060471057892e-06,973.7683,1.0734419,-1.8640159,2.3757393,24
2024-07-02,trafik,30.554708,34.895412,0.000852346317969932,971.6257,0.7173042,-0.027673205,1.8973964,24
2024-07-03,trafik,27.498728,59.335155,0.4202723503112793,971.1521,-0.84514236,1.0284634,2.0622206,24
2024-07-04,trafik,24.168264,83.858574,8.887369185686111,973.8151,-1.6381149,0.9465415,2.2816703,24
2024-07-05,trafik,24.862753,68.625374,5.520783131942153,975.8283,0.0058689117,-0.03827536,1.531919,24
2024-07-06,trafik,29.356607,42.754673,0.0021571058823610656,974.89935,1.3949922,-2.74897,3.2153132,24
2024-07-07,trafik,31.696136,36.112637,0.0,973.5706,1.7414552,-2.6093924,3.2685585,24
2024-07-08,trafik,32.779682,36.958294,0.0,972.559,1.16406,-2.097927,2.622479,24
2024-07-09,trafik,32.193615,42.52254,0.031584501243742125,972.6059,0.7173748,-0.7432955,1.9750813,24
2024-07-10,trafik,30.36381,53.495853,1.9264817237854004,974.6133,0.6455924,0.009530823,1.7163564,24
2024-07-11,trafik,28.865866,59.473923,0.9453475358895957,976.55914,0.37558964,0.4365158,1.7065667,24
2024-07-12,trafik,28.594574,59.324432,1.1033803457394242,975.7986,0.08155378,0.6007781,1.5269156,24
2024-07-13,trafik,28.412832,58.031147,1.4901161193847656e-05,973.4931,0.0020866394,0.56628966,1.6360626,24
2024-07-14,trafik,30.089193,53.654613,0.038617843529209495,971.97833,0.88952,-0.36540973,1.5028003,24
2024-07-15,trafik,31.133383,48.083466,0.0,971.6839,0.69387245,-0.48772764,1.8954725,24
2024-07-16,trafik,30.024466,54.090466,0.3958523272444836,973.4097,0.64076996,0.3863752,1.6331955,24
2024-07-17,trafik,30.42045,54.428745,0.0,974.8549,0.49438158,0.3785886,1.7637916,24
2024-07-18,trafik,31.446604,49.145813,0.000852346317969932,974.74774,0.6553898,-0.18473606,1.4939494,24
2024-07-19,trafik,33.322002,37.322727,0.006997584932832979,972.75214,1.0316893,-1.9638386,2.5119941,24
2024-07-20,trafik,33.986378,28.604034,0.0008595657732257678,971.62573,1.1104666,-1.7945682,2.3762414,24
2024-07-21,trafik,32.948742,31.71905,0.002580881073299679,972.94354,0.5866286,0.06497554,1.8846315,24
2024-07-22,trafik,31.898966,45.28465,0.000852346317969932,973.3415,0.35889563,0.21304794,1.7433038,24
2024-07-23,trafik,30.812449,57.58554,0.30390918254852295,973.60126,0.1565876,0.53188354,1.5917634,24
2024-07-24,trafik,30.133331,66.40415,0.47113298205658793,970.8994,-0.0050296783,0.64466155,1.5092863,24
2024-07-25,trafik,27.980356,79.707375,8.901399560272694,969.27167,-0.14985211,0.70119435,1.2610534,24
2024-07-26,trafik,29.006805,63.271484,0.07322430610656738,970.24054,1.0399214,-1.084256,1.585432,24
2024-07-27,trafik,30.102823,36.789845,0.0,976.2609,1.1550198,-3.9398048,4.1789055,24
2024-07-28,trafik,30.880117,36.2727,0.0008583068620282575,978.93805,1.0745462,-2.529873,2.8415651,24
2024-07-29,trafik,32.001637,37.51103,0.0021427867977763526,974.5472,0.99803096,-0.9904819,1.8657117,24
2024-07-30,trafik,31.598562,41.517323,0.0008523463748133508,970.72217,0.8643926,-1.045448,1.4976015,24
2024-07-31,trafik,31.66799,34.89206,0.000852346317969932,973.34503,0.55103046,-1.2501144,2.118325,24
2024-08-01,trafik,31.359406,41.35098,0.0021312280296115205,974.28876,0.51436234,0.037512463,1.7672739,24
2024-08-02,trafik,30.75292,48.00522,0.000852346317969932,973.43286,0.3082428,0.49752107,1.5804052,24
2024-08-03,trafik,29.59849,52.302616,0.0030890641937730834,972.53345,-0.23346329,0.623321,1.4826837,24
2024-08-04,trafik,28.772879,62.74774,0.02059340476989746,973.6572,-0.13491885,0.7782987,1.4747702,24
2024-08-05,trafik,29.068277,61.205856,0.0966191291809082,973.7608,0.105885826,0.54062563,1.6523412,24
2024-08-06,trafik,29.146729,61.611492,0.030502676963806152,973.5739,-0.040260952,0.58336765,1.5101181,24
2024-08-07,trafik,29.28707,61.549145,0.0,973.95526,0.054623287,0.5421276,1.5544734,24
2024-08-08,trafik,29.106232,66.45841,0.0,975.4129,-0.16461118,0.85165113,1.5972725,24
2024-08-09,trafik,28.926249,67.344666,0.0,976.1597,-0.27636656,0.94512606,1.5058261,24
2024-08-10,trafik,28.384604,72.27899,0.5140155553817749,976.67206,-0.052152593,0.80653113,1.3504659,24
2024-08-11,trafik,30.836853,52.180775,0.0008583068620282575,975.9131,0.56555253,-0.6683313,1.715653,24
2024-08-12,trafik,32.396038,31.379232,0.0008583068620282575,975.37573,0.94767827,-2.4266949,2.7110403,24
2024-08-13,trafik,32.304913,28.49012,0.0,975.48785,0.6822605,-0.55930877,1.9941937,24
2024-08-14,trafik,30.992086,40.456165,0.0,975.9873,0.33548927,0.1766392,1.7253104,24
2024-08-15,trafik,31.67981,38.147392,0.0,975.6995,0.55846214,-0.18403018,1.791193,24
2024-08-16,trafik,32.51776,29.297783,0.0008583068620282575,974.2646,0.95806503,-2.4651005,2.9341714,24
2024-08-17,trafik,32.467518,23.5121,0.0,972.5979,1.0621961,-2.197314,2.5637157,24
2024-08-18,trafik,29.527884,36.28452,0.0008583068620282575,973.9316,0.010777791,0.18887584,1.9655524,24
2024-08-19,trafik,28.470377,47.351574,0.0,976.63824,-0.1777757,0.4687853,1.6467901,24
2024-08-20,trafik,28.79011,53.79132,0.024413428036496043,976.84564,0.15033937,0.5020862,1.6725143,24
2024-08-21,trafik,28.07193,62.656418,6.348273018375039e-07,973.7681,-0.502047,0.5894863,1.960327,24
2024-08-22,trafik,26.329416,65.83125,0.0012841310308431275,973.70215,-0.71320343,0.19315453,1.6931401,24
2024-08-23,trafik,27.201416,67.26237,0.0017153206499642693,976.73224,-0.32294717,0.60186285,1.4371732,24
2024-08-24,trafik,30.136719,52.25267,0.206679105758667,976.5767,0.6341451,-0.6040575,1.6229292,24
2024-08-25,trafik,28.836823,54.41595,1.946809934452176,974.86725,1.014665,-0.3449528,1.7158298,24
2024-08-26,trafik,27.78888,61.877247,0.13944506645202637,975.9511,-0.1748066,0.6554859,1.772222,24
2024-08-27,trafik,26.980042,68.7788,3.825366497039795,977.57184,-0.0768528,0.5802873,1.513615,24
2024-08-28,trafik,26.747793,65.029915,0.11422634270275012,979.007,0.29035568,0.30732188,1.3481122,24
2024-08-29,trafik,26.898905,64.40342,0.5776166799478233,978.0488,0.5582288,0.22146606,1.2960477,24
2024-08-30,trafik,27.226389,60.521633,1.0331720113754272,977.00195,0.896045,-0.0303332,1.5025463,24
2024-08-31,trafik,26.769735,62.895756,2.1954060066491365,976.45734,0.5244484,0.36354962,1.74647,24
2024-09-01,trafik,24.96984,69.100136,3.4749836195260286,976.21893,-0.029532114,0.28468832,1.5639998,24
2024-09-02,trafik,23.489706,77.70773,4.5377700589597225,980.1411,-0.30524826,0.25520134,1.1377782,24
2024-09-03,trafik,25.31188,73.15528,1.4489172026515007,980.90704,0.14261436,0.18440466,1.0131669,24
2024-09-04,trafik,26.668884,67.11498,1.5700191725045443,978.1066,1.0683821,-0.004108747,1.5463291,24
2024-09-05,trafik,27.305115,63.023533,0.059470534324645996,976.771,0.9975157,-0.17392452,1.6082712,24
2024-09-06,trafik,28.998413,54.272,0.0,977.09644,0.925951,-0.7005132,1.6394876,24
2024-09-07,trafik,28.935629,46.15096,0.0008642673492431641,977.7004,1.3149964,-0.7233753,2.0047092,24
2024-09-08,trafik,27.115763,52.299282,0.5567930172674096,976.9351,0.32139954,-0.21155083,1.6541386,24
2024-09-09,trafik,25.92518,69.223465,0.16541477816645056,977.9624,-0.32047144,0.5008961,1.3984462,24
2024-09-10,trafik,24.723978,79.48554,2.4481685395585373,977.2039,-0.9842057,1.0285577,1.6998094,24
2024-09-11,trafik,23.097992,84.34776,10.115253739058971,978.6099,-0.84300804,0.7813154,1.5125533,24
2024-09-12,trafik,24.301096,77.2991,1.4810323482379317,980.53436,-0.15285683,-0.042630475,1.3555325,24
2024-09-13,trafik,24.86434,69.29464,0.0764156284276396,978.36334,0.17939758,0.3973918,1.5839175,24
2024-09-14,trafik,25.99121,61.768047,0.0,976.06616,0.72939616,-0.101087295,1.6791168,24
2024-09-15,trafik,24.78952,68.89625,0.1557095537236819,973.8804,-0.08346748,0.288111,1.4968413,24
2024-09-16,trafik,23.586782,60.418396,0.19486428936943412,974.8887,0.21855418,-0.24823768,1.829464,24
2024-09-17,trafik,23.629751,63.899536,0.0,979.4782,-0.11896896,0.15674539,1.290063,24
2024-09-18,trafik,23.384268,65.93524,0.14641284360550344,981.1201,0.030513128,0.2898407,1.4707394,24
2024-09-19,trafik,23.730814,65.01805,0.08634060941403732,978.3798,0.7837391,0.119298734,1.5401341,24
2024-09-20,trafik,23.59433,68.71841,1.9603968030423857,978.70135,0.2384383,0.1097999,1.2516645,24
2024-09-21,trafik,22.162039,73.78439,9.401598945260048,978.8242,0.5617428,-0.35523763,1.5386906,24
2024-09-22,trafik,21.654694,67.06433,1.2973279226571321,978.80865,0.61806804,-1.2220111,1.6270057,24
2024-09-23,trafik,22.288492,60.52872,0.0008553266184208042,980.384,0.6474368,-0.585979,1.7779907,24
2024-09-24,trafik,22.811941,62.527515,0.0008584491979490849,983.2542,-0.012087504,0.015060703,1.3461332,24
2024-09-25,trafik,23.82656,59.105877,3.259913228248479e-06,983.1844,0.8493099,-0.34417805,1.4022571,24
2024-09-26,trafik,25.126678,53.116375,0.0,981.41644,1.0402056,-0.5518876,1.7044106,24
2024-09-27,trafik,25.996908,49.257763,0.0004351138045421976,979.9731,1.1171284,-0.5290063,1.7784241,24
2024-09-28,trafik,25.270517,55.320297,0.0008583068051848386,978.9532,0.73857945,-0.08490372,1.8526818,24
2024-09-29,trafik,24.046701,62.217148,0.0004351138045421976,977.16425,0.31536356,0.30819997,1.7608184,24
2024-09-30,trafik,22.039255,77.7866,4.574551247060299,975.13965,-0.35612234,-0.5168696,1.7120317,24
2024-10-01,trafik,21.60198,43.676846,0.0,975.63043,1.3342546,-2.829747,3.1573079,24
2024-10-02,trafik,21.362885,47.31369,0.000852346317969932,979.1783,0.6967354,-1.2889334,2.390613,24
2024-10-03,trafik,20.809296,66.66369,0.0012874597814516164,983.605,0.082315445,0.11821238,1.4921371,24
2024-10-04,trafik,21.75707,68.0947,0.0013077157632324088,983.8655,0.5526988,0.19863701,1.2895894,24
2024-10-05,trafik,22.794027,66.16421,0.0004357596594672941,981.753,0.63887584,0.13115303,1.6040443,24
2024-10-06,trafik,21.752167,69.99283,1.278379582799971,980.6828,0.48912644,0.17694175,1.587689,24
2024-10-07,trafik,21.771616,75.30133,0.15425682067871094,982.21857,0.015917977,0.18290293,1.6036099,24
2024-10-08,trafik,22.616842,63.804962,0.0025331974029541016,984.6016,0.6103917,0.011741717,1.4833474,24
2024-10-09,trafik,21.421438,75.045975,0.013911724181525642,983.7918,0.13802719,0.35741022,1.5239018,24
2024-10-10,trafik,21.080404,74.26017,0.021214807929936796,981.05426,-0.10414823,0.41817537,1.4678602,24
2024-10-11,trafik,21.844065,70.7452,0.05952021456323564,980.0784,0.025778452,0.1367623,1.2851248,24
2024-10-12,trafik,21.612082,79.48086,1.5932023525238037,981.2407,-0.06909815,0.62429744,1.5370225,24
2024-10-13,trafik,21.798655,82.27935,0.9594812290742993,981.3698,-0.09921519,0.37155053,1.1777824,24
2024-10-14,trafik,21.575327,80.5385,0.1931101141963154,980.549,0.07379023,0.24987273,1.3341236,24
2024-10-15,trafik,21.827463,78.913506,0.1112818717956543,981.8455,0.38404784,0.17304194,1.2075763,24
2024-10-16,trafik,22.220673,71.42367,0.0004261731874066754,982.5117,0.4904995,0.045779627,1.5669371,24
2024-10-17,trafik,20.990305,41.263805,3.0772753234487027e-06,983.2292,1.4346517,-4.210171,4.5068083,24
2024-10-18,trafik,17.281351,34.354702,0.0017046926927832828,984.8435,1.8617554,-4.4685497,4.871171,24
2024-10-19,trafik,17.385996,34.15425,0.0017184111129608937,986.3457,0.8114166,-2.8357506,3.0338564,24
2024-10-20,trafik,17.38143,39.217384,0.0017295787984039634,989.7092,0.5240529,-1.0656554,1.9128518,24
2024-10-21,trafik,17.655243,31.421326,0.0008453411055597826,991.3518,0.9523786,-3.5193322,3.687719,24
2024-10-22,trafik,17.845856,36.164284,0.0008523463748133508,991.63477,1.1887392,-3.533946,3.8052018,24
2024-10-23,trafik,18.137146,36.840195,0.0008583068620282575,991.50684,0.68891144,-1.7113667,2.1310356,24
2024-10-24,trafik,17.622843,43.602573,0.0,990.5244,1.0109113,-1.238067,1.8486127,24
2024-10-25,trafik,17.681631,40.97704,0.0017106531799981894,988.3769,0.8248329,-0.90828794,1.917128,24
2024-10-26,trafik,17.671316,44.480755,0.0008701620686224487,988.25055,1.1703535,-1.5209503,2.1222057,24
2024-10-27,trafik,17.925303,42.51011,0.0,989.8457,0.7799409,-0.71280605,1.816518,24
2024-10-28,trafik,18.07963,49.201874,0.0,987.62964,0.9115855,-0.35611472,1.609389,24
2024-10-29,trafik,18.524271,37.784084,0.0,984.63153,1.3512917,-1.6734762,2.3119433,24
2024-10-30,trafik,19.85618,33.770023,0.0,982.8144,1.3688998,-1.9484946,2.5329015,24
2024-10-31,trafik,18.229452,45.060055,0.0,983.3037,0.9550788,-1.3679415,2.037121,24
2024-11-01,trafik,18.354523,45.937687,0.000852346317969932,985.488,1.0748762,-1.3498329,2.0555675,24
2024-11-02,trafik,18.641846,47.438107,0.0008612870487922919,985.1059,1.2846127,-0.48242566,1.899056,24
2024-11-03,trafik,18.76471,45.14066,0.0025693825591588393,984.31006,1.6071612,-1.7489191,2.5831602,24
2024-11-04,trafik,17.295288,45.721363,8.557435648981482e-06,984.80615,0.67820996,-1.4482137,2.1940067,24
2024-11-05,trafik,15.805104,45.425144,0.000852346317969932,987.1325,1.1494656,-1.7251215,2.2796254,24
2024-11-06,trafik,15.448192,43.90253,0.0008619792879471788,990.45856,0.7135153,-1.0483055,1.9181037,24
2024-11-07,trafik,15.280416,42.707012,0.0017115757486863004,992.2386,0.96385765,-1.4899483,2.049836,24
2024-11-08,trafik,15.198639,37.67995,0.0008523463748133508,990.4167,1.0613943,-1.5553783,2.1264503,24
2024-11-09,trafik,15.7821455,36.123898,0.0,986.9133,0.885739,-1.2757831,1.9008104,24
2024-11-10,trafik,14.324219,60.031063,8.891287259757519,984.6479,1.4812641,-1.1342771,2.0837877,24
2024-11-11,trafik,15.163157,78.37908,1.5083045000210404,986.70483,0.514463,-0.3497171,1.5621214,24
2024-11-12,trafik,15.11203,73.279366,0.0,988.64764,0.7522245,-0.3916886,1.4693581,24
2024-11-13,trafik,15.390218,66.11635,0.000852346317969932,989.30005,1.1303139,-0.21730614,1.6021919,24
2024-11-14,trafik,16.973288,64.87636,0.009340047029127163,986.7802,0.95175296,-0.33065477,1.7071394,24
2024-11-15,trafik,15.11678,76.508705,0.041294097172794864,984.029,0.115196705,-0.18891335,1.3810759,24
2024-11-16,trafik,14.2525835,86.04908,14.731201346876333,983.55096,-0.21238522,-0.08389155,1.222665,24
2024-11-17,trafik,13.147664,95.61657,37.53416333347559,980.0408,-0.5663097,-0.1086028,1.0537723,24
2024-11-18,trafik,13.808441,80.04838,1.1068612220697105,979.67975,0.045663834,-0.48624042,1.4212936,24
2024-11-19,trafik,13.515025,75.310005,0.11945217556785792,983.5108,0.2788242,-0.42610332,1.2237406,24
2024-11-20,trafik,12.637787,81.32711,1.7243698239326477,984.7552,0.0600307,-0.36154914,1.3005842,24
2024-11-21,trafik,13.235413,92.186584,23.829851299524307,983.25116,-0.079625286,0.8577207,1.4968438,24
2024-11-22,trafik,15.190806,96.89828,29.730701819062233,985.426,-0.38818613,0.45591164,1.1502317,24
2024-11-23,trafik,15.661143,94.92999,16.936928033828735,984.39966,-0.23981984,1.8747612,2.2939732,24
2024-11-24,trafik,8.076436,44.447327,0.010639429092407227,988.64777,2.7240162,-6.189797,6.8076763,24
2024-11-25,trafik,6.8946433,41.63722,0.001618266082914488,989.78546,1.9442717,-4.464477,4.9913025,24
2024-11-26,trafik,8.569631,56.04952,0.0,988.02545,0.94079906,-2.0852184,2.5882654,24
2024-11-27,trafik,8.640269,65.14425,0.0,989.3431,0.6156024,-1.7714106,2.0273101,24
2024-11-28,trafik,9.645732,68.50484,0.001718990461085923,991.8193,0.6652921,-1.2888418,1.8210474,24
2024-11-29,trafik,9.577484,69.04621,0.0012934206097270362,991.30444,0.4444809,-0.63419586,1.3904804,24
2024-11-30,trafik,10.159088,76.7116,0.00038743019104003906,992.20465,0.22742335,-0.39697647,1.2171766,24
2024-12-01,trafik,10.958018,85.002716,0.9832798969000578,990.25275,0.45111528,-0.36279622,1.3111583,24
2024-12-02,trafik,11.87442,90.55804,9.428191231563687,986.4344,-0.1242466,-0.6882232,1.1441638,24
2024-12-03,trafik,11.460683,95.63742,76.91432535648346,982.7641,-1.5102183,0.84016985,1.9218798,24
2024-12-04,trafik,10.749725,88.738556,30.348265543580055,984.8553,0.34786478,-1.4745015,1.6980387,24
2024-12-05,trafik,10.672038,88.59754,8.48365854471922,989.3115,0.290198,-0.87633705,1.264017,24
2024-12-06,trafik,11.612681,85.51575,1.2908459175378084,990.216,0.52811176,-0.814373,1.3154641,24
2024-12-07,trafik,11.97935,79.12176,20.38136124610901,987.0345,0.861986,-0.49462128,1.502206,24
2024-12-08,trafik,12.2725725,92.48106,11.949732899665833,985.8174,-0.7676487,0.8449872,1.5576134,24
2024-12-09,trafik,12.972096,94.45341,13.722415082156658,991.0313,-1.0840043,1.2032112,1.6262199,24
2024-12-10,trafik,13.130859,94.492676,9.478065185248852,992.1535,-0.80557346,0.44763175,1.041533,24
2024-12-11,trafik,12.575836,88.91447,2.2631436586380005,989.8121,-0.1875788,-0.3179997,1.0119404,24
2024-12-12,trafik,11.881215,68.52491,0.2937553435913287,987.313,1.2097892,-2.4319782,2.8589,24
2024-12-13,trafik,10.168304,54.197735,1.684384187683463e-05,990.49396,1.8716234,-3.8957977,4.3398395,24
2024-12-14,trafik,9.3906355,53.247356,0.000870227722771233,994.64355,0.7525444,-2.01795,2.4394076,24
2024-12-15,trafik,9.356842,84.47145,4.431575536727905,993.72076,-0.11701528,0.2104203,1.259404,24
2024-12-16,trafik,11.331543,83.56298,11.040010955184698,989.9056,0.6546212,-1.4996313,1.7150402,24
2024-12-17,trafik,9.462016,65.00037,0.0008596848033448623,993.93677,1.2663432,-1.417209,2.1572368,24
2024-12-18,trafik,9.838054,66.93658,0.001289829015149735,991.7073,1.2895309,-1.0009524,1.7562891,24
2024-12-19,trafik,9.994832,71.99787,0.0008493365157846711,986.8557,0.86544985,-0.5486339,1.4103397,24
2024-12-20,trafik,9.666016,83.37044,1.5550404787063599,983.9121,0.17479491,-0.32967794,1.3450068,24
2024-12-21,trafik,10.941731,91.53628,28.751075267791748,983.414,0.30929753,-0.30491567,0.9292092,24
2024-12-22,trafik,10.253825,82.58596,7.243031170219183,983.206,0.6450367,-0.6623421,1.6796436,24
2024-12-23,trafik,9.49293,91.956535,9.028971195220947,980.54254,-0.17175166,-0.49052367,1.0995313,24
2024-12-24,trafik,11.221599,93.84794,24.890175089240074,978.3874,-0.9403388,3.1873405,3.342624,24
2024-12-25,trafik,10.082692,96.06118,31.39583021402359,979.5007,-1.3861713,1.5191721,2.3304484,24
2024-12-26,trafik,9.199117,93.23559,12.161838822066784,983.0581,-0.7300231,-1.3627383,1.7286195,24
2024-12-27,trafik,10.153412,78.15688,5.2256956696510315,981.4218,0.7195942,-1.2399853,1.8353242,24
2024-12-28,trafik,7.940735,93.13232,16.115695238113403,982.8475,-0.44492638,-0.44066593,1.2586765,24
2024-12-29,trafik,7.147471,95.78882,26.895159855484962,985.8653,-0.6041784,0.11339378,1.2632728,24
2024-12-30,trafik,8.848744,71.34165,0.279843807220459,986.5491,1.4827911,-2.6491516,3.0719185,24
2024-12-31,trafik,8.99113,61.84735,0.0009179057087749243,992.54706,1.8027077,-2.325455,3.000552,24
2025-01-01,trafik,8.194641,64.31767,0.0,997.1831,1.0601524,-1.2497846,1.8381443,24
2025-01-02,trafik,7.67042,73.77481,0.0024139881134033203,997.0122,0.56535393,-0.38139233,1.3788561,24
2025-01-03,trafik,8.651642,79.20524,0.3571838024072349,993.85614,0.045895893,-0.3429713,1.1601864,24
2025-01-04,trafik,9.803894,91.09638,16.539335250854492,989.82886,-0.061510205,-0.54804087,0.76112205,24
2025-01-05,trafik,11.346141,81.02605,5.321517586708069,986.03046,0.65411335,-1.137323,1.3883338,24
2025-01-06,trafik,10.539825,70.15783,0.0008624298288850696,989.0079,0.839722,-1.0806588,1.9314903,24
2025-01-07,trafik,10.012878,83.69009,1.0428375098854303,993.9926,0.08644422,-0.29405594,1.0488957,24
2025-01-08,trafik,11.3046875,89.16181,1.9592627650126815,993.42316,0.043785095,-0.2791023,0.90630627,24
2025-01-09,trafik,10.237712,80.23315,0.0002384185791015625,989.8897,1.0752525,-0.6763227,1.526934,24
2025-01-10,trafik,10.340393,73.10624,0.0021506893972400576,985.5428,0.924855,-0.32024956,1.5188497,24
2025-01-11,trafik,9.334849,79.61231,0.5842178943566978,986.1604,0.33050776,-0.2739226,1.5106293,24
2025-01-12,trafik,10.909912,92.82263,10.421887098345906,988.1147,-0.2732366,0.04214414,1.3117181,24
2025-01-13,trafik,12.4201765,95.22947,7.710796780884266,990.1285,-0.95916873,1.2295438,1.5895857,24
2025-01-14,trafik,11.937215,93.610435,6.514430046081543,990.08124,-0.13076083,-0.33756807,0.92985827,24
2025-01-15,trafik,10.33551,94.51791,20.3711218200624,987.51117,0.25136694,-0.47794724,1.193236,24
2025-01-16,trafik,10.77949,72.22564,2.0686648786067963,991.97906,0.98367816,-1.4715391,1.9144845,24
2025-01-17,trafik,10.913361,57.837963,0.0008583068620282575,995.71,1.3784338,-3.0076113,3.4089625,24
2025-01-18,trafik,10.659607,52.220417,0.000852346317969932,991.9792,1.5710245,-2.3151083,2.8856547,24
2025-01-19,trafik,11.313029,58.247303,0.0013043331819062587,988.7822,1.4756597,-1.5595464,2.3155332,24
2025-01-20,trafik,12.476613,61.09112,0.0008463860581287008,987.7568,1.0185367,-1.262105,2.2601635,24
2025-01-21,trafik,10.649913,87.47906,6.549566984176636,991.09766,-0.26592192,-0.16011219,1.4395777,24
2025-01-22,trafik,10.069722,94.18008,33.37125852704048,988.48676,-0.78793716,-0.96799296,1.5376145,24
2025-01-23,trafik,9.968211,86.248116,5.974753526970744,988.8116,-0.14055951,-0.55651397,1.1806593,24
2025-01-24,trafik,9.482178,86.283,3.1470737885683775,990.16046,-0.15961647,-0.32901844,1.135034,24
2025-01-25,trafik,10.085205,93.87503,36.30472789518535,989.01025,-0.70797175,0.1629281,1.1517091,24
2025-01-26,trafik,10.794983,80.377144,32.35243819653988,990.15576,0.38501418,-0.9744196,1.4311968,24
2025-01-27,trafik,10.34196,73.33303,0.0004351138045421976,990.1013,1.2743988,-0.59948474,1.794435,24
2025-01-28,trafik,9.302562,80.640465,0.0018805258150678128,990.98773,0.43795004,-0.42820802,1.4274994,24
2025-01-29,trafik,9.942058,83.57516,0.007629555511812214,993.08716,0.43042922,-0.22716713,1.278459,24
2025-01-30,trafik,9.515849,83.66266,0.11045038991142064,993.5589,0.1863004,-0.029046377,1.3751158,24
2025-01-31,trafik,10.824107,72.95663,0.14832913802820258,990.77075,0.9828636,-0.71065396,1.334015,24
2025-02-01,trafik,11.753184,65.20988,0.0008732080232221051,991.1232,1.2693994,-0.81482124,1.9858427,24
2025-02-02,trafik,10.2864685,75.5246,0.0025925666022885707,990.88336,0.5215721,-0.16630237,1.6399804,24
2025-02-03,trafik,10.540314,79.62275,0.0017106528389376763,987.2701,0.33133826,-0.10707092,1.2864299,24
2025-02-04,trafik,9.2161255,86.0402,11.774083971715754,984.07635,0.44018555,-0.4165338,1.236509,24
2025-02-05,trafik,8.406545,59.023106,1.9886523368768394,980.95996,1.5876099,-4.7311554,5.0306735,24
2025-02-06,trafik,5.418864,39.329533,0.0044047828851034865,985.8457,2.3613157,-5.999933,6.5587144,24
2025-02-07,trafik,5.760132,39.105667,0.0004351138045421976,991.00507,2.0505073,-4.9637313,5.4176846,24
2025-02-08,trafik,7.2835183,49.622406,0.0,990.26587,1.2016475,-3.0798492,3.4799452,24
2025-02-09,trafik,7.7020874,52.5885,0.00035762786865234375,987.146,0.8658417,-2.7706356,2.9796906,24
2025-02-10,trafik,7.4033914,51.2961,0.004285573595552705,986.7651,0.808893,-2.3093002,2.5707314,24
2025-02-11,trafik,6.525757,51.761295,0.000852346317969932,988.1867,0.90954906,-2.1536787,2.5448952,24
2025-02-12,trafik,5.959971,48.2972,0.06677508645225316,988.483,1.2312807,-2.534386,2.8929567,24
2025-02-13,trafik,7.094269,42.958233,0.0017298234524787404,989.63007,2.1852398,-3.2838125,3.971389,24
2025-02-14,trafik,7.269979,59.90265,0.0017225738702109084,989.5969,0.4527359,-0.5883874,1.6667298,24
2025-02-15,trafik,8.001201,75.04047,0.047118177462834865,987.3623,0.29534975,-0.33331108,1.0933193,24
2025-02-16,trafik,8.91859,74.94378,0.5669951206073165,984.3289,0.17962964,-0.10032018,1.4203434,24
2025-02-17,trafik,8.6528425,89.79243,7.258865050971508,984.7339,-0.10373751,-0.17992719,1.3113776,24
2025-02-18,trafik,9.526134,95.49685,36.41630709171295,985.29663,-0.34375405,-0.26100603,1.1034515,24
2025-02-19,trafik,10.666412,67.17226,4.072308540344238,983.40106,0.9296932,-2.16866,2.4380145,24
2025-02-20,trafik,7.1388955,40.839985,0.004157423063588794,986.3786,1.6245047,-4.895653,5.239346,24
2025-02-21,trafik,4.513021,35.68127,0.0004351138045421976,990.251,0.98775166,-4.6619687,4.8770804,24
2025-02-22,trafik,3.163456,32.8947,0.00035762786865234375,992.685,1.1656246,-4.7174244,4.9061375,24
2025-02-23,trafik,2.9491284,33.665302,0.000852346317969932,994.6962,0.44748178,-3.8789198,3.9283254,24
2025-02-24,trafik,4.0374656,40.66961,0.000861157957388059,995.95605,-0.024369558,-2.2827895,2.7650745,24
2025-02-25,trafik,5.102997,62.97472,0.050960919907083735,993.6884,-0.4047222,-0.0841395,1.1042284,24
2025-02-26,trafik,7.2026367,74.430336,0.1165338690043427,991.0115,-0.050136566,-0.15812619,1.3204919,24
2025-02-27,trafik,7.991404,76.84116,1.2520738528110087,991.5496,0.09100851,-0.13368416,1.5551482,24
2025-02-28,trafik,8.651164,88.13019,5.370381521061063,987.89813,-0.116558075,-0.5757179,1.2879213,24
2025-03-01,trafik,10.261108,75.19441,0.04646182060241699,988.3156,0.93682986,-0.5476672,1.7615986,24
2025-03-02,trafik,10.195435,82.37455,2.6358842842455488,989.99493,0.1410929,-0.074980415,1.3599434,24
2025-03-03,trafik,10.603169,87.52832,12.762680649757385,984.5573,0.33149564,-0.7277786,1.3041593,24
2025-03-04,trafik,11.101644,61.568527,0.03932714389520697,982.63446,0.83469266,-2.2436402,2.6588128,24
2025-03-05,trafik,13.206207,51.58638,0.0004351138045421976,986.6399,1.3983437,-2.1652849,2.7470872,24
2025-03-06,trafik,14.646892,48.048016,0.0,989.99615,1.5949535,-2.1815617,2.8568566,24
2025-03-07,trafik,15.981862,42.208656,0.0,986.2382,1.1833509,-1.1906124,2.1257427,24
2025-03-08,trafik,14.011556,59.38654,0.0025684157662908547,980.58887,0.8325539,-0.31442758,1.7032841,24
2025-03-09,trafik,11.915975,76.63897,0.03528375418682117,981.6735,-0.03639984,-0.4985988,1.385386,24
2025-03-10,trafik,11.627116,83.19626,0.17248392396140844,986.2115,0.23885727,0.17494082,1.4892565,24
2025-03-11,trafik,11.94162,82.99102,0.043711297621484846,989.6607,0.095326744,0.28689173,1.4242277,24
2025-03-12,trafik,12.381398,75.314125,0.02365708314755466,989.55817,0.5408993,-0.16715495,1.6079475,24
2025-03-13,trafik,13.71458,66.788376,0.000852346317969932,986.7817,0.6307786,-0.17213981,1.7501899,24
2025-03-14,trafik,16.27355,62.750896,0.0012865057215094566,987.09735,1.1776441,-0.36499658,1.8357668,24
2025-03-15,trafik,18.23884,59.280636,0.0021521964299608953,988.9598,1.2606081,-0.24974354,1.9786181,24
2025-03-16,trafik,17.155924,61.22879,0.10245442535961047,987.0184,0.80629987,-0.08721542,1.7213565,24
2025-03-17,trafik,15.643992,69.05428,0.08305907249450684,980.9204,-0.2629439,0.0887084,1.519334,24
2025-03-18,trafik,14.657756,62.68691,0.8620381122455001,977.25507,0.9055292,-0.6643638,1.9851727,24
2025-03-19,trafik,10.269501,54.307617,2.586543560028076,980.00757,1.9207729,-4.3373437,4.832105,24
2025-03-20,trafik,6.993459,36.75172,0.0,987.25885,2.1033866,-5.7324715,6.279953,24
2025-03-21,trafik,8.899211,42.69779,0.0012874601225121296,988.1502,1.2538916,-3.9039211,4.3134093,24
2025-03-22,trafik,10.248158,53.687943,0.0013008348105358891,989.30023,0.48151907,-0.68870544,1.9811791,24
2025-03-23,trafik,10.724396,72.5992,0.2078272373182699,993.46515,-0.09020869,0.25836563,1.4998027,24
2025-03-24,trafik,13.231384,77.78191,0.4117638018215075,995.8318,0.41335714,0.27753034,1.3683137,24
2025-03-25,trafik,16.364767,75.08225,0.07175207429099828,992.77075,0.6376334,0.15856807,1.5894512,24
2025-03-26,trafik,17.529593,68.02383,0.06735622810083441,985.9446,0.7460124,-0.0071478686,1.5392276,24
2025-03-27,trafik,17.34147,64.08103,0.0032961368106043665,980.9692,0.76348615,0.1320585,1.7223214,24
2025-03-28,trafik,17.868155,61.838978,0.12601044022630958,974.9952,0.0757722,0.6394664,2.0082982,24
2025-03-29,trafik,14.066051,88.510216,22.706660740368534,975.2178,-1.031295,0.29817355,2.004236,24
2025-03-30,trafik,11.86262,89.0859,13.601640239357948,977.2442,-0.60786057,0.4467747,1.4179019,24
2025-03-31,trafik,12.161672,85.6993,6.123575381934643,980.35913,-0.10940806,-0.24027252,1.1698538,24
2025-04-01,trafik,12.068166,87.42951,35.652074962854385,977.38446,-0.029010853,0.21147521,1.5456114,24
2025-04-02,trafik,12.383118,93.882164,31.071696430444717,976.073,-0.7570693,0.55448365,1.4365859,24
2025-04-03,trafik,12.788971,83.03498,3.040286945179105,981.07513,-0.02404213,0.0047704377,1.4168013,24
2025-04-04,trafik,12.059113,82.96186,3.864800790324807,981.42413,-0.25136948,-0.07548269,1.3609519,24
2025-04-05,trafik,11.724681,88.58921,12.668481096625328,978.28827,-0.24702723,0.024368921,1.4819506,24
2025-04-06,trafik,11.742848,89.122154,11.952217668294907,978.6047,-0.78205425,0.33726156,1.6246943,24
2025-04-07,trafik,12.468262,88.74767,4.9196959007531404,981.2049,-0.6028156,0.43140963,1.6897494,24
2025-04-08,trafik,13.206451,88.52264,9.152486687526107,982.14496,-0.43046442,-0.34115925,1.2133912,24
2025-04-09,trafik,13.307628,68.36849,1.5135586727410555,977.98047,0.56140774,-1.544015,1.9111032,24
2025-04-10,trafik,11.092,44.181477,0.0024765729449427454,980.85785,2.0066097,-2.7099047,3.6783564,24
2025-04-11,trafik,10.364797,49.48918,0.31974338344298303,978.10205,0.8657449,-1.676319,2.1130564,24
2025-04-12,trafik,10.930278,49.658085,0.9088658262044191,980.00555,0.3379898,-1.3956236,2.2708619,24
2025-04-13,trafik,12.728435,58.473343,0.523003935086308,982.5053,0.7166608,-1.7477347,2.1018898,24
2025-04-14,trafik,12.55244,53.83153,0.0008583068620282575,985.9983,0.5070839,-1.9944004,2.32489,24
2025-04-15,trafik,14.451467,44.65779,0.0008472074455312395,987.6253,1.4446926,-2.0564837,2.7222662,24
2025-04-16,trafik,17.761892,45.90212,0.0,988.46735,1.5560907,-1.191288,2.1568735,24
2025-04-17,trafik,17.216257,57.78944,0.0029980064937262796,988.3488,0.6759987,0.049828928,1.6545295,24
2025-04-18,trafik,17.57673,68.72755,0.011014193660230376,984.2955,0.5783596,0.19468348,1.708728,24
2025-04-19,trafik,16.86441,75.51139,0.24341046810150146,980.5325,-0.39489302,0.3217138,1.6004561,24
2025-04-20,trafik,16.046896,77.34382,0.18512011592974886,979.3775,0.17262967,0.28109586,1.5353785,24
2025-04-21,trafik,15.68809,79.895836,0.13143608521204442,980.071,0.03675588,0.566566,1.6550642,24
2025-04-22,trafik,17.21106,75.60889,0.4539371147984639,980.5708,0.53742343,0.16551845,1.5947752,24
2025-04-23,trafik,19.786133,63.166397,0.1167863592854701,977.1345,0.93510693,-0.60372096,1.9149427,24
2025-04-24,trafik,16.299866,81.13524,15.897556593699846,974.978,-0.39087424,0.53797394,1.7426947,24
2025-04-25,trafik,14.279643,90.53486,28.950965031981468,977.383,-0.67478114,-0.20043881,1.2554148,24
2025-04-26,trafik,15.351501,78.15087,3.557339310646057,979.3015,-0.12673569,0.17300427,1.4744927,24
2025-04-27,trafik,15.426595,76.37101,0.05399586007115431,982.0677,0.15010898,0.15217428,1.5310807,24
2025-04-28,trafik,17.363373,69.345215,0.2937596873380244,981.35815,0.43792662,-0.30803633,1.8779378,24
2025-04-29,trafik,17.370218,66.66232,0.6407420733012259,979.3304,0.33429274,-0.37908617,1.7335526,24
2025-04-30,trafik,16.22818,75.54742,5.800887942314148,977.6889,0.8804652,-0.50280195,1.1923226,24
2025-05-01,trafik,14.143799,92.33343,25.196682661771774,977.05786,-1.1991081,1.27097,1.8296088,24
2025-05-02,trafik,15.192128,76.84838,1.0893821599893272,979.35443,-0.32077217,-0.059868257,1.4356036,24
2025-05-03,trafik,16.073965,74.00569,0.44927000999450684,980.5611,0.46914926,-0.5035047,1.6495305,24
2025-05-04,trafik,16.733215,73.365524,0.022678346795146354,979.998,0.47953033,-0.12600736,1.7625474,24
2025-05-05,trafik,17.875803,66.82134,0.0008523463748133508,980.02124,0.46118546,0.16758735,1.650191,24
2025-05-06,trafik,17.966665,76.690254,0.5600755685009062,984.31854,-0.034979504,0.4156952,1.5159454,24
2025-05-07,trafik,18.202332,78.93082,0.5460357060655951,985.80865,0.14681561,0.54763794,1.5189689,24
2025-05-08,trafik,19.122244,75.81776,0.6864279275760055,983.2803,0.17614937,0.11304339,1.5982481,24
2025-05-09,trafik,20.678427,68.65901,0.05238056110101752,982.9184,0.5881341,0.21097629,1.5161208,24
2025-05-10,trafik,20.396536,73.36834,0.8024811977520585,982.251,0.32536125,-0.13184147,1.6169714,24
2025-05-11,trafik,20.079172,69.57482,0.09422898438060656,978.0289,-0.09170151,-0.094009876,1.5572373,24
2025-05-12,trafik,20.091635,67.46743,0.07236003875732422,973.6741,0.9068966,-0.3565426,1.6447028,24
2025-05-13,trafik,20.302765,59.10306,0.12802481069229543,972.9473,1.0798804,-0.6589423,1.7237357,24
2025-05-14,trafik,18.677887,66.26238,2.241164445877075,976.93744,0.510753,0.0358185,1.5132842,24
2025-05-15,trafik,18.59252,65.49436,0.0029635366445290856,981.00757,0.01204745,-0.011708339,1.7373194,24
2025-05-16,trafik,17.383963,79.08292,0.633987772744149,984.1572,-0.68337125,0.99535066,1.8497661,24
2025-05-17,trafik,18.852652,70.26916,0.0025659801394795068,982.26587,-0.40082994,0.42498028,1.2723514,24
2025-05-18,trafik,19.450897,66.1063,0.6969720125198364,983.10114,0.2696654,0.2314771,1.5673485,24
2025-05-19,trafik,20.798136,53.53845,0.0017285113926845952,983.7354,0.79673785,-0.72828037,2.2704458,24
2025-05-20,trafik,20.74587,59.084198,0.0017081086411963042,981.7775,0.71659917,-0.21976924,1.3057085,24
2025-05-21,trafik,21.944204,54.64452,0.002145116923202295,982.608,0.8743057,-0.5380602,2.0244048,24
2025-05-22,trafik,23.787619,52.38062,0.00718235969543457,981.0205,1.2212658,-0.52928734,1.8714651,24
2025-05-23,trafik,25.010925,47.589787,0.0,978.1826,1.1476078,-0.14600451,2.171044,24
2025-05-24,trafik,25.735361,46.608425,0.1314759283559397,978.9871,1.9081255,-1.0978655,2.630336,24
2025-05-25,trafik,25.08963,56.366734,0.7366269855992869,978.9834,0.6945343,0.25188324,1.7939353,24
2025-05-26,trafik,23.36442,63.47713,0.06829202175140381,975.7586,-0.035731632,0.42660585,1.8802644,24
2025-05-27,trafik,22.862274,58.605637,0.0008612871056357108,974.7858,1.0875854,-1.0016714,1.9085318,24
2025-05-28,trafik,22.00466,52.165775,0.028118491172790527,976.6182,0.9346593,-0.7206497,2.1380389,24
2025-05-29,trafik,19.216604,70.5908,5.296304821968079,976.47675,0.68378574,-0.29152238,1.5264918,24
2025-05-30,trafik,18.138193,80.417015,14.216259121894836,977.92633,-0.43568993,0.025599917,1.0405934,24
2025-05-31,trafik,17.448862,77.70333,2.2940190974622965,980.323,0.058809917,-0.19757915,1.5061747,24
2025-06-01,trafik,18.819223,68.85969,0.030538936698576435,981.57544,0.067150116,0.021868268,1.6433574,24
2025-06-02,trafik,20.950644,66.03251,0.028625130653381348,983.77264,0.5357539,-0.31032765,1.0740932,24
2025-06-03,trafik,23.217184,56.930573,0.0008583068620282575,983.57855,1.0531616,-1.7226406,2.2946513,24
2025-06-04,trafik,25.409943,44.727642,0.0008583068620282575,983.0349,1.5461622,-1.9416605,2.7170308,24
2025-06-05,trafik,26.607218,44.4646,0.0,982.33624,0.9996834,-0.59490556,1.866094,24
2025-06-06,trafik,26.611704,50.331905,0.0,980.7324,0.901212,-0.20930827,1.651545,24
2025-06-07,trafik,26.977713,52.375874,0.0004410743486005231,979.56177,0.81901425,-0.252074,1.8510809,24
2025-06-08,trafik,27.10021,54.383,0.0008583068620282575,977.80426,0.9247157,-0.2194999,1.8728104,24
2025-06-09,trafik,27.080576,53.138733,0.0008702277796146518,977.5362,0.79451495,-0.15951447,1.7747617,24
2025-06-10,trafik,27.214884,53.50851,0.000852346317969932,976.57697,0.86542386,0.01618894,1.8493749,24
2025-06-11,trafik,28.273132,44.72023,0.0,975.47894,0.81937534,-0.22357409,1.9543066,24
2025-06-12,trafik,27.818735,53.805145,0.0,977.12933,0.64982224,0.041396696,1.7080855,24
2025-06-13,trafik,27.705423,56.976795,1.1533737182389814,977.7771,0.6287301,0.28726336,1.8060498,24
2025-06-14,trafik,27.261648,60.91965,0.12707116547971964,976.7249,0.6033573,0.06263796,1.4455982,24
2025-06-15,trafik,26.541962,48.346973,0.0025667541194707155,976.2795,1.0445461,-1.8420025,2.287513,24
2025-06-16,trafik,26.220877,35.45689,0.002158694769605063,977.12054,1.1176643,-2.3217897,2.7157714,24
2025-06-17,trafik,27.104593,30.011253,0.0,978.98676,1.2386017,-2.4204938,2.8584843,24
2025-06-18,trafik,28.261435,30.338455,0.0012853206499130465,980.5422,0.98665875,-0.94921607,1.9919863,24
2025-06-19,trafik,28.837942,35.646553,2.1391315385699272e-06,979.62573,0.9601593,-0.7537699,2.0942748,24
2025-06-20,trafik,29.363434,41.06762,0.0008463858875984442,976.9865,0.94077045,-0.04728802,1.6976103,24
2025-06-21,trafik,27.808268,49.582,0.9443163871765137,976.6408,0.8741786,-0.19957452,1.8371806,24
2025-06-22,trafik,26.968039,49.619473,2.1795033244416118,977.3264,1.1840807,-1.2705032,2.0033152,24
2025-06-23,trafik,28.478354,32.61128,0.00043682769046426984,977.92773,1.3347473,-2.1569412,2.6982992,24
2025-06-24,trafik,29.330252,27.891182,0.0012837981557822786,977.6258,1.1565298,-0.90483433,2.1797593,24
2025-06-25,trafik,30.38671,33.359493,0.0008523463748133508,976.3232,1.1745815,-0.72552365,1.9124588,24
2025-06-26,trafik,31.84613,29.63983,0.0,975.29034,1.2241116,-1.1497974,1.925179,24
2025-06-27,trafik,32.59654,26.954277,0.0,975.1585,1.4259897,-1.8699232,2.5412302,24
2025-06-28,trafik,32.506,29.045855,0.0012878535926574841,971.35626,1.1367422,-1.1543127,2.0025966,24
2025-06-29,trafik,29.582743,31.265907,4.426510713528842e-06,970.7993,1.2858988,-3.641136,3.9775105,24
2025-06-30,trafik,27.912577,29.280184,0.0004261731874066754,975.0019,1.487266,-3.057017,3.4809272,24
2025-07-01,trafik,29.333954,34.71969,0.0,974.6414,1.0532562,-1.2565473,1.9872662,24
2025-07-02,trafik,30.433847,34.18588,0.000852346317969932,975.1004,0.95643187,-2.0936198,2.4733202,24
2025-07-03,trafik,28.790518,21.866251,0.0004351138045421976,977.97577,1.3367229,-3.73135,4.0379167,24
2025-07-04,trafik,28.952148,25.519485,0.000852346317969932,979.19946,0.85240746,-3.153602,3.3914516,24
2025-07-05,trafik,29.29361,32.38435,0.0004351138613856165,979.44116,0.7581571,-0.728628,1.712396,24
2025-07-06,trafik,29.955679,39.935726,0.0004351138045421976,978.2868,0.623059,0.07932019,1.644849,24
2025-07-07,trafik,30.897165,37.50793,0.0,974.9824,0.566426,0.18921173,1.8644705,24
2025-07-08,trafik,29.399343,44.76436,0.0,973.4529,0.2075119,0.50311685,1.6506056,24
2025-07-09,trafik,28.658417,54.78581,0.003426653620408615,973.25635,0.137626,0.57247984,1.7242293,24
2025-07-10,trafik,27.446106,63.73035,0.1417854946339503,972.59204,-0.13749059,0.6376383,1.7098346,24
2025-07-11,trafik,26.411102,66.80189,0.030729173886356875,974.4234,-0.41428313,0.68075293,1.5889908,24
2025-07-12,trafik,26.834799,68.48904,0.000852346317969932,976.87823,-0.36695352,0.8216745,1.5351648,24
2025-07-13,trafik,27.34815,69.970436,0.0012934200981362665,977.7946,-0.15702121,0.6702633,1.5841784,24
2025-07-14,trafik,28.359884,67.61552,2.3841835172788706e-05,975.1282,-0.07451884,0.75633126,1.5581409,24
2025-07-15,trafik,27.9369,74.32528,2.7847527526319027,971.388,-0.2223854,1.0049285,1.5228635,24
2025-07-16,trafik,27.146921,76.87276,2.829272300004959,972.46796,0.14045334,0.75876397,1.4378085,24
2025-07-17,trafik,27.63262,76.154495,1.3702758587896824,976.2912,-0.056692082,0.97950727,1.4346012,24
2025-07-18,trafik,27.1303,79.380455,1.1877225479111075,977.6502,-0.27632332,0.784354,1.2647066,24
2025-07-19,trafik,27.94053,69.96891,0.235614221310243,975.5588,0.22722244,0.61142015,1.4069713,24
2025-07-20,trafik,29.727,55.39395,0.0004410743486005231,973.0682,0.7067973,-0.19862096,1.8492922,24
2025-07-21,trafik,29.96813,53.032604,0.0,973.67267,0.6332181,-0.10156294,1.9852495,24
2025-07-22,trafik,30.672964,49.3589,0.0,975.6446,0.71007985,0.08337828,1.9463779,24
2025-07-23,trafik,32.462147,41.735077,0.0012847312973462977,974.1705,1.1100966,-0.21503842,1.7351599,24
2025-07-24,trafik,33.94862,33.86373,0.0012814989531761967,971.6103,1.4575386,-1.4592892,2.225092,24
2025-07-25,trafik,35.09268,22.201044,0.0,971.53925,1.5169863,-3.1364586,3.644894,24
2025-07-26,trafik,34.703327,21.09791,0.0,971.0017,1.3866209,-2.4420993,2.9347227,24
2025-07-27,trafik,32.125904,34.891632,0.0,970.61505,0.37120438,0.24688466,1.9683808,24
2025-07-28,trafik,29.130869,56.951412,0.006780028343200684,970.7867,-0.3014679,0.706621,1.6075983,24
2025-07-29,trafik,27.774393,69.68845,0.00947713851928711,972.47974,-0.5340684,0.7501258,1.4362098,24
2025-07-30,trafik,27.143814,72.38235,0.0,975.0845,-0.5212326,0.837466,1.4989052,24
2025-07-31,trafik,27.103409,73.29628,0.0020980833141948096,973.94165,-0.61501056,0.9288082,1.4762244,24
2025-08-01,trafik,27.523361,72.88098,0.12558698563225335,970.97894,-0.562418,0.8001211,1.5344423,24
2025-08-02,trafik,26.772268,79.32314,1.3975947658764198,973.137,-0.7420495,0.8467102,1.694129,24
2025-08-03,trafik,26.223337,72.77207,0.08311226338264532,976.9091,-0.621741,0.61280376,1.4136051,24
2025-08-04,trafik,27.318268,70.70189,0.0030015471566002816,978.3023,-0.33830962,0.6949852,1.5025359,24
2025-08-05,trafik,28.5608,68.2223,0.0025451181500102393,977.4598,-0.16344707,0.6239762,1.5890136,24
2025-08-06,trafik,29.461557,63.001728,0.0012736212511299527,975.39185,-0.25181517,0.7566417,1.740657,24
2025-08-07,trafik,28.924063,60.627155,0.00043511374769877875,974.52765,-0.18764623,0.55167156,1.4614383,24
2025-08-08,trafik,31.703674,48.929577,0.0,975.4082,0.4224116,-0.41759387,1.1995023,24
2025-08-09,trafik,34.455517,29.648216,0.0012874597814516164,977.48737,0.9994399,-1.9386326,2.4867105,24
2025-08-10,trafik,34.631702,29.3023,0.0008583068620282575,977.4932,0.6864465,-0.6927336,2.1406639,24
2025-08-11,trafik,32.294903,35.836567,0.0,976.48016,0.35256448,0.07904204,1.7797142,24
2025-08-12,trafik,32.399963,35.031704,0.0004261731874066754,977.3121,0.49726233,-0.014795144,1.7164083,24
2025-08-13,trafik,32.875935,30.47582,0.0008510056659360998,978.3427,0.51522,-0.17883527,1.7312202,24
2025-08-14,trafik,31.485556,37.06487,0.0004261731874066754,977.7217,0.2231636,0.047694247,1.9297299,24
2025-08-15,trafik,29.65091,45.372208,0.002573769961600192,975.08813,0.28975424,0.05613804,1.8710443,24
2025-08-16,trafik,27.442606,61.222034,0.0008535130859854689,973.3601,-0.4485639,0.45646945,1.5382234,24
2025-08-17,trafik,27.125467,70.730034,0.00807642936706543,974.29517,-0.71730167,0.7774978,1.7687575,24
2025-08-18,trafik,26.454214,66.43922,0.0008137649274431169,976.25977,-0.43419328,0.38205466,1.4012841,24
2025-08-19,trafik,27.964447,54.823338,0.000852346317969932,974.7485,0.13923581,0.21777876,1.6315256,24
2025-08-20,trafik,28.723043,53.8961,0.000852346317969932,972.7536,0.34447607,-0.091015935,1.6191683,24
2025-08-21,trafik,29.766562,43.577267,0.002571718141552992,974.88574,0.57626534,-0.4932944,2.1817796,24
2025-08-22,trafik,29.984396,43.437824,0.0,975.8799,0.49808946,0.15931018,1.8463445,24
2025-08-23,trafik,29.550344,44.368195,0.0008583068620282575,974.28217,0.30675635,0.17993419,1.8393723,24
2025-08-24,trafik,28.452646,54.194656,0.0,973.1857,0.3348268,-0.1683991,1.5404674,24
2025-08-25,trafik,30.070719,42.172512,0.011160969734191895,974.85645,0.68627995,-1.1371332,2.14501,24
2025-08-26,trafik,29.460135,49.374466,0.07698238187003881,975.5237,0.2647934,-0.12601312,1.6222028,24
2025-08-27,trafik,29.147614,51.44188,0.0,976.1558,-0.2177798,0.31195512,1.7149054,24
2025-08-28,trafik,28.738516,44.947556,0.0008583068620282575,976.9314,0.1776352,-0.19702621,1.7177671,24
2025-08-29,trafik,27.471619,57.43591,0.001940898016528081,977.844,-0.3719616,0.5929955,1.5505353,24
2025-08-30,trafik,25.844156,74.06445,0.016168606634892058,979.52466,-0.58398247,0.6135654,1.488533,24
2025-08-31,trafik,27.068594,65.61393,0.002587852577562444,978.92865,-0.026631037,0.4800932,1.4748479,24
2025-09-01,trafik,27.611359,60.479385,0.0004405845288601995,976.04926,0.18823497,0.4141862,1.5109252,24
2025-09-02,trafik,27.831045,58.289112,0.0008515731337865873,972.81805,0.18671735,0.23397596,1.628223,24
2025-09-03,trafik,29.980764,45.62524,0.0004261731874066754,972.6426,0.8090336,-0.9921196,1.6584692,24
2025-09-04,trafik,28.331991,45.167118,0.010514258974581026,973.98126,0.0591259,-0.21770437,1.9944693,24
2025-09-05,trafik,26.587027,64.68492,0.47981739044189453,977.21405,-0.44726053,0.54780424,1.765268,24
2025-09-06,trafik,24.942728,67.47432,0.09853541996562853,979.0557,-0.48918405,-0.022271117,1.5002426,24
2025-09-07,trafik,25.143097,62.89773,0.07721185829723254,977.4908,0.0070298514,0.3023409,1.4379174,24
2025-09-08,trafik,25.325735,63.845036,1.0942996013909578,976.2468,0.22882652,0.006014665,1.4747272,24
2025-09-09,trafik,25.493235,59.89175,0.06146430678199977,978.23114,0.28507805,-0.27228355,1.6938733,24
2025-09-10,trafik,27.186747,49.042694,0.0008583068051848386,980.6833,0.7430623,-0.9762719,1.6178559,24
2025-09-11,trafik,28.253174,38.4326,0.0,979.8947,1.1569506,-1.5909532,2.147455,24
2025-09-12,trafik,27.725647,44.736206,0.000852346317969932,979.8147,0.40570387,-0.34077528,1.9005753,24
2025-09-13,trafik,27.370779,53.711086,0.000852346317969932,980.27515,0.37115923,-0.06738472,1.6387795,24
2025-09-14,trafik,27.698975,52.090332,0.0004410743486005231,980.2988,0.31157747,-0.04381752,1.8487862,24
2025-09-15,trafik,26.787283,56.024456,0.1977014180738479,979.79474,0.27958298,0.15219562,1.5489572,24
2025-09-16,trafik,27.557596,56.226665,0.0,979.0647,0.7570362,-0.29685518,1.612823,24
2025-09-17,trafik,27.181387,48.53723,0.000852346317969932,978.3645,0.3770472,-0.1507972,2.0037296,24
2025-09-18,trafik,26.254007,44.332443,0.0,978.1232,1.1399975,-3.0971997,3.443299,24
2025-09-19,trafik,23.087667,30.315294,0.0004261731874066754,983.9063,1.9146067,-4.9162154,5.3378463,24
2025-09-20,trafik,24.453146,31.717615,0.0012874597814516164,984.13184,1.185552,-2.6751108,3.0329578,24
2025-09-21,trafik,25.816172,32.854294,0.0004410746328176174,982.2561,0.8809573,-1.2633967,2.0065424,24
2025-09-22,trafik,24.387075,41.118458,0.0017046922948793508,982.28033,0.22404544,-0.4778519,1.8038481,24
2025-09-23,trafik,23.719727,51.041668,0.0,983.2054,0.24467976,0.07141598,1.6474743,24
2025-09-24,trafik,23.720713,48.66981,0.0,981.1804,0.50846416,-0.0553209,1.6972688,24
2025-09-25,trafik,25.948334,39.823223,0.0,978.20776,1.3222237,-0.62349665,1.7795467,24
2025-09-26,trafik,26.166433,38.619434,0.0008583068620282575,979.19556,0.7312196,-0.43436572,1.9318209,24
2025-09-27,trafik,23.947083,57.136997,0.012040138244628906,980.8072,-0.09370422,0.013619264,1.8592397,24
2025-09-28,trafik,22.173767,79.784706,1.7913043266162276,981.624,-0.8722394,0.40506038,1.7404369,24
2025-09-29,trafik,20.849558,84.05497,9.428157820366323,981.66675,-0.70082855,-0.061328053,1.4830533,24
2025-09-30,trafik,22.730286,63.778538,4.633995937183499,980.31635,0.7492625,-2.043825,2.2230432,24
2025-10-01,trafik,22.295746,46.859417,0.0,980.17163,0.6352088,-1.1981791,2.1290233,24
2025-10-02,trafik,20.659262,63.684708,0.5753576988354325,979.35175,-0.11577924,-0.0098268585,1.676251,24
2025-10-03,trafik,20.347055,82.14044,7.3763905093073845,979.7312,-1.1848869,1.6434898,2.1245015,24
2025-10-04,trafik,20.03776,84.03972,6.768259219825268,983.36334,-1.1812228,1.0921806,1.8599266,24
2025-10-05,trafik,19.210196,64.52693,0.013470742828758375,984.39764,0.31089845,-0.3639965,1.4870421,24
2025-10-06,trafik,19.374878,67.09982,0.0025719400582602248,981.5076,-0.0814983,0.053998947,1.4876469,24
2025-10-07,trafik,17.99704,88.84759,16.970589756965637,978.70795,-1.0551642,1.4445839,2.3380408,24
2025-10-08,trafik,17.137045,81.83613,8.807760663330555,976.7324,-0.63474655,1.6867743,2.0544946,24
2025-10-09,trafik,16.223795,75.7259,9.84492339193821,983.0501,-0.2531325,-0.4846047,1.5312953,24
2025-10-10,trafik,17.925241,62.113445,0.0,987.73724,0.88888806,-1.2618037,1.9654058,24
2025-10-11,trafik,17.827414,66.716644,0.01029968279908644,984.41754,0.44963777,-0.45345291,1.8189073,24
2025-10-12,trafik,17.633972,46.35848,0.0008661395440867636,983.5652,2.0292957,-4.2042966,4.7021384,24
2025-10-13,trafik,16.93107,48.92329,0.00042416900214448106,985.22876,0.59827167,-1.6256108,2.4149349,24
2025-10-14,trafik,16.42743,67.46493,0.0012889495337731205,985.39764,0.15562768,-0.09924412,1.3654302,24
2025-10-15,trafik,17.146341,70.4633,0.0,984.7753,0.31666628,-0.15720177,1.3429432,24
2025-10-16,trafik,17.833578,69.30831,0.0017195934560731985,984.9204,0.5034504,-0.20306115,1.4519473,24
2025-10-17,trafik,17.899994,68.22744,0.0008583068620282575,987.04083,0.4699739,-0.12657285,1.521139,24
2025-10-18,trafik,17.146942,77.71944,0.15509426884818822,987.6021,0.13868523,-0.0784837,1.593038,24
2025-10-19,trafik,18.48472,73.87824,0.0008940696716308594,985.3769,0.5838153,-0.026885906,1.4278635,24
2025-10-20,trafik,18.294016,76.24656,1.687216805294156,983.16547,0.6928018,-0.36138988,1.2201519,24
2025-10-21,trafik,18.70343,74.95503,2.9444098472595215,983.01654,0.6981621,-0.1697423,1.0031449,24
2025-10-22,trafik,18.053812,80.826256,5.792019423097372,984.86383,-0.0095933275,0.208607,1.32945,24
2025-10-23,trafik,16.715149,92.83163,32.762748654931784,984.8317,0.8830166,-0.72038895,1.2811184,24
2025-10-24,trafik,17.8945,86.008156,1.5765369171276689,983.2666,0.01091512,-0.17049114,1.4698443,24
2025-10-25,trafik,18.121063,89.0719,4.508554935455322,983.00854,-0.37469545,-0.07556089,1.1314346,24
2025-10-26,trafik,18.266855,86.12616,1.4224498299881816,982.6536,-0.01619339,0.054028828,1.4044056,24
2025-10-27,trafik,18.135427,84.99297,0.6868570926599205,983.46906,-0.56673354,0.37760806,1.3040212,24
2025-10-28,trafik,17.175333,94.0911,16.479581652674824,983.3925,-0.71956474,1.0766186,1.5447211,24
2025-10-29,trafik,18.3991,67.33528,0.8930295589379966,985.4223,1.3309847,-2.29751,2.7265499,24
2025-10-30,trafik,17.231333,53.795654,0.0004351138045421976,987.60986,1.0600783,-0.91577595,1.8375205,24
2025-10-31,trafik,16.608194,68.1688,0.0,987.8315,1.1645819,-0.36224863,1.6762322,24
2025-11-01,trafik,18.260214,66.33815,0.000852346317969932,987.12384,1.1383286,-0.2815704,1.5846568,24
2025-11-02,trafik,18.772024,68.237564,0.0004351138045421976,987.0566,1.0497952,-0.41064838,1.4604249,24
2025-11-03,trafik,17.173492,67.30452,0.0,987.6948,1.0848681,-0.81728786,1.6074886,24
2025-11-04,trafik,17.663187,58.644787,0.0,987.03644,1.2183691,-0.8603036,1.7693523,24
2025-11-05,trafik,18.200796,62.758636,0.1541197241294867,985.0008,1.3164158,-0.8353917,1.8667612,24
2025-11-06,trafik,18.908112,69.7566,3.8245499890763313,981.39606,1.6104189,-1.175411,2.0570257,24
2025-11-07,trafik,15.83139,90.53815,7.1666238363832235,983.7183,0.23637708,-0.52431935,1.2056013,24
2025-11-08,trafik,16.34266,82.77179,0.055161119234981015,987.74194,0.6256447,-0.6784217,1.5235786,24
2025-11-09,trafik,16.25649,77.52158,0.003916014293281478,989.1309,0.7994016,-0.4570702,1.5098697,24
2025-11-10,trafik,15.368469,75.136665,0.0,987.18585,0.8526471,-0.757178,1.4694715,24
2025-11-11,trafik,15.009908,76.398705,0.3290265681243909,983.9545,0.52873546,-0.16307135,1.6501156,24
2025-11-12,trafik,14.863393,84.21938,4.726534883957356,985.6687,0.66177815,-0.7980191,1.415638,24
2025-11-13,trafik,15.044057,74.68659,0.017702579498291016,985.3162,1.2040476,-1.0273777,1.7473286,24
2025-11-14,trafik,14.99055,51.96146,0.001720833097351715,983.7569,1.6572787,-3.1966116,3.6866386,24
2025-11-15,trafik,13.152415,47.400528,0.0,983.3626,1.377273,-3.0979192,3.43628,24
2025-11-16,trafik,13.214549,57.236652,0.0012785195053766074,987.2636,0.6749827,-0.61497563,1.5835389,24
2025-11-17,trafik,12.719523,73.802055,0.0004351138045421976,992.9675,0.6024219,-0.3841699,1.4293361,24
2025-11-18,trafik,13.695933,81.36933,0.012853369128151826,993.2901,0.6186854,-0.39591432,1.3418335,24
2025-11-19,trafik,13.455922,76.69605,0.0,990.86017,0.64424896,-0.6490807,1.3781838,24
2025-11-20,trafik,14.400879,74.30352,0.0017106532368416083,990.3027,0.7053769,-0.44750682,1.5367651,24
2025-11-21,trafik,15.319652,72.59152,0.0019152530512656085,990.8057,1.2711337,-0.55154145,1.7490807,24
2025-11-22,trafik,17.21283,67.759926,0.0008463859444418631,990.0686,0.74450684,0.04028054,1.3324579,24
2025-11-23,trafik,17.006815,70.49307,0.0,987.1079,0.8050435,-0.0041066012,1.4771551,24
2025-11-24,trafik,14.034729,86.777794,35.68722307682037,984.86255,1.1697203,-1.025807,1.6954306,24
2025-11-25,trafik,15.357533,73.22673,0.6881892622914165,985.0513,0.64661217,-0.6299188,1.4938532,24
2025-11-26,trafik,13.224742,91.64331,6.126433640019968,988.1211,-0.048813503,-0.14619724,0.95839006,24
2025-11-27,trafik,14.373799,87.885445,1.5716823982074857,988.50903,-0.5526454,-0.27129802,1.0314883,24
2025-11-28,trafik,14.056783,85.28114,1.3508627889677882,988.24384,0.3101546,-0.70571524,1.231756,24
2025-11-29,trafik,13.700063,86.69114,17.664069309830666,983.10474,0.29897055,0.41403842,1.9119172,24
2025-11-30,trafik,12.374949,86.44727,8.582977578043938,981.18524,0.28866372,-0.5235259,1.423532,24
2025-12-01,trafik,11.579539,75.73426,0.21719932556152344,985.97614,0.47791323,-0.49736348,1.3066882,24
2025-12-02,trafik,12.265788,67.161415,0.000852346317969932,988.2227,0.89600563,-0.74714404,1.6060472,24
2025-12-03,trafik,10.779114,76.294945,0.000852346317969932,989.27905,0.6189105,-0.665514,1.4287857,24
2025-12-04,trafik,11.874166,84.54997,2.392023801803589,987.19434,0.93210816,-0.8816058,1.3873633,24
2025-12-05,trafik,11.740723,92.85984,44.81238126754761,981.37646,-0.105735265,0.26546326,1.9162998,24
2025-12-06,trafik,11.931641,97.45937,43.07954013347626,978.71857,-0.6155418,0.057056427,0.8238072,24
2025-12-07,trafik,11.336558,91.957214,9.630250744521618,977.0828,-0.68443394,-1.115757,1.4668993,24
2025-12-08,trafik,11.355988,78.470825,0.07717311382293701,980.5905,0.8296973,-1.2498499,1.6350619,24
2025-12-09,trafik,12.238658,64.8695,0.00019371509552001953,982.80536,1.7138672,-2.4860651,3.0844285,24
2025-12-10,trafik,11.7412,67.63462,0.000852346317969932,984.18164,1.7769966,-1.8547274,2.6136365,24
2025-12-11,trafik,12.043762,61.14778,0.0,983.83765,2.0002937,-2.7483366,3.4460924,24
2025-12-12,trafik,10.871379,61.730663,0.0004351138045421976,985.41943,1.0133318,-1.4770659,2.070462,24
2025-12-13,trafik,10.881612,66.38349,0.0008553266184208042,987.499,1.3135462,-1.9262843,2.5257447,24
2025-12-14,trafik,10.32841,69.67937,0.004902243745164014,988.4153,0.57675046,-0.9857152,1.7080504,24
2025-12-15,trafik,10.913228,59.885162,0.0017159718481707387,987.18945,1.7216612,-3.1439583,3.6404896,24
2025-12-16,trafik,10.392242,53.83118,0.0004349267328507267,988.5809,1.2088871,-3.0985508,3.3548634,24
2025-12-17,trafik,9.569814,55.989075,0.0004351138045421976,992.3283,1.0119826,-2.5886505,2.8553097,24
2025-12-18,trafik,9.023621,62.919872,0.0012875389074906707,994.9599,1.2468244,-0.77849007,1.6181852,24
2025-12-19,trafik,9.901021,63.670475,0.002157114693090989,992.33887,1.162512,-0.5148411,1.5661019,24
2025-12-20,trafik,9.250295,71.72857,0.29860733775421977,987.08765,0.47553912,-0.5206689,1.432278,24
2025-12-21,trafik,10.540416,90.75034,10.15138067305088,984.24615,0.8902785,-1.0176679,1.3873509,24
2025-12-22,trafik,10.845012,92.17388,29.230330139398575,983.3785,0.18572362,-0.8115673,1.2749757,24
2025-12-23,trafik,10.91449,89.49346,16.96940418332815,984.0396,0.4429277,-1.2719598,1.432117,24
2025-12-24,trafik,10.800201,89.806725,15.21947979927063,988.4309,0.59558034,-1.2319055,1.5433087,24
2025-12-25,trafik,11.395061,87.3876,10.942059569060802,988.334,0.7529312,-0.93466586,1.411522,24
2025-12-26,trafik,10.28361,74.64155,0.0016781500562501606,984.5483,1.0880804,-1.1473662,1.8279897,24
2025-12-27,trafik,8.492808,60.504566,0.0021676049755114946,979.71576,1.6538702,-3.7418225,4.106811,24
2025-12-28,trafik,6.9155173,54.87444,0.010036763342213817,977.626,0.671011,-2.0012734,2.753196,24
2025-12-29,trafik,7.0468545,50.200443,0.017100571938044595,980.35455,0.87166214,-3.179985,3.31507,24
2025-12-30,trafik,5.9682007,69.6175,5.799815058708191,984.72076,-0.07180277,-0.34918213,1.3352456,24
2025-12-31,trafik,9.303111,83.088066,6.276292959228158,974.0909,0.3996118,-0.97899246,1.3520881,24
