tarih,istasyon,yil,pm10_gunluk,gecerli_saat,gecerli_gun
2024-01-01,alanya,2024,11.282083333333333,24,True
2024-01-02,alanya,2024,8.184166666666668,24,True
2024-01-03,alanya,2024,9.79875,24,True
2024-01-04,alanya,2024,8.445833333333333,24,True
2024-01-05,alanya,2024,8.995833333333334,24,True
2024-01-06,alanya,2024,9.13625,24,True
2024-01-07,alanya,2024,11.792083333333332,24,True
2024-01-08,alanya,2024,15.110416666666666,24,True
2024-01-09,alanya,2024,19.746666666666666,24,True
2024-01-10,alanya,2024,7.21125,24,True
2024-01-11,alanya,2024,7.971666666666667,24,True
2024-01-12,alanya,2024,8.604166666666666,24,True
2024-01-13,alanya,2024,7.879166666666666,24,True
2024-01-14,alanya,2024,6.495416666666666,24,True
2024-01-15,alanya,2024,10.149583333333334,24,True
2024-01-16,alanya,2024,10.819583333333334,24,True
2024-01-17,alanya,2024,10.233333333333333,24,True
2024-01-18,alanya,2024,11.486666666666666,24,True
2024-01-19,alanya,2024,11.700416666666667,24,True
2024-01-20,alanya,2024,10.236666666666666,24,True
2024-01-21,alanya,2024,12.927916666666667,24,True
2024-01-22,alanya,2024,8.469583333333334,24,True
2024-01-23,alanya,2024,8.094166666666666,24,True
2024-01-24,alanya,2024,13.15625,24,True
2024-01-25,alanya,2024,12.652500000000002,24,True
2024-01-26,alanya,2024,10.893749999999999,24,True
2024-01-27,alanya,2024,5.66,24,True
2024-01-28,alanya,2024,6.920416666666667,24,True
2024-01-29,alanya,2024,5.759583333333333,24,True
2024-01-30,alanya,2024,8.985000000000001,24,True
2024-01-31,alanya,2024,10.237499999999999,24,True
2024-02-01,alanya,2024,12.079583333333334,24,True
2024-02-02,alanya,2024,10.514166666666666,24,True
2024-02-03,alanya,2024,9.587083333333334,24,True
2024-02-04,alanya,2024,8.48,24,True
2024-02-05,alanya,2024,7.4437500000000005,24,True
2024-02-06,alanya,2024,10.539583333333333,24,True
2024-02-07,alanya,2024,12.917083333333332,24,True
2024-02-08,alanya,2024,8.739166666666668,24,True
2024-02-09,alanya,2024,9.765,24,True
2024-02-10,alanya,2024,11.021666666666667,24,True
2024-02-11,alanya,2024,12.119166666666667,24,True
2024-02-12,alanya,2024,17.802083333333332,24,True
2024-02-13,alanya,2024,14.934583333333334,24,True
2024-02-14,alanya,2024,8.389583333333333,24,True
2024-02-15,alanya,2024,10.95375,24,True
2024-02-16,alanya,2024,9.533333333333333,24,True
2024-02-17,alanya,2024,10.69,24,True
2024-02-18,alanya,2024,8.918333333333333,24,True
2024-02-19,alanya,2024,9.019583333333333,24,True
2024-02-20,alanya,2024,7.554166666666667,24,True
2024-02-21,alanya,2024,8.912083333333333,24,True
2024-02-22,alanya,2024,11.539583333333333,24,True
2024-02-23,alanya,2024,12.42375,24,True
2024-02-24,alanya,2024,11.225,24,True
2024-02-25,alanya,2024,12.2025,24,True
2024-02-26,alanya,2024,13.78875,24,True
2024-02-27,alanya,2024,13.043750000000001,24,True
2024-02-28,alanya,2024,14.020416666666668,24,True
2024-02-29,alanya,2024,13.559166666666668,24,True
2024-03-01,alanya,2024,13.796666666666667,24,True
2024-03-02,alanya,2024,14.441249999999998,24,True
2024-03-03,alanya,2024,13.53625,24,True
2024-03-04,alanya,2024,12.7525,24,True
2024-03-05,alanya,2024,14.116666666666667,24,True
2024-03-06,alanya,2024,11.040416666666665,24,True
2024-03-07,alanya,2024,10.158333333333333,24,True
2024-03-08,alanya,2024,12.85,24,True
2024-03-09,alanya,2024,10.39,24,True
2024-03-10,alanya,2024,7.2316666666666665,24,True
2024-03-11,alanya,2024,10.427083333333334,24,True
2024-03-12,alanya,2024,10.580416666666666,24,True
2024-03-13,alanya,2024,13.697083333333333,24,True
2024-03-14,alanya,2024,13.324166666666668,24,True
2024-03-15,alanya,2024,8.049583333333333,24,True
2024-03-16,alanya,2024,9.09125,24,True
2024-03-17,alanya,2024,9.481666666666667,24,True
2024-03-18,alanya,2024,11.44625,24,True
2024-03-19,alanya,2024,11.376249999999999,24,True
2024-03-20,alanya,2024,16.8,24,True
2024-03-21,alanya,2024,9.918333333333333,24,True
2024-03-22,alanya,2024,9.1525,24,True
2024-03-23,alanya,2024,8.660416666666666,24,True
2024-03-24,alanya,2024,9.837916666666667,24,True
2024-03-25,alanya,2024,12.843333333333334,24,True
2024-03-26,alanya,2024,17.107916666666664,24,True
2024-03-27,alanya,2024,13.63125,24,True
2024-03-28,alanya,2024,16.410416666666666,24,True
2024-03-29,alanya,2024,19.652083333333334,24,True
2024-03-30,alanya,2024,18.395416666666666,24,True
2024-03-31,alanya,2024,18.706666666666667,24,True
2024-04-01,alanya,2024,20.98125,24,True
2024-04-02,alanya,2024,20.771666666666665,24,True
2024-04-03,alanya,2024,18.82875,24,True
2024-04-04,alanya,2024,22.13,24,True
2024-04-05,alanya,2024,20.08375,24,True
2024-04-06,alanya,2024,13.004583333333334,24,True
2024-04-07,alanya,2024,8.907916666666667,24,True
2024-04-08,alanya,2024,10.149166666666668,24,True
2024-04-09,alanya,2024,8.569583333333332,24,True
2024-04-10,alanya,2024,11.260833333333332,24,True
2024-04-11,alanya,2024,8.795,24,True
2024-04-12,alanya,2024,10.785833333333334,24,True
2024-04-13,alanya,2024,13.892916666666666,24,True
2024-04-14,alanya,2024,14.402083333333332,24,True
2024-04-15,alanya,2024,14.094583333333333,24,True
2024-04-16,alanya,2024,12.414166666666667,24,True
2024-04-17,alanya,2024,12.297083333333333,24,True
2024-04-18,alanya,2024,53.5975,24,True
2024-04-19,alanya,2024,18.808333333333334,24,True
2024-04-20,alanya,2024,15.024166666666666,24,True
2024-04-21,alanya,2024,10.489583333333334,24,True
2024-04-22,alanya,2024,10.850833333333334,24,True
2024-04-23,alanya,2024,14.7325,24,True
2024-04-24,alanya,2024,23.027083333333334,24,True
2024-04-25,alanya,2024,35.96958333333333,24,True
2024-04-26,alanya,2024,32.81583333333333,24,True
2024-04-27,alanya,2024,22.942083333333333,24,True
2024-04-28,alanya,2024,15.97,24,True
2024-04-29,alanya,2024,14.144166666666665,24,True
2024-04-30,alanya,2024,18.330833333333334,24,True
2024-05-01,alanya,2024,18.754583333333333,24,True
2024-05-02,alanya,2024,17.01125,24,True
2024-05-03,alanya,2024,14.754583333333334,24,True
2024-05-04,alanya,2024,13.408333333333333,24,True
2024-05-05,alanya,2024,10.529583333333333,24,True
2024-05-06,alanya,2024,7.939166666666666,24,True
2024-05-07,alanya,2024,7.96,24,True
2024-05-08,alanya,2024,9.233333333333333,24,True
2024-05-09,alanya,2024,10.272499999999999,24,True
2024-05-10,alanya,2024,13.216666666666667,24,True
2024-05-11,alanya,2024,17.330416666666668,24,True
2024-05-12,alanya,2024,10.70875,24,True
2024-05-13,alanya,2024,9.050416666666667,24,True
2024-05-14,alanya,2024,7.144583333333333,24,True
2024-05-15,alanya,2024,7.380833333333334,24,True
2024-05-16,alanya,2024,10.993333333333334,24,True
2024-05-17,alanya,2024,9.325000000000001,24,True
2024-05-18,alanya,2024,11.608333333333334,24,True
2024-05-19,alanya,2024,12.619166666666667,24,True
2024-05-20,alanya,2024,15.318333333333333,24,True
2024-05-21,alanya,2024,17.203333333333333,24,True
2024-05-22,alanya,2024,21.442916666666665,24,True
2024-05-23,alanya,2024,20.199166666666667,24,True
2024-05-24,alanya,2024,15.565,24,True
2024-05-25,alanya,2024,11.292499999999999,24,True
2024-05-26,alanya,2024,12.149583333333334,24,True
2024-05-27,alanya,2024,12.175833333333335,24,True
2024-05-28,alanya,2024,10.761249999999999,24,True
2024-05-29,alanya,2024,13.1875,24,True
2024-05-30,alanya,2024,12.388333333333334,24,True
2024-05-31,alanya,2024,11.047083333333333,24,True
2024-06-01,alanya,2024,10.578333333333333,24,True
2024-06-02,alanya,2024,15.158333333333333,24,True
2024-06-03,alanya,2024,,16,False
2024-06-04,alanya,2024,,9,False
2024-06-05,alanya,2024,16.645555555555557,18,True
2024-06-06,alanya,2024,,1,False
2024-06-07,alanya,2024,,14,False
2024-06-08,alanya,2024,,16,False
2024-06-09,alanya,2024,20.295555555555556,18,True
2024-06-10,alanya,2024,,17,False
2024-06-11,alanya,2024,,17,False
2024-06-12,alanya,2024,18.16541666666667,24,True
2024-06-13,alanya,2024,16.673750000000002,24,True
2024-06-14,alanya,2024,22.323333333333334,24,True
2024-06-15,alanya,2024,25.772499999999997,24,True
2024-06-16,alanya,2024,20.864166666666666,24,True
2024-06-17,alanya,2024,16.2025,24,True
2024-06-18,alanya,2024,17.15041666666667,24,True
2024-06-19,alanya,2024,14.444166666666668,24,True
2024-06-20,alanya,2024,12.299583333333333,24,True
2024-06-21,alanya,2024,12.917916666666668,24,True
2024-06-22,alanya,2024,12.279583333333333,24,True
2024-06-23,alanya,2024,12.399166666666666,24,True
2024-06-24,alanya,2024,13.489583333333334,24,True
2024-06-25,alanya,2024,12.558749999999998,24,True
2024-06-26,alanya,2024,17.10375,24,True
2024-06-27,alanya,2024,,15,False
2024-06-28,alanya,2024,14.55608695652174,23,True
2024-06-29,alanya,2024,16.157083333333333,24,True
2024-06-30,alanya,2024,14.560833333333333,24,True
2024-07-01,alanya,2024,11.534583333333332,24,True
2024-07-02,alanya,2024,11.417499999999999,24,True
2024-07-03,alanya,2024,11.5875,24,True
2024-07-04,alanya,2024,14.652083333333332,24,True
2024-07-05,alanya,2024,14.607083333333334,24,True
2024-07-06,alanya,2024,12.781666666666666,24,True
2024-07-07,alanya,2024,11.687916666666666,24,True
2024-07-08,alanya,2024,14.38875,24,True
2024-07-09,alanya,2024,,16,False
2024-07-10,alanya,2024,,8,False
2024-07-11,alanya,2024,25.415000000000003,24,True
2024-07-12,alanya,2024,25.0575,24,True
2024-07-13,alanya,2024,24.395416666666666,24,True
2024-07-14,alanya,2024,26.699583333333333,24,True
2024-07-15,alanya,2024,,3,False
2024-07-16,alanya,2024,,4,False
2024-07-17,alanya,2024,26.275833333333335,24,True
2024-07-18,alanya,2024,33.37833333333334,24,True
2024-07-19,alanya,2024,33.24583333333333,24,True
2024-07-20,alanya,2024,31.324583333333333,24,True
2024-07-21,alanya,2024,33.29333333333333,24,True
2024-07-22,alanya,2024,32.51625,24,True
2024-07-23,alanya,2024,36.37083333333333,24,True
2024-07-24,alanya,2024,36.31916666666667,24,True
2024-07-25,alanya,2024,36.232083333333335,24,True
2024-07-26,alanya,2024,31.243750000000002,24,True
2024-07-27,alanya,2024,,13,False
2024-07-28,alanya,2024,,0,False
2024-07-29,alanya,2024,,0,False
2024-07-30,alanya,2024,,0,False
2024-07-31,alanya,2024,26.091250000000002,24,True
2024-08-01,alanya,2024,26.761739130434783,23,True
2024-08-02,alanya,2024,28.705416666666665,24,True
2024-08-03,alanya,2024,34.29826086956522,23,True
2024-08-04,alanya,2024,32.233333333333334,24,True
2024-08-05,alanya,2024,29.065833333333334,24,True
2024-08-06,alanya,2024,23.0675,24,True
2024-08-07,alanya,2024,25.769166666666667,24,True
2024-08-08,alanya,2024,30.92833333333333,24,True
2024-08-09,alanya,2024,31.134583333333335,24,True
2024-08-10,alanya,2024,28.61708333333333,24,True
2024-08-11,alanya,2024,32.515,24,True
2024-08-12,alanya,2024,31.116249999999997,24,True
2024-08-13,alanya,2024,23.938333333333333,24,True
2024-08-14,alanya,2024,23.839166666666667,24,True
2024-08-15,alanya,2024,27.5325,24,True
2024-08-16,alanya,2024,26.85875,24,True
2024-08-17,alanya,2024,22.095416666666665,24,True
2024-08-18,alanya,2024,23.152916666666666,24,True
2024-08-19,alanya,2024,23.44458333333333,24,True
2024-08-20,alanya,2024,24.643333333333334,24,True
2024-08-21,alanya,2024,26.54041666666667,24,True
2024-08-22,alanya,2024,32.423478260869565,23,True
2024-08-23,alanya,2024,28.4275,24,True
2024-08-24,alanya,2024,23.834999999999997,24,True
2024-08-25,alanya,2024,32.350833333333334,24,True
2024-08-26,alanya,2024,31.037499999999998,24,True
2024-08-27,alanya,2024,26.583333333333332,24,True
2024-08-28,alanya,2024,29.375416666666666,24,True
2024-08-29,alanya,2024,30.237083333333334,24,True
2024-08-30,alanya,2024,29.49625,24,True
2024-08-31,alanya,2024,32.48416666666667,24,True
2024-09-01,alanya,2024,30.332083333333333,24,True
2024-09-02,alanya,2024,25.625,24,True
2024-09-03,alanya,2024,26.984583333333333,24,True
2024-09-04,alanya,2024,27.259583333333335,24,True
2024-09-05,alanya,2024,25.62125,24,True
2024-09-06,alanya,2024,22.527083333333334,24,True
2024-09-07,alanya,2024,18.46,24,True
2024-09-08,alanya,2024,17.77125,24,True
2024-09-09,alanya,2024,17.554166666666667,24,True
2024-09-10,alanya,2024,18.18916666666667,24,True
2024-09-11,alanya,2024,14.19,24,True
2024-09-12,alanya,2024,17.891739130434782,23,True
2024-09-13,alanya,2024,16.24086956521739,23,True
2024-09-14,alanya,2024,14.161666666666667,24,True
2024-09-15,alanya,2024,16.23478260869565,23,True
2024-09-16,alanya,2024,12.209583333333333,24,True
2024-09-17,alanya,2024,10.0925,24,True
2024-09-18,alanya,2024,11.397083333333333,24,True
2024-09-19,alanya,2024,15.890416666666667,24,True
2024-09-20,alanya,2024,17.217083333333335,24,True
2024-09-21,alanya,2024,17.254166666666666,24,True
2024-09-22,alanya,2024,8.493913043478262,23,True
2024-09-23,alanya,2024,10.745,24,True
2024-09-24,alanya,2024,13.45304347826087,23,True
2024-09-25,alanya,2024,15.130416666666667,24,True
2024-09-26,alanya,2024,16.374166666666667,24,True
2024-09-27,alanya,2024,20.974166666666665,24,True
2024-09-28,alanya,2024,20.990416666666665,24,True
2024-09-29,alanya,2024,20.75125,24,True
2024-09-30,alanya,2024,21.8725,24,True
2024-10-01,alanya,2024,12.560833333333333,24,True
2024-10-02,alanya,2024,10.644583333333333,24,True
2024-10-03,alanya,2024,15.460416666666667,24,True
2024-10-04,alanya,2024,14.144166666666665,24,True
2024-10-05,alanya,2024,17.238333333333333,24,True
2024-10-06,alanya,2024,18.18,24,True
2024-10-07,alanya,2024,23.06375,24,True
2024-10-08,alanya,2024,21.430000000000003,24,True
2024-10-09,alanya,2024,20.53875,24,True
2024-10-10,alanya,2024,36.51708333333333,24,True
2024-10-11,alanya,2024,13.497916666666667,24,True
2024-10-12,alanya,2024,15.514583333333334,24,True
2024-10-13,alanya,2024,18.989166666666666,24,True
2024-10-14,alanya,2024,21.865652173913045,23,True
2024-10-15,alanya,2024,21.993333333333336,24,True
2024-10-16,alanya,2024,26.523750000000003,24,True
2024-10-17,alanya,2024,23.976249999999997,24,True
2024-10-18,alanya,2024,17.993478260869566,23,True
2024-10-19,alanya,2024,13.331666666666665,24,True
2024-10-20,alanya,2024,12.093333333333334,24,True
2024-10-21,alanya,2024,11.83,24,True
2024-10-22,alanya,2024,20.221904761904764,21,True
2024-10-23,alanya,2024,15.7975,24,True
2024-10-24,alanya,2024,18.88416666666667,24,True
2024-10-25,alanya,2024,19.73875,24,True
2024-10-26,alanya,2024,21.293333333333333,24,True
2024-10-27,alanya,2024,23.683333333333334,24,True
2024-10-28,alanya,2024,24.53125,24,True
2024-10-29,alanya,2024,26.343333333333334,24,True
2024-10-30,alanya,2024,24.003333333333334,24,True
2024-10-31,alanya,2024,24.326521739130435,23,True
2024-11-01,alanya,2024,34.485,24,True
2024-11-02,alanya,2024,46.95541666666667,24,True
2024-11-03,alanya,2024,46.11333333333334,24,True
2024-11-04,alanya,2024,34.047916666666666,24,True
2024-11-05,alanya,2024,28.268333333333334,24,True
2024-11-06,alanya,2024,26.609166666666667,24,True
2024-11-07,alanya,2024,27.19541666666667,24,True
2024-11-08,alanya,2024,25.077083333333334,24,True
2024-11-09,alanya,2024,22.70125,24,True
2024-11-10,alanya,2024,32.080000000000005,24,True
2024-11-11,alanya,2024,19.464583333333334,24,True
2024-11-12,alanya,2024,17.399166666666666,24,True
2024-11-13,alanya,2024,20.818749999999998,24,True
2024-11-14,alanya,2024,23.7175,24,True
2024-11-15,alanya,2024,21.5925,24,True
2024-11-16,alanya,2024,19.960416666666667,24,True
2024-11-17,alanya,2024,12.054166666666667,24,True
2024-11-18,alanya,2024,10.587916666666667,24,True
2024-11-19,alanya,2024,17.995416666666667,24,True
2024-11-20,alanya,2024,21.597916666666666,24,True
2024-11-21,alanya,2024,17.50125,24,True
2024-11-22,alanya,2024,22.626666666666665,24,True
2024-11-23,alanya,2024,37.589166666666664,24,True
2024-11-24,alanya,2024,17.155833333333334,24,True
2024-11-25,alanya,2024,8.843333333333334,24,True
2024-11-26,alanya,2024,14.047916666666666,24,True
2024-11-27,alanya,2024,20.427083333333332,24,True
2024-11-28,alanya,2024,21.102083333333333,24,True
2024-11-29,alanya,2024,22.786666666666665,24,True
2024-11-30,alanya,2024,23.0725,24,True
2024-12-01,alanya,2024,21.98375,24,True
2024-12-02,alanya,2024,27.926666666666666,24,True
2024-12-03,alanya,2024,18.179166666666667,24,True
2024-12-04,alanya,2024,23.159583333333334,24,True
2024-12-05,alanya,2024,29.7095652173913,23,True
2024-12-06,alanya,2024,33.75833333333333,24,True
2024-12-07,alanya,2024,39.92913043478261,23,True
2024-12-08,alanya,2024,22.674166666666665,24,True
2024-12-09,alanya,2024,32.670833333333334,24,True
2024-12-10,alanya,2024,37.59916666666667,24,True
2024-12-11,alanya,2024,42.475,24,True
2024-12-12,alanya,2024,41.09291666666667,24,True
2024-12-13,alanya,2024,19.261666666666667,24,True
2024-12-14,alanya,2024,15.790833333333333,24,True
2024-12-15,alanya,2024,17.011666666666667,24,True
2024-12-16,alanya,2024,19.985416666666666,24,True
2024-12-17,alanya,2024,18.977500000000003,24,True
2024-12-18,alanya,2024,27.6075,24,True
2024-12-19,alanya,2024,29.156666666666666,24,True
2024-12-20,alanya,2024,28.753333333333334,24,True
2024-12-21,alanya,2024,26.81041666666667,24,True
2024-12-22,alanya,2024,22.868333333333336,24,True
2024-12-23,alanya,2024,17.68565217391304,23,True
2024-12-24,alanya,2024,17.985833333333336,24,True
2024-12-25,alanya,2024,19.585,22,True
2024-12-26,alanya,2024,19.690833333333334,24,True
2024-12-27,alanya,2024,20.612916666666667,24,True
2024-12-28,alanya,2024,23.102500000000003,24,True
2024-12-29,alanya,2024,12.912083333333333,24,True
2024-12-30,alanya,2024,24.19666666666667,24,True
2024-12-31,alanya,2024,19.125,24,True
2025-01-01,alanya,2025,20.9475,24,True
2025-01-02,alanya,2025,27.848260869565216,23,True
2025-01-03,alanya,2025,28.849999999999998,24,True
2025-01-04,alanya,2025,44.32375,24,True
2025-01-05,alanya,2025,31.49083333333333,24,True
2025-01-06,alanya,2025,31.44086956521739,23,True
2025-01-07,alanya,2025,36.711304347826086,23,True
2025-01-08,alanya,2025,40.27086956521739,23,True
2025-01-09,alanya,2025,37.759166666666665,24,True
2025-01-10,alanya,2025,37.17,24,True
2025-01-11,alanya,2025,36.12166666666666,24,True
2025-01-12,alanya,2025,32.66478260869565,23,True
2025-01-13,alanya,2025,28.868750000000002,24,True
2025-01-14,alanya,2025,36.2425,24,True
2025-01-15,alanya,2025,33.126666666666665,24,True
2025-01-16,alanya,2025,23.760833333333334,24,True
2025-01-17,alanya,2025,20.975416666666668,24,True
2025-01-18,alanya,2025,23.31,23,True
2025-01-19,alanya,2025,22.1575,24,True
2025-01-20,alanya,2025,24.905416666666667,24,True
2025-01-21,alanya,2025,21.055416666666666,24,True
2025-01-22,alanya,2025,21.818749999999998,24,True
2025-01-23,alanya,2025,18.499166666666667,24,True
2025-01-24,alanya,2025,22.61375,24,True
2025-01-25,alanya,2025,21.449565217391303,23,True
2025-01-26,alanya,2025,23.153478260869566,23,True
2025-01-27,alanya,2025,24.25583333333333,24,True
2025-01-28,alanya,2025,22.2075,24,True
2025-01-29,alanya,2025,22.253333333333334,24,True
2025-01-30,alanya,2025,23.962083333333336,24,True
2025-01-31,alanya,2025,27.13782608695652,23,True
2025-02-01,alanya,2025,29.377916666666668,24,True
2025-02-02,alanya,2025,25.21666666666667,24,True
2025-02-03,alanya,2025,27.743333333333336,24,True
2025-02-04,alanya,2025,25.877916666666668,24,True
2025-02-05,alanya,2025,10.043333333333333,24,True
2025-02-06,alanya,2025,9.44,23,True
2025-02-07,alanya,2025,9.219130434782608,23,True
2025-02-08,alanya,2025,13.200833333333334,24,True
2025-02-09,alanya,2025,13.260416666666666,24,True
2025-02-10,alanya,2025,16.3175,24,True
2025-02-11,alanya,2025,19.270833333333332,24,True
2025-02-12,alanya,2025,16.874583333333334,24,True
2025-02-13,alanya,2025,13.822083333333333,24,True
2025-02-14,alanya,2025,19.354166666666668,24,True
2025-02-15,alanya,2025,26.75583333333333,24,True
2025-02-16,alanya,2025,24.34958333333333,24,True
2025-02-17,alanya,2025,25.51608695652174,23,True
2025-02-18,alanya,2025,26.61791666666667,24,True
2025-02-19,alanya,2025,22.78125,24,True
2025-02-20,alanya,2025,15.593333333333334,24,True
2025-02-21,alanya,2025,9.4225,24,True
2025-02-22,alanya,2025,10.093478260869565,23,True
2025-02-23,alanya,2025,7.507391304347825,23,True
2025-02-24,alanya,2025,9.159583333333334,24,True
2025-02-25,alanya,2025,22.432083333333335,24,True
2025-02-26,alanya,2025,26.542083333333334,24,True
2025-02-27,alanya,2025,22.471666666666664,24,True
2025-02-28,alanya,2025,25.070833333333336,24,True
2025-03-01,alanya,2025,22.439166666666665,24,True
2025-03-02,alanya,2025,17.883333333333333,24,True
2025-03-03,alanya,2025,20.413333333333334,24,True
2025-03-04,alanya,2025,14.90625,24,True
2025-03-05,alanya,2025,44.052608695652175,23,True
2025-03-06,alanya,2025,43.637499999999996,24,True
2025-03-07,alanya,2025,26.047083333333333,24,True
2025-03-08,alanya,2025,23.232083333333335,24,True
2025-03-09,alanya,2025,24.204583333333332,24,True
2025-03-10,alanya,2025,25.597391304347827,23,True
2025-03-11,alanya,2025,27.474166666666665,24,True
2025-03-12,alanya,2025,28.87608695652174,23,True
2025-03-13,alanya,2025,29.722916666666666,24,True
2025-03-14,alanya,2025,36.327083333333334,24,True
2025-03-15,alanya,2025,36.45916666666667,24,True
2025-03-16,alanya,2025,33.73166666666667,24,True
2025-03-17,alanya,2025,38.22208333333334,24,True
2025-03-18,alanya,2025,31.724166666666665,24,True
2025-03-19,alanya,2025,18.686521739130434,23,True
2025-03-20,alanya,2025,9.98608695652174,23,True
2025-03-21,alanya,2025,12.752916666666666,24,True
2025-03-22,alanya,2025,12.123750000000001,24,True
2025-03-23,alanya,2025,15.825833333333334,24,True
2025-03-24,alanya,2025,20.954583333333336,24,True
2025-03-25,alanya,2025,28.702083333333334,24,True
2025-03-26,alanya,2025,37.941250000000004,24,True
2025-03-27,alanya,2025,43.14875,24,True
2025-03-28,alanya,2025,52.55291666666667,24,True
2025-03-29,alanya,2025,34.6975,24,True
2025-03-30,alanya,2025,16.732083333333332,24,True
2025-03-31,alanya,2025,31.735416666666666,24,True
2025-04-01,alanya,2025,42.63291666666667,24,True
2025-04-02,alanya,2025,32.28791666666667,24,True
2025-04-03,alanya,2025,13.885,24,True
2025-04-04,alanya,2025,16.305,24,True
2025-04-05,alanya,2025,16.376250000000002,24,True
2025-04-06,alanya,2025,12.629166666666668,24,True
2025-04-07,alanya,2025,15.1075,24,True
2025-04-08,alanya,2025,21.419583333333332,24,True
2025-04-09,alanya,2025,24.11916666666667,24,True
2025-04-10,alanya,2025,14.174999999999999,24,True
2025-04-11,alanya,2025,15.664583333333333,24,True
2025-04-12,alanya,2025,14.972500000000002,24,True
2025-04-13,alanya,2025,11.614166666666668,24,True
2025-04-14,alanya,2025,12.583333333333334,24,True
2025-04-15,alanya,2025,17.35809523809524,21,True
2025-04-16,alanya,2025,18.38375,24,True
2025-04-17,alanya,2025,22.34583333333333,24,True
2025-04-18,alanya,2025,27.617499999999996,24,True
2025-04-19,alanya,2025,22.402083333333334,24,True
2025-04-20,alanya,2025,17.46125,24,True
2025-04-21,alanya,2025,23.03,24,True
2025-04-22,alanya,2025,25.276666666666667,24,True
2025-04-23,alanya,2025,29.90125,24,True
2025-04-24,alanya,2025,36.515,24,True
2025-04-25,alanya,2025,,6,False
2025-04-26,alanya,2025,,9,False
2025-04-27,alanya,2025,21.67304347826087,23,True
2025-04-28,alanya,2025,24.63083333333333,24,True
2025-04-29,alanya,2025,19.765416666666667,24,True
2025-04-30,alanya,2025,18.56625,24,True
2025-05-01,alanya,2025,18.802083333333332,24,True
2025-05-02,alanya,2025,15.604999999999999,24,True
2025-05-03,alanya,2025,15.35125,24,True
2025-05-04,alanya,2025,15.477083333333333,24,True
2025-05-05,alanya,2025,15.457083333333335,24,True
2025-05-06,alanya,2025,22.900833333333335,24,True
2025-05-07,alanya,2025,25.949166666666667,24,True
2025-05-08,alanya,2025,27.30125,24,True
2025-05-09,alanya,2025,34.52458333333333,24,True
2025-05-10,alanya,2025,35.17666666666667,24,True
2025-05-11,alanya,2025,40.205416666666665,24,True
2025-05-12,alanya,2025,42.13666666666666,24,True
2025-05-13,alanya,2025,37.25541666666667,24,True
2025-05-14,alanya,2025,28.491249999999997,24,True
2025-05-15,alanya,2025,29.17125,24,True
2025-05-16,alanya,2025,31.75208333333333,24,True
2025-05-17,alanya,2025,30.116249999999997,24,True
2025-05-18,alanya,2025,37.555416666666666,24,True
2025-05-19,alanya,2025,36.57083333333333,24,True
2025-05-20,alanya,2025,23.8275,24,True
2025-05-21,alanya,2025,22.66333333333333,24,True
2025-05-22,alanya,2025,27.33791666666667,24,True
2025-05-23,alanya,2025,29.972916666666666,24,True
2025-05-24,alanya,2025,40.795833333333334,24,True
2025-05-25,alanya,2025,46.668749999999996,24,True
2025-05-26,alanya,2025,53.780833333333334,24,True
2025-05-27,alanya,2025,50.23208333333333,24,True
2025-05-28,alanya,2025,48.92458333333334,24,True
2025-05-29,alanya,2025,34.49619047619048,21,True
2025-05-30,alanya,2025,24.75375,24,True
2025-05-31,alanya,2025,19.350833333333334,24,True
2025-06-01,alanya,2025,12.347083333333332,24,True
2025-06-02,alanya,2025,14.08625,24,True
2025-06-03,alanya,2025,22.528333333333336,24,True
2025-06-04,alanya,2025,20.557916666666667,24,True
2025-06-05,alanya,2025,23.850416666666664,24,True
2025-06-06,alanya,2025,27.442083333333333,24,True
2025-06-07,alanya,2025,32.365,24,True
2025-06-08,alanya,2025,31.460416666666664,24,True
2025-06-09,alanya,2025,28.9425,24,True
2025-06-10,alanya,2025,27.897916666666664,24,True
2025-06-11,alanya,2025,27.731666666666666,24,True
2025-06-12,alanya,2025,30.747083333333332,24,True
2025-06-13,alanya,2025,31.710416666666664,24,True
2025-06-14,alanya,2025,36.86,24,True
2025-06-15,alanya,2025,34.840833333333336,24,True
2025-06-16,alanya,2025,25.851666666666663,24,True
2025-06-17,alanya,2025,19.46625,24,True
2025-06-18,alanya,2025,22.737916666666667,24,True
2025-06-19,alanya,2025,27.739583333333332,24,True
2025-06-20,alanya,2025,30.63,24,True
2025-06-21,alanya,2025,31.62375,24,True
2025-06-22,alanya,2025,29.974166666666665,24,True
2025-06-23,alanya,2025,23.34875,24,True
2025-06-24,alanya,2025,20.653333333333332,24,True
2025-06-25,alanya,2025,23.67375,24,True
2025-06-26,alanya,2025,25.247083333333332,24,True
2025-06-27,alanya,2025,28.881666666666664,24,True
2025-06-28,alanya,2025,25.264583333333334,24,True
2025-06-29,alanya,2025,23.60291666666667,24,True
2025-06-30,alanya,2025,18.256666666666668,24,True
2025-07-01,alanya,2025,17.874583333333334,24,True
2025-07-02,alanya,2025,16.170416666666664,24,True
2025-07-03,alanya,2025,19.294999999999998,24,True
2025-07-04,alanya,2025,17.197083333333335,24,True
2025-07-05,alanya,2025,15.198333333333332,24,True
2025-07-06,alanya,2025,19.239583333333332,24,True
2025-07-07,alanya,2025,20.937142857142856,21,True
2025-07-08,alanya,2025,,16,False
2025-07-09,alanya,2025,28.007499999999997,24,True
2025-07-10,alanya,2025,26.705,22,True
2025-07-11,alanya,2025,19.992727272727272,22,True
2025-07-12,alanya,2025,16.93375,24,True
2025-07-13,alanya,2025,19.13,24,True
2025-07-14,alanya,2025,27.267916666666668,24,True
2025-07-15,alanya,2025,31.828333333333333,24,True
2025-07-16,alanya,2025,28.64478260869565,23,True
2025-07-17,alanya,2025,33.48166666666666,24,True
2025-07-18,alanya,2025,28.926666666666666,24,True
2025-07-19,alanya,2025,25.61916666666667,24,True
2025-07-20,alanya,2025,24.380416666666665,24,True
2025-07-21,alanya,2025,29.885416666666668,24,True
2025-07-22,alanya,2025,26.77625,24,True
2025-07-23,alanya,2025,31.47,24,True
2025-07-24,alanya,2025,26.664583333333336,24,True
2025-07-25,alanya,2025,28.6575,24,True
2025-07-26,alanya,2025,23.49416666666667,24,True
2025-07-27,alanya,2025,31.354583333333334,24,True
2025-07-28,alanya,2025,22.177083333333332,24,True
2025-07-29,alanya,2025,27.5525,24,True
2025-07-30,alanya,2025,35.000416666666666,24,True
2025-07-31,alanya,2025,29.66541666666667,24,True
2025-08-01,alanya,2025,23.351249999999997,24,True
2025-08-02,alanya,2025,30.265,24,True
2025-08-03,alanya,2025,27.590833333333332,24,True
2025-08-04,alanya,2025,21.302083333333332,24,True
2025-08-05,alanya,2025,23.266666666666666,24,True
2025-08-06,alanya,2025,28.125416666666666,24,True
2025-08-07,alanya,2025,27.979166666666668,24,True
2025-08-08,alanya,2025,25.97,24,True
2025-08-09,alanya,2025,27.364166666666666,24,True
2025-08-10,alanya,2025,26.137916666666666,24,True
2025-08-11,alanya,2025,25.020416666666666,24,True
2025-08-12,alanya,2025,24.765,24,True
2025-08-13,alanya,2025,20.486250000000002,24,True
2025-08-14,alanya,2025,24.557083333333335,24,True
2025-08-15,alanya,2025,33.8975,24,True
2025-08-16,alanya,2025,39.130833333333335,24,True
2025-08-17,alanya,2025,36.41166666666667,24,True
2025-08-18,alanya,2025,30.29125,24,True
2025-08-19,alanya,2025,29.175833333333333,24,True
2025-08-20,alanya,2025,30.121666666666666,24,True
2025-08-21,alanya,2025,30.75583333333333,24,True
2025-08-22,alanya,2025,31.832083333333333,24,True
2025-08-23,alanya,2025,28.980416666666667,24,True
2025-08-24,alanya,2025,26.724999999999998,24,True
2025-08-25,alanya,2025,31.555000000000003,24,True
2025-08-26,alanya,2025,35.30125,24,True
2025-08-27,alanya,2025,27.829166666666666,24,True
2025-08-28,alanya,2025,24.235,24,True
2025-08-29,alanya,2025,24.015833333333333,24,True
2025-08-30,alanya,2025,21.697083333333335,24,True
2025-08-31,alanya,2025,20.568749999999998,24,True
2025-09-01,alanya,2025,23.1775,24,True
2025-09-02,alanya,2025,26.97875,24,True
2025-09-03,alanya,2025,36.45375,24,True
2025-09-04,alanya,2025,27.67375,24,True
2025-09-05,alanya,2025,26.080416666666665,24,True
2025-09-06,alanya,2025,22.447083333333335,24,True
2025-09-07,alanya,2025,27.388333333333332,24,True
2025-09-08,alanya,2025,25.647499999999997,24,True
2025-09-09,alanya,2025,20.273333333333333,24,True
2025-09-10,alanya,2025,15.800416666666665,24,True
2025-09-11,alanya,2025,19.074583333333333,24,True
2025-09-12,alanya,2025,18.28625,24,True
2025-09-13,alanya,2025,22.05125,24,True
2025-09-14,alanya,2025,20.48375,24,True
2025-09-15,alanya,2025,25.07217391304348,23,True
2025-09-16,alanya,2025,23.261666666666667,24,True
2025-09-17,alanya,2025,23.675,24,True
2025-09-18,alanya,2025,28.044583333333335,24,True
2025-09-19,alanya,2025,22.42125,24,True
2025-09-20,alanya,2025,14.543750000000001,24,True
2025-09-21,alanya,2025,16.317083333333333,24,True
2025-09-22,alanya,2025,16.8075,24,True
2025-09-23,alanya,2025,18.2925,24,True
2025-09-24,alanya,2025,27.665000000000003,24,True
2025-09-25,alanya,2025,29.35875,24,True
2025-09-26,alanya,2025,31.232916666666668,24,True
2025-09-27,alanya,2025,25.161666666666665,24,True
2025-09-28,alanya,2025,25.76375,24,True
2025-09-29,alanya,2025,21.510416666666668,24,True
2025-09-30,alanya,2025,18.69875,24,True
2025-10-01,alanya,2025,15.57875,24,True
2025-10-02,alanya,2025,16.83791666666667,24,True
2025-10-03,alanya,2025,16.230416666666667,24,True
2025-10-04,alanya,2025,16.548750000000002,24,True
2025-10-05,alanya,2025,13.9125,24,True
2025-10-06,alanya,2025,18.336666666666666,24,True
2025-10-07,alanya,2025,13.193333333333333,24,True
2025-10-08,alanya,2025,15.526666666666666,24,True
2025-10-09,alanya,2025,6.150869565217391,23,True
2025-10-10,alanya,2025,12.45125,24,True
2025-10-11,alanya,2025,17.453333333333333,24,True
2025-10-12,alanya,2025,10.34125,24,True
2025-10-13,alanya,2025,10.49375,24,True
2025-10-14,alanya,2025,14.035416666666668,24,True
2025-10-15,alanya,2025,16.730416666666667,24,True
2025-10-16,alanya,2025,19.860833333333336,24,True
2025-10-17,alanya,2025,21.403333333333332,24,True
2025-10-18,alanya,2025,23.127499999999998,24,True
2025-10-19,alanya,2025,29.837500000000002,24,True
2025-10-20,alanya,2025,31.996666666666666,24,True
2025-10-21,alanya,2025,20.615416666666665,24,True
2025-10-22,alanya,2025,19.445833333333333,24,True
2025-10-23,alanya,2025,28.969166666666666,24,True
2025-10-24,alanya,2025,27.539583333333336,24,True
2025-10-25,alanya,2025,23.38083333333333,24,True
2025-10-26,alanya,2025,24.24791666666667,24,True
2025-10-27,alanya,2025,22.422916666666666,24,True
2025-10-28,alanya,2025,18.531666666666666,24,True
2025-10-29,alanya,2025,17.482499999999998,24,True
2025-10-30,alanya,2025,18.500833333333333,24,True
2025-10-31,alanya,2025,20.71708333333333,24,True
2025-11-01,alanya,2025,21.043333333333333,24,True
2025-11-02,alanya,2025,22.256666666666664,24,True
2025-11-03,alanya,2025,32.83166666666667,24,True
2025-11-04,alanya,2025,29.974166666666665,24,True
2025-11-05,alanya,2025,21.252083333333335,24,True
2025-11-06,alanya,2025,21.712500000000002,24,True
2025-11-07,alanya,2025,18.604166666666668,24,True
2025-11-08,alanya,2025,12.522916666666667,24,True
2025-11-09,alanya,2025,14.061250000000001,24,True
2025-11-10,alanya,2025,18.529999999999998,24,True
2025-11-11,alanya,2025,27.25916666666667,24,True
2025-11-12,alanya,2025,15.23625,24,True
2025-11-13,alanya,2025,13.923333333333334,24,True
2025-11-14,alanya,2025,14.3025,24,True
2025-11-15,alanya,2025,10.66625,24,True
2025-11-16,alanya,2025,11.142916666666666,24,True
2025-11-17,alanya,2025,9.683333333333334,24,True
2025-11-18,alanya,2025,12.566250000000002,24,True
2025-11-19,alanya,2025,16.567916666666665,24,True
2025-11-20,alanya,2025,20.40791666666667,24,True
2025-11-21,alanya,2025,23.246666666666666,24,True
2025-11-22,alanya,2025,28.79958333333333,24,True
2025-11-23,alanya,2025,30.423333333333332,24,True
2025-11-24,alanya,2025,36.01291666666666,24,True
2025-11-25,alanya,2025,21.05875,24,True
2025-11-26,alanya,2025,18.967499999999998,24,True
2025-11-27,alanya,2025,17.065416666666668,24,True
2025-11-28,alanya,2025,17.54625,24,True
2025-11-29,alanya,2025,24.874583333333334,24,True
2025-11-30,alanya,2025,10.988750000000001,24,True
2025-12-01,alanya,2025,7.482916666666667,24,True
2025-12-02,alanya,2025,11.28875,24,True
2025-12-03,alanya,2025,11.149583333333332,24,True
2025-12-04,alanya,2025,14.655000000000001,24,True
2025-12-05,alanya,2025,19.515,24,True
2025-12-06,alanya,2025,14.880416666666667,24,True
2025-12-07,alanya,2025,8.163333333333334,24,True
2025-12-08,alanya,2025,17.82375,24,True
2025-12-09,alanya,2025,15.40125,24,True
2025-12-10,alanya,2025,14.247916666666667,24,True
2025-12-11,alanya,2025,10.780416666666667,24,True
2025-12-12,alanya,2025,12.157916666666667,24,True
2025-12-13,alanya,2025,15.569166666666668,24,True
2025-12-14,alanya,2025,9.709583333333333,24,True
2025-12-15,alanya,2025,10.200000000000001,24,True
2025-12-16,alanya,2025,11.518333333333333,24,True
2025-12-17,alanya,2025,10.920416666666666,24,True
2025-12-18,alanya,2025,15.03125,24,True
2025-12-19,alanya,2025,17.503333333333334,24,True
2025-12-20,alanya,2025,17.444166666666664,24,True
2025-12-21,alanya,2025,26.171666666666667,24,True
2025-12-22,alanya,2025,18.24416666666667,24,True
2025-12-23,alanya,2025,23.072083333333335,24,True
2025-12-24,alanya,2025,25.017083333333332,24,True
2025-12-25,alanya,2025,21.780416666666667,24,True
2025-12-26,alanya,2025,16.86375,24,True
2025-12-27,alanya,2025,13.454583333333334,24,True
2025-12-28,alanya,2025,7.32125,24,True
2025-12-29,alanya,2025,11.183750000000002,24,True
2025-12-30,alanya,2025,18.403333333333332,24,True
2025-12-31,alanya,2025,12.126249999999999,24,True
2024-01-01,gazipasa,2024,19.949583333333333,24,True
2024-01-02,gazipasa,2024,10.685,24,True
2024-01-03,gazipasa,2024,10.428260869565218,23,True
2024-01-04,gazipasa,2024,14.319583333333334,24,True
2024-01-05,gazipasa,2024,15.55625,24,True
2024-01-06,gazipasa,2024,12.94375,24,True
2024-01-07,gazipasa,2024,18.868333333333332,24,True
2024-01-08,gazipasa,2024,38.64541666666667,24,True
2024-01-09,gazipasa,2024,43.64125000000001,24,True
2024-01-10,gazipasa,2024,13.48521739130435,23,True
2024-01-11,gazipasa,2024,9.967083333333333,24,True
2024-01-12,gazipasa,2024,10.223333333333334,24,True
2024-01-13,gazipasa,2024,8.133333333333333,24,True
2024-01-14,gazipasa,2024,8.9975,24,True
2024-01-15,gazipasa,2024,11.69090909090909,22,True
2024-01-16,gazipasa,2024,15.892916666666666,24,True
2024-01-17,gazipasa,2024,14.613750000000001,24,True
2024-01-18,gazipasa,2024,10.52125,24,True
2024-01-19,gazipasa,2024,15.329565217391304,23,True
2024-01-20,gazipasa,2024,26.8275,24,True
2024-01-21,gazipasa,2024,36.774166666666666,24,True
2024-01-22,gazipasa,2024,11.032916666666667,24,True
2024-01-23,gazipasa,2024,17.486666666666668,24,True
2024-01-24,gazipasa,2024,17.61818181818182,22,True
2024-01-25,gazipasa,2024,16.779999999999998,24,True
2024-01-26,gazipasa,2024,9.1975,24,True
2024-01-27,gazipasa,2024,5.032173913043478,23,True
2024-01-28,gazipasa,2024,6.6243478260869555,23,True
2024-01-29,gazipasa,2024,8.324166666666667,24,True
2024-01-30,gazipasa,2024,10.385,24,True
2024-01-31,gazipasa,2024,10.327916666666667,24,True
2024-02-01,gazipasa,2024,11.484166666666667,24,True
2024-02-02,gazipasa,2024,11.640833333333333,24,True
2024-02-03,gazipasa,2024,10.602272727272727,22,True
2024-02-04,gazipasa,2024,11.629130434782608,23,True
2024-02-05,gazipasa,2024,11.457391304347825,23,True
2024-02-06,gazipasa,2024,13.831666666666665,24,True
2024-02-07,gazipasa,2024,16.867391304347827,23,True
2024-02-08,gazipasa,2024,17.4525,24,True
2024-02-09,gazipasa,2024,11.494583333333333,24,True
2024-02-10,gazipasa,2024,11.967500000000001,24,True
2024-02-11,gazipasa,2024,18.988695652173913,23,True
2024-02-12,gazipasa,2024,29.769583333333333,24,True
2024-02-13,gazipasa,2024,27.49,24,True
2024-02-14,gazipasa,2024,,15,False
2024-02-15,gazipasa,2024,,0,False
2024-02-16,gazipasa,2024,,0,False
2024-02-17,gazipasa,2024,,0,False
2024-02-18,gazipasa,2024,,0,False
2024-02-19,gazipasa,2024,,8,False
2024-02-20,gazipasa,2024,10.007083333333332,24,True
2024-02-21,gazipasa,2024,,14,False
2024-02-22,gazipasa,2024,10.15125,24,True
2024-02-23,gazipasa,2024,11.19375,24,True
2024-02-24,gazipasa,2024,12.802272727272726,22,True
2024-02-25,gazipasa,2024,23.6725,24,True
2024-02-26,gazipasa,2024,24.945833333333336,24,True
2024-02-27,gazipasa,2024,,12,False
2024-02-28,gazipasa,2024,,0,False
2024-02-29,gazipasa,2024,,9,False
2024-03-01,gazipasa,2024,21.8575,24,True
2024-03-02,gazipasa,2024,25.679166666666664,24,True
2024-03-03,gazipasa,2024,21.64625,24,True
2024-03-04,gazipasa,2024,16.81434782608696,23,True
2024-03-05,gazipasa,2024,15.998750000000001,24,True
2024-03-06,gazipasa,2024,14.632083333333334,24,True
2024-03-07,gazipasa,2024,10.0,24,True
2024-03-08,gazipasa,2024,17.06833333333333,24,True
2024-03-09,gazipasa,2024,7.742916666666666,24,True
2024-03-10,gazipasa,2024,11.6625,24,True
2024-03-11,gazipasa,2024,9.332916666666668,24,True
2024-03-12,gazipasa,2024,13.458695652173914,23,True
2024-03-13,gazipasa,2024,18.796666666666667,24,True
2024-03-14,gazipasa,2024,20.457826086956523,23,True
2024-03-15,gazipasa,2024,,8,False
2024-03-16,gazipasa,2024,,0,False
2024-03-17,gazipasa,2024,,0,False
2024-03-18,gazipasa,2024,,0,False
2024-03-19,gazipasa,2024,,7,False
2024-03-20,gazipasa,2024,19.31416666666667,24,True
2024-03-21,gazipasa,2024,12.145416666666668,24,True
2024-03-22,gazipasa,2024,8.987083333333333,24,True
2024-03-23,gazipasa,2024,9.084999999999999,24,True
2024-03-24,gazipasa,2024,7.705416666666667,24,True
2024-03-25,gazipasa,2024,17.982499999999998,24,True
2024-03-26,gazipasa,2024,32.19375,24,True
2024-03-27,gazipasa,2024,22.959166666666665,24,True
2024-03-28,gazipasa,2024,26.547083333333333,24,True
2024-03-29,gazipasa,2024,32.79333333333333,24,True
2024-03-30,gazipasa,2024,37.65541666666667,24,True
2024-03-31,gazipasa,2024,38.20916666666667,24,True
2024-04-01,gazipasa,2024,41.72782608695652,23,True
2024-04-02,gazipasa,2024,42.46041666666667,24,True
2024-04-03,gazipasa,2024,40.88375,24,True
2024-04-04,gazipasa,2024,53.70249999999999,24,True
2024-04-05,gazipasa,2024,36.77,24,True
2024-04-06,gazipasa,2024,25.630416666666665,24,True
2024-04-07,gazipasa,2024,12.190833333333332,24,True
2024-04-08,gazipasa,2024,14.315,24,True
2024-04-09,gazipasa,2024,10.352500000000001,24,True
2024-04-10,gazipasa,2024,8.845,24,True
2024-04-11,gazipasa,2024,15.224166666666667,24,True
2024-04-12,gazipasa,2024,17.205833333333334,24,True
2024-04-13,gazipasa,2024,20.659166666666668,24,True
2024-04-14,gazipasa,2024,19.076249999999998,24,True
2024-04-15,gazipasa,2024,22.50708333333333,24,True
2024-04-16,gazipasa,2024,14.285416666666668,24,True
2024-04-17,gazipasa,2024,18.942916666666665,24,True
2024-04-18,gazipasa,2024,210.4525,24,True
2024-04-19,gazipasa,2024,42.56875,24,True
2024-04-20,gazipasa,2024,33.254347826086956,23,True
2024-04-21,gazipasa,2024,18.52208333333333,24,True
2024-04-22,gazipasa,2024,17.709130434782608,23,True
2024-04-23,gazipasa,2024,27.3275,24,True
2024-04-24,gazipasa,2024,47.317083333333336,24,True
2024-04-25,gazipasa,2024,85.83041666666666,24,True
2024-04-26,gazipasa,2024,77.13478260869564,23,True
2024-04-27,gazipasa,2024,50.05666666666667,24,True
2024-04-28,gazipasa,2024,31.54875,24,True
2024-04-29,gazipasa,2024,33.6504347826087,23,True
2024-04-30,gazipasa,2024,35.4,24,True
2024-05-01,gazipasa,2024,45.69416666666667,24,True
2024-05-02,gazipasa,2024,42.94875,24,True
2024-05-03,gazipasa,2024,36.151666666666664,24,True
2024-05-04,gazipasa,2024,38.233333333333334,24,True
2024-05-05,gazipasa,2024,16.984583333333333,24,True
2024-05-06,gazipasa,2024,10.924782608695653,23,True
2024-05-07,gazipasa,2024,14.545416666666666,24,True
2024-05-08,gazipasa,2024,19.277916666666666,24,True
2024-05-09,gazipasa,2024,17.592916666666667,24,True
2024-05-10,gazipasa,2024,16.791666666666668,24,True
2024-05-11,gazipasa,2024,52.83583333333333,24,True
2024-05-12,gazipasa,2024,19.579565217391302,23,True
2024-05-13,gazipasa,2024,10.156666666666666,24,True
2024-05-14,gazipasa,2024,10.929166666666667,24,True
2024-05-15,gazipasa,2024,12.755833333333333,24,True
2024-05-16,gazipasa,2024,14.091666666666667,24,True
2024-05-17,gazipasa,2024,17.375833333333333,24,True
2024-05-18,gazipasa,2024,18.368750000000002,24,True
2024-05-19,gazipasa,2024,24.609583333333333,24,True
2024-05-20,gazipasa,2024,33.040416666666665,24,True
2024-05-21,gazipasa,2024,40.05041666666667,24,True
2024-05-22,gazipasa,2024,52.21416666666667,24,True
2024-05-23,gazipasa,2024,55.695,24,True
2024-05-24,gazipasa,2024,44.72416666666667,24,True
2024-05-25,gazipasa,2024,21.409583333333334,24,True
2024-05-26,gazipasa,2024,20.365416666666665,24,True
2024-05-27,gazipasa,2024,29.749583333333334,24,True
2024-05-28,gazipasa,2024,23.490416666666665,24,True
2024-05-29,gazipasa,2024,28.939999999999998,24,True
2024-05-30,gazipasa,2024,24.552916666666665,24,True
2024-05-31,gazipasa,2024,22.582083333333333,24,True
2024-06-01,gazipasa,2024,18.869583333333335,24,True
2024-06-02,gazipasa,2024,24.837500000000002,24,True
2024-06-03,gazipasa,2024,23.051666666666666,24,True
2024-06-04,gazipasa,2024,19.565833333333334,24,True
2024-06-05,gazipasa,2024,21.570833333333336,24,True
2024-06-06,gazipasa,2024,31.01375,24,True
2024-06-07,gazipasa,2024,53.280833333333334,24,True
2024-06-08,gazipasa,2024,37.65416666666667,24,True
2024-06-09,gazipasa,2024,32.41416666666667,24,True
2024-06-10,gazipasa,2024,17.66208333333333,24,True
2024-06-11,gazipasa,2024,22.273478260869563,23,True
2024-06-12,gazipasa,2024,24.582083333333333,24,True
2024-06-13,gazipasa,2024,35.000416666666666,24,True
2024-06-14,gazipasa,2024,49.772083333333335,24,True
2024-06-15,gazipasa,2024,68.43583333333333,24,True
2024-06-16,gazipasa,2024,55.42124999999999,24,True
2024-06-17,gazipasa,2024,41.90916666666667,24,True
2024-06-18,gazipasa,2024,41.864583333333336,24,True
2024-06-19,gazipasa,2024,34.92375,24,True
2024-06-20,gazipasa,2024,30.33125,24,True
2024-06-21,gazipasa,2024,28.28,24,True
2024-06-22,gazipasa,2024,28.66541666666667,24,True
2024-06-23,gazipasa,2024,28.9075,24,True
2024-06-24,gazipasa,2024,35.08875,24,True
2024-06-25,gazipasa,2024,40.598333333333336,24,True
2024-06-26,gazipasa,2024,48.29624999999999,24,True
2024-06-27,gazipasa,2024,37.369166666666665,24,True
2024-06-28,gazipasa,2024,36.122173913043476,23,True
2024-06-29,gazipasa,2024,34.516666666666666,24,True
2024-06-30,gazipasa,2024,34.48041666666666,24,True
2024-07-01,gazipasa,2024,20.815,24,True
2024-07-02,gazipasa,2024,22.610416666666666,24,True
2024-07-03,gazipasa,2024,27.764166666666668,24,True
2024-07-04,gazipasa,2024,36.20541666666667,24,True
2024-07-05,gazipasa,2024,34.473333333333336,24,True
2024-07-06,gazipasa,2024,28.148750000000003,24,True
2024-07-07,gazipasa,2024,36.58583333333333,24,True
2024-07-08,gazipasa,2024,25.154583333333335,24,True
2024-07-09,gazipasa,2024,27.634583333333335,24,True
2024-07-10,gazipasa,2024,31.494285714285713,21,True
2024-07-11,gazipasa,2024,28.960416666666664,24,True
2024-07-12,gazipasa,2024,28.675,24,True
2024-07-13,gazipasa,2024,27.079166666666666,24,True
2024-07-14,gazipasa,2024,28.12625,24,True
2024-07-15,gazipasa,2024,25.775000000000002,24,True
2024-07-16,gazipasa,2024,32.63458333333333,24,True
2024-07-17,gazipasa,2024,27.065833333333334,24,True
2024-07-18,gazipasa,2024,31.413636363636364,22,True
2024-07-19,gazipasa,2024,,5,False
2024-07-20,gazipasa,2024,28.369583333333335,24,True
2024-07-21,gazipasa,2024,33.80375,24,True
2024-07-22,gazipasa,2024,36.59166666666667,24,True
2024-07-23,gazipasa,2024,36.52130434782609,23,True
2024-07-24,gazipasa,2024,39.29958333333334,24,True
2024-07-25,gazipasa,2024,39.17583333333334,24,True
2024-07-26,gazipasa,2024,38.945,24,True
2024-07-27,gazipasa,2024,25.959999999999997,24,True
2024-07-28,gazipasa,2024,17.819583333333334,24,True
2024-07-29,gazipasa,2024,18.371666666666666,24,True
2024-07-30,gazipasa,2024,30.83791666666667,24,True
2024-07-31,gazipasa,2024,33.17041666666667,24,True
2024-08-01,gazipasa,2024,19.12,24,True
2024-08-02,gazipasa,2024,34.95916666666667,24,True
2024-08-03,gazipasa,2024,40.80375,24,True
2024-08-04,gazipasa,2024,37.1225,24,True
2024-08-05,gazipasa,2024,30.0125,24,True
2024-08-06,gazipasa,2024,22.264166666666668,24,True
2024-08-07,gazipasa,2024,26.33125,24,True
2024-08-08,gazipasa,2024,33.079166666666666,24,True
2024-08-09,gazipasa,2024,31.43541666666667,24,True
2024-08-10,gazipasa,2024,26.800833333333333,24,True
2024-08-11,gazipasa,2024,30.915000000000003,24,True
2024-08-12,gazipasa,2024,33.270833333333336,24,True
2024-08-13,gazipasa,2024,19.705000000000002,24,True
2024-08-14,gazipasa,2024,20.36375,24,True
2024-08-15,gazipasa,2024,24.009583333333335,24,True
2024-08-16,gazipasa,2024,26.355416666666667,24,True
2024-08-17,gazipasa,2024,24.093333333333334,24,True
2024-08-18,gazipasa,2024,21.794166666666666,24,True
2024-08-19,gazipasa,2024,17.89272727272727,22,True
2024-08-20,gazipasa,2024,20.923333333333336,24,True
2024-08-21,gazipasa,2024,29.007500000000004,24,True
2024-08-22,gazipasa,2024,32.41291666666667,24,True
2024-08-23,gazipasa,2024,28.19666666666667,24,True
2024-08-24,gazipasa,2024,27.05875,24,True
2024-08-25,gazipasa,2024,24.799583333333334,24,True
2024-08-26,gazipasa,2024,30.665833333333335,24,True
2024-08-27,gazipasa,2024,27.377916666666668,24,True
2024-08-28,gazipasa,2024,32.36375,24,True
2024-08-29,gazipasa,2024,32.833333333333336,24,True
2024-08-30,gazipasa,2024,32.899166666666666,24,True
2024-08-31,gazipasa,2024,29.569166666666664,24,True
2024-09-01,gazipasa,2024,28.712500000000002,24,True
2024-09-02,gazipasa,2024,22.377499999999998,24,True
2024-09-03,gazipasa,2024,24.45375,24,True
2024-09-04,gazipasa,2024,28.650833333333335,24,True
2024-09-05,gazipasa,2024,28.485833333333332,24,True
2024-09-06,gazipasa,2024,25.57541666666667,24,True
2024-09-07,gazipasa,2024,27.04625,24,True
2024-09-08,gazipasa,2024,33.26166666666666,24,True
2024-09-09,gazipasa,2024,33.20541666666667,24,True
2024-09-10,gazipasa,2024,27.786666666666665,24,True
2024-09-11,gazipasa,2024,21.935,24,True
2024-09-12,gazipasa,2024,27.770416666666666,24,True
2024-09-13,gazipasa,2024,33.67166666666667,24,True
2024-09-14,gazipasa,2024,28.817083333333333,24,True
2024-09-15,gazipasa,2024,33.880833333333335,24,True
2024-09-16,gazipasa,2024,27.054166666666664,24,True
2024-09-17,gazipasa,2024,20.805416666666666,24,True
2024-09-18,gazipasa,2024,20.627916666666668,24,True
2024-09-19,gazipasa,2024,20.756249999999998,24,True
2024-09-20,gazipasa,2024,27.214583333333334,24,True
2024-09-21,gazipasa,2024,26.004583333333333,24,True
2024-09-22,gazipasa,2024,,5,False
2024-09-23,gazipasa,2024,,6,False
2024-09-24,gazipasa,2024,12.637083333333335,24,True
2024-09-25,gazipasa,2024,13.690833333333332,24,True
2024-09-26,gazipasa,2024,17.07166666666667,24,True
2024-09-27,gazipasa,2024,15.872916666666667,24,True
2024-09-28,gazipasa,2024,17.361666666666668,24,True
2024-09-29,gazipasa,2024,23.348333333333333,24,True
2024-09-30,gazipasa,2024,25.77416666666667,24,True
2024-10-01,gazipasa,2024,20.968333333333334,24,True
2024-10-02,gazipasa,2024,13.255,24,True
2024-10-03,gazipasa,2024,13.784166666666666,24,True
2024-10-04,gazipasa,2024,16.590416666666666,24,True
2024-10-05,gazipasa,2024,18.06,24,True
2024-10-06,gazipasa,2024,16.3075,24,True
2024-10-07,gazipasa,2024,18.527083333333334,24,True
2024-10-08,gazipasa,2024,19.788333333333334,24,True
2024-10-09,gazipasa,2024,20.545833333333334,24,True
2024-10-10,gazipasa,2024,19.94625,24,True
2024-10-11,gazipasa,2024,19.4525,24,True
2024-10-12,gazipasa,2024,21.286666666666665,24,True
2024-10-13,gazipasa,2024,27.264166666666668,24,True
2024-10-14,gazipasa,2024,32.017916666666665,24,True
2024-10-15,gazipasa,2024,31.414166666666663,24,True
2024-10-16,gazipasa,2024,34.955,24,True
2024-10-17,gazipasa,2024,38.11166666666667,24,True
2024-10-18,gazipasa,2024,33.940000000000005,24,True
2024-10-19,gazipasa,2024,17.25166666666667,24,True
2024-10-20,gazipasa,2024,14.902083333333332,24,True
2024-10-21,gazipasa,2024,16.665,24,True
2024-10-22,gazipasa,2024,18.749000000000002,20,True
2024-10-23,gazipasa,2024,12.82,24,True
2024-10-24,gazipasa,2024,11.915416666666667,24,True
2024-10-25,gazipasa,2024,14.527916666666668,24,True
2024-10-26,gazipasa,2024,14.594583333333333,24,True
2024-10-27,gazipasa,2024,15.783333333333333,24,True
2024-10-28,gazipasa,2024,16.167083333333334,24,True
2024-10-29,gazipasa,2024,14.647916666666667,24,True
2024-10-30,gazipasa,2024,17.10291666666667,24,True
2024-10-31,gazipasa,2024,21.1975,24,True
2024-11-01,gazipasa,2024,27.424166666666665,24,True
2024-11-02,gazipasa,2024,43.374583333333334,24,True
2024-11-03,gazipasa,2024,42.60333333333333,24,True
2024-11-04,gazipasa,2024,31.017083333333332,24,True
2024-11-05,gazipasa,2024,22.241249999999997,24,True
2024-11-06,gazipasa,2024,17.23875,24,True
2024-11-07,gazipasa,2024,16.75,24,True
2024-11-08,gazipasa,2024,14.287083333333333,24,True
2024-11-09,gazipasa,2024,15.243333333333332,24,True
2024-11-10,gazipasa,2024,23.010833333333334,24,True
2024-11-11,gazipasa,2024,10.998333333333333,24,True
2024-11-12,gazipasa,2024,10.9525,24,True
2024-11-13,gazipasa,2024,12.319166666666668,24,True
2024-11-14,gazipasa,2024,17.862083333333334,24,True
2024-11-15,gazipasa,2024,15.617083333333333,24,True
2024-11-16,gazipasa,2024,15.3375,24,True
2024-11-17,gazipasa,2024,,16,False
2024-11-18,gazipasa,2024,,10,False
2024-11-19,gazipasa,2024,7.047916666666667,24,True
2024-11-20,gazipasa,2024,8.835833333333333,24,True
2024-11-21,gazipasa,2024,11.0375,24,True
2024-11-22,gazipasa,2024,,11,False
2024-11-23,gazipasa,2024,27.249583333333334,24,True
2024-11-24,gazipasa,2024,17.0625,24,True
2024-11-25,gazipasa,2024,4.7908333333333335,24,True
2024-11-26,gazipasa,2024,6.136666666666667,24,True
2024-11-27,gazipasa,2024,7.260833333333333,24,True
2024-11-28,gazipasa,2024,12.308750000000002,24,True
2024-11-29,gazipasa,2024,9.267916666666666,24,True
2024-11-30,gazipasa,2024,10.33625,24,True
2024-12-01,gazipasa,2024,18.415833333333335,24,True
2024-12-02,gazipasa,2024,16.204166666666666,24,True
2024-12-03,gazipasa,2024,13.159166666666666,24,True
2024-12-04,gazipasa,2024,5.433333333333334,24,True
2024-12-05,gazipasa,2024,14.53375,24,True
2024-12-06,gazipasa,2024,14.916666666666666,24,True
2024-12-07,gazipasa,2024,22.7325,24,True
2024-12-08,gazipasa,2024,,5,False
2024-12-09,gazipasa,2024,,5,False
2024-12-10,gazipasa,2024,24.352500000000003,24,True
2024-12-11,gazipasa,2024,21.759583333333335,24,True
2024-12-12,gazipasa,2024,14.57,24,True
2024-12-13,gazipasa,2024,9.677916666666667,24,True
2024-12-14,gazipasa,2024,8.937916666666666,24,True
2024-12-15,gazipasa,2024,10.41125,24,True
2024-12-16,gazipasa,2024,9.429166666666667,24,True
2024-12-17,gazipasa,2024,5.861666666666667,24,True
2024-12-18,gazipasa,2024,6.445,24,True
2024-12-19,gazipasa,2024,7.8445833333333335,24,True
2024-12-20,gazipasa,2024,7.246666666666667,24,True
2024-12-21,gazipasa,2024,12.58,24,True
2024-12-22,gazipasa,2024,12.146666666666667,24,True
2024-12-23,gazipasa,2024,8.26125,24,True
2024-12-24,gazipasa,2024,6.957083333333333,24,True
2024-12-25,gazipasa,2024,,16,False
2024-12-26,gazipasa,2024,,0,False
2024-12-27,gazipasa,2024,,13,False
2024-12-28,gazipasa,2024,8.271666666666667,24,True
2024-12-29,gazipasa,2024,6.735416666666667,24,True
2024-12-30,gazipasa,2024,6.179583333333333,24,True
2024-12-31,gazipasa,2024,5.303333333333334,24,True
2025-01-01,gazipasa,2025,7.832916666666667,24,True
2025-01-02,gazipasa,2025,7.5375000000000005,24,True
2025-01-03,gazipasa,2025,8.106250000000001,24,True
2025-01-04,gazipasa,2025,10.9975,24,True
2025-01-05,gazipasa,2025,12.569583333333334,24,True
2025-01-06,gazipasa,2025,16.865416666666665,24,True
2025-01-07,gazipasa,2025,19.284583333333334,24,True
2025-01-08,gazipasa,2025,22.956666666666667,24,True
2025-01-09,gazipasa,2025,22.023749999999996,24,True
2025-01-10,gazipasa,2025,19.87,24,True
2025-01-11,gazipasa,2025,20.43375,24,True
2025-01-12,gazipasa,2025,20.210416666666667,24,True
2025-01-13,gazipasa,2025,14.176666666666668,24,True
2025-01-14,gazipasa,2025,14.227083333333333,24,True
2025-01-15,gazipasa,2025,13.244583333333333,24,True
2025-01-16,gazipasa,2025,7.5025,24,True
2025-01-17,gazipasa,2025,7.6825,24,True
2025-01-18,gazipasa,2025,8.653333333333334,24,True
2025-01-19,gazipasa,2025,10.3,23,True
2025-01-20,gazipasa,2025,12.575000000000001,24,True
2025-01-21,gazipasa,2025,9.826818181818181,22,True
2025-01-22,gazipasa,2025,12.924999999999999,24,True
2025-01-23,gazipasa,2025,6.843333333333334,24,True
2025-01-24,gazipasa,2025,8.282916666666667,24,True
2025-01-25,gazipasa,2025,13.34625,24,True
2025-01-26,gazipasa,2025,11.119166666666667,24,True
2025-01-27,gazipasa,2025,13.221666666666666,24,True
2025-01-28,gazipasa,2025,11.663333333333334,24,True
2025-01-29,gazipasa,2025,13.69375,24,True
2025-01-30,gazipasa,2025,14.934583333333334,24,True
2025-01-31,gazipasa,2025,14.68,24,True
2025-02-01,gazipasa,2025,14.3075,24,True
2025-02-02,gazipasa,2025,13.006666666666668,24,True
2025-02-03,gazipasa,2025,11.990833333333333,24,True
2025-02-04,gazipasa,2025,13.422916666666666,24,True
2025-02-05,gazipasa,2025,,1,False
2025-02-06,gazipasa,2025,,11,False
2025-02-07,gazipasa,2025,6.621666666666666,24,True
2025-02-08,gazipasa,2025,10.040416666666667,24,True
2025-02-09,gazipasa,2025,10.225,24,True
2025-02-10,gazipasa,2025,11.286666666666667,24,True
2025-02-11,gazipasa,2025,13.548333333333334,24,True
2025-02-12,gazipasa,2025,10.612499999999999,24,True
2025-02-13,gazipasa,2025,8.058333333333334,24,True
2025-02-14,gazipasa,2025,9.560833333333333,24,True
2025-02-15,gazipasa,2025,10.325833333333334,24,True
2025-02-16,gazipasa,2025,11.090833333333334,24,True
2025-02-17,gazipasa,2025,11.60125,24,True
2025-02-18,gazipasa,2025,9.817916666666667,24,True
2025-02-19,gazipasa,2025,8.215,24,True
2025-02-20,gazipasa,2025,5.909166666666667,24,True
2025-02-21,gazipasa,2025,19.557916666666667,24,True
2025-02-22,gazipasa,2025,14.856666666666667,24,True
2025-02-23,gazipasa,2025,19.46625,24,True
2025-02-24,gazipasa,2025,21.66333333333333,24,True
2025-02-25,gazipasa,2025,18.155833333333334,24,True
2025-02-26,gazipasa,2025,17.4325,24,True
2025-02-27,gazipasa,2025,25.57041666666667,24,True
2025-02-28,gazipasa,2025,20.245,24,True
2025-03-01,gazipasa,2025,,12,False
2025-03-02,gazipasa,2025,,8,False
2025-03-03,gazipasa,2025,15.747916666666667,24,True
2025-03-04,gazipasa,2025,4.578333333333333,24,True
2025-03-05,gazipasa,2025,7.118260869565217,23,True
2025-03-06,gazipasa,2025,32.44833333333333,24,True
2025-03-07,gazipasa,2025,18.66375,24,True
2025-03-08,gazipasa,2025,11.220416666666667,24,True
2025-03-09,gazipasa,2025,20.892083333333332,24,True
2025-03-10,gazipasa,2025,20.635416666666668,24,True
2025-03-11,gazipasa,2025,20.52521739130435,23,True
2025-03-12,gazipasa,2025,21.260833333333334,24,True
2025-03-13,gazipasa,2025,19.8425,24,True
2025-03-14,gazipasa,2025,19.345,24,True
2025-03-15,gazipasa,2025,23.127499999999998,24,True
2025-03-16,gazipasa,2025,27.75791666666667,24,True
2025-03-17,gazipasa,2025,32.0525,24,True
2025-03-18,gazipasa,2025,27.886666666666667,24,True
2025-03-19,gazipasa,2025,21.574166666666667,24,True
2025-03-20,gazipasa,2025,5.64,24,True
2025-03-21,gazipasa,2025,3.5679166666666666,24,True
2025-03-22,gazipasa,2025,7.074583333333333,24,True
2025-03-23,gazipasa,2025,13.288333333333334,24,True
2025-03-24,gazipasa,2025,14.459583333333333,24,True
2025-03-25,gazipasa,2025,17.91875,24,True
2025-03-26,gazipasa,2025,24.54875,24,True
2025-03-27,gazipasa,2025,36.99523809523809,21,True
2025-03-28,gazipasa,2025,45.35541666666666,24,True
2025-03-29,gazipasa,2025,31.705416666666665,24,True
2025-03-30,gazipasa,2025,14.253749999999998,24,True
2025-03-31,gazipasa,2025,32.12375,24,True
2025-04-01,gazipasa,2025,40.214999999999996,24,True
2025-04-02,gazipasa,2025,36.652499999999996,24,True
2025-04-03,gazipasa,2025,17.777916666666666,24,True
2025-04-04,gazipasa,2025,11.467083333333333,24,True
2025-04-05,gazipasa,2025,12.782499999999999,24,True
2025-04-06,gazipasa,2025,10.483333333333333,24,True
2025-04-07,gazipasa,2025,12.797083333333333,24,True
2025-04-08,gazipasa,2025,14.93,24,True
2025-04-09,gazipasa,2025,21.47,24,True
2025-04-10,gazipasa,2025,,7,False
2025-04-11,gazipasa,2025,12.94,24,True
2025-04-12,gazipasa,2025,11.037916666666666,24,True
2025-04-13,gazipasa,2025,11.66125,24,True
2025-04-14,gazipasa,2025,8.58375,24,True
2025-04-15,gazipasa,2025,23.559473684210527,19,True
2025-04-16,gazipasa,2025,15.977083333333333,24,True
2025-04-17,gazipasa,2025,17.68166666666667,24,True
2025-04-18,gazipasa,2025,21.296666666666667,24,True
2025-04-19,gazipasa,2025,20.046666666666667,24,True
2025-04-20,gazipasa,2025,23.22277777777778,18,True
2025-04-21,gazipasa,2025,26.2925,24,True
2025-04-22,gazipasa,2025,28.41625,24,True
2025-04-23,gazipasa,2025,31.440833333333334,24,True
2025-04-24,gazipasa,2025,39.343333333333334,24,True
2025-04-25,gazipasa,2025,39.17521739130434,23,True
2025-04-26,gazipasa,2025,24.3175,24,True
2025-04-27,gazipasa,2025,23.239583333333332,24,True
2025-04-28,gazipasa,2025,25.56041666666667,24,True
2025-04-29,gazipasa,2025,19.839166666666667,24,True
2025-04-30,gazipasa,2025,19.991666666666667,24,True
2025-05-01,gazipasa,2025,19.182083333333335,24,True
2025-05-02,gazipasa,2025,17.879166666666666,24,True
2025-05-03,gazipasa,2025,13.931666666666667,24,True
2025-05-04,gazipasa,2025,13.288333333333334,24,True
2025-05-05,gazipasa,2025,16.07875,24,True
2025-05-06,gazipasa,2025,21.59125,24,True
2025-05-07,gazipasa,2025,26.631666666666664,24,True
2025-05-08,gazipasa,2025,28.332083333333333,24,True
2025-05-09,gazipasa,2025,38.84916666666667,24,True
2025-05-10,gazipasa,2025,32.84083333333333,24,True
2025-05-11,gazipasa,2025,42.638333333333335,24,True
2025-05-12,gazipasa,2025,47.568333333333335,24,True
2025-05-13,gazipasa,2025,41.680416666666666,24,True
2025-05-14,gazipasa,2025,34.40291666666666,24,True
2025-05-15,gazipasa,2025,35.21958333333333,24,True
2025-05-16,gazipasa,2025,34.895,24,True
2025-05-17,gazipasa,2025,32.99333333333333,24,True
2025-05-18,gazipasa,2025,40.315,24,True
2025-05-19,gazipasa,2025,34.596666666666664,24,True
2025-05-20,gazipasa,2025,27.218333333333334,24,True
2025-05-21,gazipasa,2025,23.099166666666665,24,True
2025-05-22,gazipasa,2025,24.023750000000003,24,True
2025-05-23,gazipasa,2025,28.973333333333333,24,True
2025-05-24,gazipasa,2025,47.812916666666666,24,True
2025-05-25,gazipasa,2025,49.76833333333334,24,True
2025-05-26,gazipasa,2025,60.85208333333333,24,True
2025-05-27,gazipasa,2025,61.99375,24,True
2025-05-28,gazipasa,2025,52.73791666666667,24,True
2025-05-29,gazipasa,2025,42.13363636363636,22,True
2025-05-30,gazipasa,2025,,0,False
2025-05-31,gazipasa,2025,,0,False
2025-06-01,gazipasa,2025,,0,False
2025-06-02,gazipasa,2025,,0,False
2025-06-03,gazipasa,2025,,0,False
2025-06-04,gazipasa,2025,,0,False
2025-06-05,gazipasa,2025,,0,False
2025-06-06,gazipasa,2025,,0,False
2025-06-07,gazipasa,2025,,0,False
2025-06-08,gazipasa,2025,,0,False
2025-06-09,gazipasa,2025,,0,False
2025-06-10,gazipasa,2025,,0,False
2025-06-11,gazipasa,2025,,0,False
2025-06-12,gazipasa,2025,,0,False
2025-06-13,gazipasa,2025,,0,False
2025-06-14,gazipasa,2025,,0,False
2025-06-15,gazipasa,2025,,0,False
2025-06-16,gazipasa,2025,,0,False
2025-06-17,gazipasa,2025,,7,False
2025-06-18,gazipasa,2025,20.200416666666666,24,True
2025-06-19,gazipasa,2025,25.471666666666668,24,True
2025-06-20,gazipasa,2025,33.428333333333335,24,True
2025-06-21,gazipasa,2025,34.114583333333336,24,True
2025-06-22,gazipasa,2025,35.821666666666665,24,True
2025-06-23,gazipasa,2025,29.3275,24,True
2025-06-24,gazipasa,2025,22.861666666666668,24,True
2025-06-25,gazipasa,2025,25.334999999999997,24,True
2025-06-26,gazipasa,2025,30.6875,24,True
2025-06-27,gazipasa,2025,25.83458333333333,24,True
2025-06-28,gazipasa,2025,32.80041666666667,24,True
2025-06-29,gazipasa,2025,27.867083333333337,24,True
2025-06-30,gazipasa,2025,,8,False
2025-07-01,gazipasa,2025,42.255,18,True
2025-07-02,gazipasa,2025,30.9875,24,True
2025-07-03,gazipasa,2025,37.60041666666667,24,True
2025-07-04,gazipasa,2025,46.88958333333333,24,True
2025-07-05,gazipasa,2025,29.587500000000002,24,True
2025-07-06,gazipasa,2025,25.692916666666665,24,True
2025-07-07,gazipasa,2025,27.04,22,True
2025-07-08,gazipasa,2025,40.1,24,True
2025-07-09,gazipasa,2025,36.92041666666667,24,True
2025-07-10,gazipasa,2025,35.567083333333336,24,True
2025-07-11,gazipasa,2025,30.526666666666667,24,True
2025-07-12,gazipasa,2025,24.438333333333333,24,True
2025-07-13,gazipasa,2025,30.36583333333333,24,True
2025-07-14,gazipasa,2025,32.30083333333334,24,True
2025-07-15,gazipasa,2025,41.024166666666666,24,True
2025-07-16,gazipasa,2025,45.65166666666667,24,True
2025-07-17,gazipasa,2025,47.96625,24,True
2025-07-18,gazipasa,2025,42.62833333333334,24,True
2025-07-19,gazipasa,2025,35.26375,24,True
2025-07-20,gazipasa,2025,41.16833333333333,24,True
2025-07-21,gazipasa,2025,42.1575,24,True
2025-07-22,gazipasa,2025,37.00416666666667,24,True
2025-07-23,gazipasa,2025,38.6575,24,True
2025-07-24,gazipasa,2025,39.48166666666667,24,True
2025-07-25,gazipasa,2025,67.00125,24,True
2025-07-26,gazipasa,2025,51.66708333333333,24,True
2025-07-27,gazipasa,2025,39.068333333333335,24,True
2025-07-28,gazipasa,2025,39.19708333333333,24,True
2025-07-29,gazipasa,2025,41.33541666666667,24,True
2025-07-30,gazipasa,2025,44.626666666666665,24,True
2025-07-31,gazipasa,2025,39.23166666666667,24,True
2025-08-01,gazipasa,2025,32.65708333333333,24,True
2025-08-02,gazipasa,2025,39.41291666666667,24,True
2025-08-03,gazipasa,2025,32.35041666666667,24,True
2025-08-04,gazipasa,2025,30.907083333333333,24,True
2025-08-05,gazipasa,2025,30.7375,24,True
2025-08-06,gazipasa,2025,39.26291666666666,24,True
2025-08-07,gazipasa,2025,45.314166666666665,24,True
2025-08-08,gazipasa,2025,39.74375,24,True
2025-08-09,gazipasa,2025,39.02333333333333,24,True
2025-08-10,gazipasa,2025,37.8675,24,True
2025-08-11,gazipasa,2025,32.940000000000005,24,True
2025-08-12,gazipasa,2025,32.58625,24,True
2025-08-13,gazipasa,2025,29.504583333333333,24,True
2025-08-14,gazipasa,2025,29.861666666666668,24,True
2025-08-15,gazipasa,2025,44.725833333333334,24,True
2025-08-16,gazipasa,2025,52.6,24,True
2025-08-17,gazipasa,2025,51.95208333333333,24,True
2025-08-18,gazipasa,2025,41.06333333333333,24,True
2025-08-19,gazipasa,2025,38.324999999999996,24,True
2025-08-20,gazipasa,2025,40.70333333333333,24,True
2025-08-21,gazipasa,2025,39.79916666666667,24,True
2025-08-22,gazipasa,2025,37.65125,24,True
2025-08-23,gazipasa,2025,38.24375,24,True
2025-08-24,gazipasa,2025,37.70541666666667,24,True
2025-08-25,gazipasa,2025,42.78875,24,True
2025-08-26,gazipasa,2025,40.34041666666666,24,True
2025-08-27,gazipasa,2025,36.35916666666667,24,True
2025-08-28,gazipasa,2025,32.75791666666667,24,True
2025-08-29,gazipasa,2025,31.339583333333334,24,True
2025-08-30,gazipasa,2025,28.791666666666668,24,True
2025-08-31,gazipasa,2025,32.19291666666667,24,True
2025-09-01,gazipasa,2025,32.6025,24,True
2025-09-02,gazipasa,2025,38.705652173913045,23,True
2025-09-03,gazipasa,2025,45.580000000000005,24,True
2025-09-04,gazipasa,2025,38.294583333333335,24,True
2025-09-05,gazipasa,2025,33.85125,24,True
2025-09-06,gazipasa,2025,30.22583333333333,24,True
2025-09-07,gazipasa,2025,33.060833333333335,24,True
2025-09-08,gazipasa,2025,32.30416666666667,24,True
2025-09-09,gazipasa,2025,22.169583333333335,24,True
2025-09-10,gazipasa,2025,23.563333333333333,24,True
2025-09-11,gazipasa,2025,25.842083333333335,24,True
2025-09-12,gazipasa,2025,18.80125,24,True
2025-09-13,gazipasa,2025,22.119583333333335,24,True
2025-09-14,gazipasa,2025,23.4575,24,True
2025-09-15,gazipasa,2025,28.58583333333333,24,True
2025-09-16,gazipasa,2025,32.069583333333334,24,True
2025-09-17,gazipasa,2025,29.365,24,True
2025-09-18,gazipasa,2025,29.256666666666664,24,True
2025-09-19,gazipasa,2025,61.060869565217395,23,True
2025-09-20,gazipasa,2025,16.1975,24,True
2025-09-21,gazipasa,2025,17.22125,24,True
2025-09-22,gazipasa,2025,20.157083333333333,24,True
2025-09-23,gazipasa,2025,20.144583333333333,24,True
2025-09-24,gazipasa,2025,24.558333333333334,24,True
2025-09-25,gazipasa,2025,30.192916666666665,24,True
2025-09-26,gazipasa,2025,34.1075,24,True
2025-09-27,gazipasa,2025,30.863333333333333,24,True
2025-09-28,gazipasa,2025,28.9175,24,True
2025-09-29,gazipasa,2025,24.6875,24,True
2025-09-30,gazipasa,2025,23.876666666666665,24,True
2025-10-01,gazipasa,2025,15.252916666666666,24,True
2025-10-02,gazipasa,2025,17.567083333333333,24,True
2025-10-03,gazipasa,2025,12.655416666666667,24,True
2025-10-04,gazipasa,2025,15.686250000000001,24,True
2025-10-05,gazipasa,2025,15.3525,24,True
2025-10-06,gazipasa,2025,15.5775,24,True
2025-10-07,gazipasa,2025,12.187916666666666,24,True
2025-10-08,gazipasa,2025,15.980454545454545,22,True
2025-10-09,gazipasa,2025,9.34086956521739,23,True
2025-10-10,gazipasa,2025,10.975,24,True
2025-10-11,gazipasa,2025,13.234166666666667,24,True
2025-10-12,gazipasa,2025,9.76,24,True
2025-10-13,gazipasa,2025,10.706249999999999,24,True
2025-10-14,gazipasa,2025,10.975416666666668,24,True
2025-10-15,gazipasa,2025,10.175416666666667,24,True
2025-10-16,gazipasa,2025,11.397083333333333,24,True
2025-10-17,gazipasa,2025,16.46125,24,True
2025-10-18,gazipasa,2025,20.661666666666665,24,True
2025-10-19,gazipasa,2025,28.194999999999997,24,True
2025-10-20,gazipasa,2025,30.163750000000004,24,True
2025-10-21,gazipasa,2025,18.7925,24,True
2025-10-22,gazipasa,2025,16.9225,24,True
2025-10-23,gazipasa,2025,25.58083333333333,24,True
2025-10-24,gazipasa,2025,30.430000000000003,24,True
2025-10-25,gazipasa,2025,23.17625,24,True
2025-10-26,gazipasa,2025,23.657083333333333,24,True
2025-10-27,gazipasa,2025,21.192083333333333,24,True
2025-10-28,gazipasa,2025,21.181250000000002,24,True
2025-10-29,gazipasa,2025,15.895416666666668,24,True
2025-10-30,gazipasa,2025,19.647916666666667,24,True
2025-10-31,gazipasa,2025,12.525416666666667,24,True
2025-11-01,gazipasa,2025,16.899583333333332,24,True
2025-11-02,gazipasa,2025,16.31125,24,True
2025-11-03,gazipasa,2025,18.345000000000002,24,True
2025-11-04,gazipasa,2025,20.741666666666667,24,True
2025-11-05,gazipasa,2025,21.9375,24,True
2025-11-06,gazipasa,2025,38.466249999999995,24,True
2025-11-07,gazipasa,2025,36.972500000000004,24,True
2025-11-08,gazipasa,2025,12.299166666666666,24,True
2025-11-09,gazipasa,2025,16.493333333333332,24,True
2025-11-10,gazipasa,2025,27.493333333333336,24,True
2025-11-11,gazipasa,2025,37.156666666666666,24,True
2025-11-12,gazipasa,2025,22.998333333333335,24,True
2025-11-13,gazipasa,2025,12.977083333333333,24,True
2025-11-14,gazipasa,2025,12.959166666666667,24,True
2025-11-15,gazipasa,2025,13.755,24,True
2025-11-16,gazipasa,2025,10.252083333333333,24,True
2025-11-17,gazipasa,2025,13.1975,24,True
2025-11-18,gazipasa,2025,14.854583333333332,24,True
2025-11-19,gazipasa,2025,19.155416666666667,24,True
2025-11-20,gazipasa,2025,24.288749999999997,24,True
2025-11-21,gazipasa,2025,35.152499999999996,24,True
2025-11-22,gazipasa,2025,38.376666666666665,24,True
2025-11-23,gazipasa,2025,41.48083333333333,24,True
2025-11-24,gazipasa,2025,49.29125,24,True
2025-11-25,gazipasa,2025,29.664583333333336,24,True
2025-11-26,gazipasa,2025,20.74416666666667,24,True
2025-11-27,gazipasa,2025,20.249166666666667,24,True
2025-11-28,gazipasa,2025,16.273333333333333,24,True
2025-11-29,gazipasa,2025,33.535833333333336,24,True
2025-11-30,gazipasa,2025,20.327083333333334,24,True
2025-12-01,gazipasa,2025,6.213333333333334,24,True
2025-12-02,gazipasa,2025,9.911666666666667,24,True
2025-12-03,gazipasa,2025,10.741666666666667,24,True
2025-12-04,gazipasa,2025,17.290833333333335,24,True
2025-12-05,gazipasa,2025,34.76208333333333,24,True
2025-12-06,gazipasa,2025,35.495,24,True
2025-12-07,gazipasa,2025,11.246250000000002,24,True
2025-12-08,gazipasa,2025,9.47375,24,True
2025-12-09,gazipasa,2025,6.761666666666667,24,True
2025-12-10,gazipasa,2025,7.483478260869566,23,True
2025-12-11,gazipasa,2025,12.515833333333333,24,True
2025-12-12,gazipasa,2025,6.8566666666666665,24,True
2025-12-13,gazipasa,2025,9.664166666666667,24,True
2025-12-14,gazipasa,2025,12.962916666666667,24,True
2025-12-15,gazipasa,2025,11.4475,24,True
2025-12-16,gazipasa,2025,6.4925,24,True
2025-12-17,gazipasa,2025,8.0775,24,True
2025-12-18,gazipasa,2025,6.3808333333333325,24,True
2025-12-19,gazipasa,2025,12.985,24,True
2025-12-20,gazipasa,2025,17.79125,24,True
2025-12-21,gazipasa,2025,18.479166666666668,24,True
2025-12-22,gazipasa,2025,19.660416666666666,24,True
2025-12-23,gazipasa,2025,24.714166666666667,24,True
2025-12-24,gazipasa,2025,28.532083333333333,24,True
2025-12-25,gazipasa,2025,20.4175,24,True
2025-12-26,gazipasa,2025,12.697916666666666,24,True
2025-12-27,gazipasa,2025,8.91125,24,True
2025-12-28,gazipasa,2025,7.335833333333333,24,True
2025-12-29,gazipasa,2025,11.315,24,True
2025-12-30,gazipasa,2025,9.284166666666666,24,True
2025-12-31,gazipasa,2025,9.927826086956522,23,True
2024-01-01,kepez,2024,74.43875,24,True
2024-01-02,kepez,2024,39.46208333333333,24,True
2024-01-03,kepez,2024,60.067499999999995,24,True
2024-01-04,kepez,2024,61.5825,24,True
2024-01-05,kepez,2024,52.2925,24,True
2024-01-06,kepez,2024,51.416666666666664,24,True
2024-01-07,kepez,2024,33.303333333333335,24,True
2024-01-08,kepez,2024,90.69958333333334,24,True
2024-01-09,kepez,2024,80.64791666666666,24,True
2024-01-10,kepez,2024,51.38375,24,True
2024-01-11,kepez,2024,32.084583333333335,24,True
2024-01-12,kepez,2024,63.27583333333333,24,True
2024-01-13,kepez,2024,36.04208333333333,24,True
2024-01-14,kepez,2024,41.419583333333335,24,True
2024-01-15,kepez,2024,63.377916666666664,24,True
2024-01-16,kepez,2024,42.8375,24,True
2024-01-17,kepez,2024,46.51125,24,True
2024-01-18,kepez,2024,63.63375,24,True
2024-01-19,kepez,2024,37.28041666666667,24,True
2024-01-20,kepez,2024,59.28541666666666,24,True
2024-01-21,kepez,2024,49.225,24,True
2024-01-22,kepez,2024,31.88083333333333,24,True
2024-01-23,kepez,2024,36.2175,24,True
2024-01-24,kepez,2024,53.52791666666667,24,True
2024-01-25,kepez,2024,66.61208333333333,24,True
2024-01-26,kepez,2024,43.754999999999995,24,True
2024-01-27,kepez,2024,31.38208333333333,24,True
2024-01-28,kepez,2024,28.86916666666667,24,True
2024-01-29,kepez,2024,28.19125,24,True
2024-01-30,kepez,2024,32.62791666666667,24,True
2024-01-31,kepez,2024,30.812083333333334,24,True
2024-02-01,kepez,2024,34.989583333333336,24,True
2024-02-02,kepez,2024,56.66916666666666,24,True
2024-02-03,kepez,2024,59.11041666666667,24,True
2024-02-04,kepez,2024,56.97958333333333,24,True
2024-02-05,kepez,2024,43.74875,24,True
2024-02-06,kepez,2024,74.84708333333333,24,True
2024-02-07,kepez,2024,83.82458333333334,24,True
2024-02-08,kepez,2024,50.415416666666665,24,True
2024-02-09,kepez,2024,38.35375,24,True
2024-02-10,kepez,2024,59.87083333333334,24,True
2024-02-11,kepez,2024,60.96791666666667,24,True
2024-02-12,kepez,2024,73.87916666666666,24,True
2024-02-13,kepez,2024,46.36208333333334,24,True
2024-02-14,kepez,2024,,12,False
2024-02-15,kepez,2024,,0,False
2024-02-16,kepez,2024,,0,False
2024-02-17,kepez,2024,,0,False
2024-02-18,kepez,2024,,0,False
2024-02-19,kepez,2024,,0,False
2024-02-20,kepez,2024,,11,False
2024-02-21,kepez,2024,71.315,24,True
2024-02-22,kepez,2024,95.21416666666666,24,True
2024-02-23,kepez,2024,105.4975,24,True
2024-02-24,kepez,2024,109.40083333333332,24,True
2024-02-25,kepez,2024,96.23458333333333,24,True
2024-02-26,kepez,2024,77.47041666666667,24,True
2024-02-27,kepez,2024,59.90625,24,True
2024-02-28,kepez,2024,96.10958333333333,24,True
2024-02-29,kepez,2024,112.24166666666667,24,True
2024-03-01,kepez,2024,108.66291666666666,24,True
2024-03-02,kepez,2024,90.13541666666667,24,True
2024-03-03,kepez,2024,49.32375,24,True
2024-03-04,kepez,2024,70.37291666666667,24,True
2024-03-05,kepez,2024,72.94708333333334,24,True
2024-03-06,kepez,2024,48.85833333333333,24,True
2024-03-07,kepez,2024,50.60791666666666,24,True
2024-03-08,kepez,2024,88.20666666666666,24,True
2024-03-09,kepez,2024,37.107083333333335,24,True
2024-03-10,kepez,2024,36.935,24,True
2024-03-11,kepez,2024,72.27708333333334,24,True
2024-03-12,kepez,2024,76.78208333333333,24,True
2024-03-13,kepez,2024,85.66416666666667,24,True
2024-03-14,kepez,2024,71.91875,24,True
2024-03-15,kepez,2024,48.185,24,True
2024-03-16,kepez,2024,63.606249999999996,24,True
2024-03-17,kepez,2024,79.16458333333334,24,True
2024-03-18,kepez,2024,73.0425,24,True
2024-03-19,kepez,2024,57.223749999999995,24,True
2024-03-20,kepez,2024,72.47083333333333,24,True
2024-03-21,kepez,2024,45.36958333333334,24,True
2024-03-22,kepez,2024,38.24041666666667,24,True
2024-03-23,kepez,2024,33.59666666666667,24,True
2024-03-24,kepez,2024,64.05958333333334,24,True
2024-03-25,kepez,2024,61.36833333333333,24,True
2024-03-26,kepez,2024,51.58625,24,True
2024-03-27,kepez,2024,80.82166666666667,24,True
2024-03-28,kepez,2024,97.68374999999999,24,True
2024-03-29,kepez,2024,97.38833333333334,24,True
2024-03-30,kepez,2024,139.94666666666666,24,True
2024-03-31,kepez,2024,112.09958333333333,24,True
2024-04-01,kepez,2024,126.31375000000001,24,True
2024-04-02,kepez,2024,125.52,24,True
2024-04-03,kepez,2024,119.42083333333333,24,True
2024-04-04,kepez,2024,128.10208333333333,24,True
2024-04-05,kepez,2024,115.82791666666667,24,True
2024-04-06,kepez,2024,69.48625,24,True
2024-04-07,kepez,2024,48.85,24,True
2024-04-08,kepez,2024,40.78958333333333,24,True
2024-04-09,kepez,2024,43.50625,24,True
2024-04-10,kepez,2024,53.29583333333333,24,True
2024-04-11,kepez,2024,58.88958333333333,24,True
2024-04-12,kepez,2024,70.95875,24,True
2024-04-13,kepez,2024,74.585,24,True
2024-04-14,kepez,2024,69.17083333333333,24,True
2024-04-15,kepez,2024,50.58708333333333,24,True
2024-04-16,kepez,2024,67.3525,24,True
2024-04-17,kepez,2024,65.22166666666666,24,True
2024-04-18,kepez,2024,,13,False
2024-04-19,kepez,2024,85.12,24,True
2024-04-20,kepez,2024,66.98791666666666,24,True
2024-04-21,kepez,2024,47.055,24,True
2024-04-22,kepez,2024,52.01833333333334,24,True
2024-04-23,kepez,2024,80.99499999999999,24,True
2024-04-24,kepez,2024,119.37208333333332,24,True
2024-04-25,kepez,2024,168.47583333333333,24,True
2024-04-26,kepez,2024,158.66375,24,True
2024-04-27,kepez,2024,116.3575,24,True
2024-04-28,kepez,2024,94.66208333333333,24,True
2024-04-29,kepez,2024,87.77375,24,True
2024-04-30,kepez,2024,81.36333333333333,24,True
2024-05-01,kepez,2024,91.31333333333333,24,True
2024-05-02,kepez,2024,90.71958333333333,24,True
2024-05-03,kepez,2024,66.08208333333333,24,True
2024-05-04,kepez,2024,58.76291666666666,24,True
2024-05-05,kepez,2024,28.128333333333334,24,True
2024-05-06,kepez,2024,39.245,24,True
2024-05-07,kepez,2024,58.78458333333333,24,True
2024-05-08,kepez,2024,60.90166666666667,24,True
2024-05-09,kepez,2024,67.66041666666666,24,True
2024-05-10,kepez,2024,71.63,24,True
2024-05-11,kepez,2024,79.03,24,True
2024-05-12,kepez,2024,66.56166666666667,24,True
2024-05-13,kepez,2024,33.028749999999995,24,True
2024-05-14,kepez,2024,39.59916666666667,24,True
2024-05-15,kepez,2024,54.78333333333333,24,True
2024-05-16,kepez,2024,58.01666666666667,24,True
2024-05-17,kepez,2024,66.62916666666666,24,True
2024-05-18,kepez,2024,70.8025,24,True
2024-05-19,kepez,2024,75.6075,24,True
2024-05-20,kepez,2024,101.065,24,True
2024-05-21,kepez,2024,115.16041666666666,24,True
2024-05-22,kepez,2024,137.93958333333333,24,True
2024-05-23,kepez,2024,134.29125,24,True
2024-05-24,kepez,2024,56.153333333333336,24,True
2024-05-25,kepez,2024,51.91375,24,True
2024-05-26,kepez,2024,67.66666666666667,24,True
2024-05-27,kepez,2024,57.49583333333334,24,True
2024-05-28,kepez,2024,76.49374999999999,24,True
2024-05-29,kepez,2024,82.98916666666666,24,True
2024-05-30,kepez,2024,64.09583333333333,24,True
2024-05-31,kepez,2024,69.11958333333334,24,True
2024-06-01,kepez,2024,72.77166666666666,24,True
2024-06-02,kepez,2024,77.02166666666666,24,True
2024-06-03,kepez,2024,79.5675,24,True
2024-06-04,kepez,2024,80.47,24,True
2024-06-05,kepez,2024,101.51416666666667,24,True
2024-06-06,kepez,2024,85.10652173913044,23,True
2024-06-07,kepez,2024,63.449999999999996,24,True
2024-06-08,kepez,2024,44.66916666666666,24,True
2024-06-09,kepez,2024,31.140416666666667,24,True
2024-06-10,kepez,2024,37.54086956521739,23,True
2024-06-11,kepez,2024,49.70875,24,True
2024-06-12,kepez,2024,60.465833333333336,24,True
2024-06-13,kepez,2024,63.32916666666667,24,True
2024-06-14,kepez,2024,81.22833333333334,24,True
2024-06-15,kepez,2024,83.61083333333333,24,True
2024-06-16,kepez,2024,57.626666666666665,24,True
2024-06-17,kepez,2024,48.24333333333333,24,True
2024-06-18,kepez,2024,44.775,24,True
2024-06-19,kepez,2024,43.965833333333336,24,True
2024-06-20,kepez,2024,44.51708333333334,24,True
2024-06-21,kepez,2024,46.94166666666666,24,True
2024-06-22,kepez,2024,39.419999999999995,24,True
2024-06-23,kepez,2024,42.63333333333333,24,True
2024-06-24,kepez,2024,50.76458333333333,24,True
2024-06-25,kepez,2024,53.08708333333333,24,True
2024-06-26,kepez,2024,48.52583333333333,24,True
2024-06-27,kepez,2024,57.044999999999995,24,True
2024-06-28,kepez,2024,54.326249999999995,24,True
2024-06-29,kepez,2024,51.10125,24,True
2024-06-30,kepez,2024,32.04875,24,True
2024-07-01,kepez,2024,35.24208333333333,24,True
2024-07-02,kepez,2024,42.32541666666667,24,True
2024-07-03,kepez,2024,46.84833333333333,24,True
2024-07-04,kepez,2024,44.560833333333335,24,True
2024-07-05,kepez,2024,47.324999999999996,24,True
2024-07-06,kepez,2024,31.81041666666667,24,True
2024-07-07,kepez,2024,36.17,24,True
2024-07-08,kepez,2024,46.04681818181818,22,True
2024-07-09,kepez,2024,50.90958333333333,24,True
2024-07-10,kepez,2024,56.59,24,True
2024-07-11,kepez,2024,36.025416666666665,24,True
2024-07-12,kepez,2024,49.43416666666667,24,True
2024-07-13,kepez,2024,49.000416666666666,24,True
2024-07-14,kepez,2024,43.00958333333333,24,True
2024-07-15,kepez,2024,40.70666666666667,24,True
2024-07-16,kepez,2024,47.50375,24,True
2024-07-17,kepez,2024,40.09375,24,True
2024-07-18,kepez,2024,49.662083333333335,24,True
2024-07-19,kepez,2024,47.571666666666665,24,True
2024-07-20,kepez,2024,46.06166666666667,24,True
2024-07-21,kepez,2024,49.39208333333334,24,True
2024-07-22,kepez,2024,54.35375,24,True
2024-07-23,kepez,2024,60.44833333333333,24,True
2024-07-24,kepez,2024,58.705000000000005,24,True
2024-07-25,kepez,2024,62.87958333333333,24,True
2024-07-26,kepez,2024,45.6175,24,True
2024-07-27,kepez,2024,32.88875,24,True
2024-07-28,kepez,2024,29.46375,24,True
2024-07-29,kepez,2024,44.93208333333333,24,True
2024-07-30,kepez,2024,46.29833333333334,24,True
2024-07-31,kepez,2024,46.497083333333336,24,True
2024-08-01,kepez,2024,45.2775,24,True
2024-08-02,kepez,2024,50.345,24,True
2024-08-03,kepez,2024,58.79208333333333,24,True
2024-08-04,kepez,2024,57.20416666666667,24,True
2024-08-05,kepez,2024,45.117916666666666,24,True
2024-08-06,kepez,2024,44.69416666666667,24,True
2024-08-07,kepez,2024,47.01625000000001,24,True
2024-08-08,kepez,2024,50.797083333333326,24,True
2024-08-09,kepez,2024,53.29708333333334,24,True
2024-08-10,kepez,2024,52.750416666666666,24,True
2024-08-11,kepez,2024,46.322916666666664,24,True
2024-08-12,kepez,2024,36.90083333333333,24,True
2024-08-13,kepez,2024,35.91041666666667,24,True
2024-08-14,kepez,2024,42.975,24,True
2024-08-15,kepez,2024,41.724583333333335,24,True
2024-08-16,kepez,2024,44.495000000000005,24,True
2024-08-17,kepez,2024,33.79,24,True
2024-08-18,kepez,2024,41.85166666666667,24,True
2024-08-19,kepez,2024,42.08416666666667,24,True
2024-08-20,kepez,2024,42.6775,24,True
2024-08-21,kepez,2024,51.38333333333333,24,True
2024-08-22,kepez,2024,49.509166666666665,24,True
2024-08-23,kepez,2024,49.544999999999995,24,True
2024-08-24,kepez,2024,45.744166666666665,24,True
2024-08-25,kepez,2024,41.68333333333333,24,True
2024-08-26,kepez,2024,39.739583333333336,24,True
2024-08-27,kepez,2024,42.26,24,True
2024-08-28,kepez,2024,41.86083333333333,24,True
2024-08-29,kepez,2024,52.35874999999999,24,True
2024-08-30,kepez,2024,44.78125,24,True
2024-08-31,kepez,2024,45.559583333333336,24,True
2024-09-01,kepez,2024,35.753750000000004,24,True
2024-09-02,kepez,2024,31.863333333333333,24,True
2024-09-03,kepez,2024,41.05625,24,True
2024-09-04,kepez,2024,51.18416666666667,24,True
2024-09-05,kepez,2024,36.58083333333333,24,True
2024-09-06,kepez,2024,40.04416666666667,24,True
2024-09-07,kepez,2024,45.21625,24,True
2024-09-08,kepez,2024,47.10874999999999,24,True
2024-09-09,kepez,2024,46.94541666666667,24,True
2024-09-10,kepez,2024,44.42875,24,True
2024-09-11,kepez,2024,36.558749999999996,24,True
2024-09-12,kepez,2024,40.191250000000004,24,True
2024-09-13,kepez,2024,50.09958333333333,24,True
2024-09-14,kepez,2024,40.96,24,True
2024-09-15,kepez,2024,47.73791666666667,24,True
2024-09-16,kepez,2024,37.75958333333333,24,True
2024-09-17,kepez,2024,35.52291666666667,24,True
2024-09-18,kepez,2024,45.333333333333336,24,True
2024-09-19,kepez,2024,48.56,24,True
2024-09-20,kepez,2024,50.75875,24,True
2024-09-21,kepez,2024,44.28333333333333,24,True
2024-09-22,kepez,2024,26.733333333333334,24,True
2024-09-23,kepez,2024,32.61416666666667,24,True
2024-09-24,kepez,2024,43.36291666666667,24,True
2024-09-25,kepez,2024,41.6925,24,True
2024-09-26,kepez,2024,47.63041666666667,24,True
2024-09-27,kepez,2024,48.84791666666666,24,True
2024-09-28,kepez,2024,45.98916666666667,24,True
2024-09-29,kepez,2024,53.60666666666666,24,True
2024-09-30,kepez,2024,51.94,24,True
2024-10-01,kepez,2024,26.075833333333335,24,True
2024-10-02,kepez,2024,29.049583333333334,24,True
2024-10-03,kepez,2024,40.183749999999996,24,True
2024-10-04,kepez,2024,48.5375,24,True
2024-10-05,kepez,2024,56.75416666666666,24,True
2024-10-06,kepez,2024,47.0075,24,True
2024-10-07,kepez,2024,52.21416666666667,24,True
2024-10-08,kepez,2024,48.18291666666667,24,True
2024-10-09,kepez,2024,55.10166666666667,24,True
2024-10-10,kepez,2024,52.260416666666664,24,True
2024-10-11,kepez,2024,44.915416666666665,24,True
2024-10-12,kepez,2024,53.26958333333334,24,True
2024-10-13,kepez,2024,51.340833333333336,24,True
2024-10-14,kepez,2024,62.38375,24,True
2024-10-15,kepez,2024,64.94291666666668,24,True
2024-10-16,kepez,2024,59.9,24,True
2024-10-17,kepez,2024,60.86875,24,True
2024-10-18,kepez,2024,39.055,24,True
2024-10-19,kepez,2024,28.012916666666666,24,True
2024-10-20,kepez,2024,30.97083333333333,24,True
2024-10-21,kepez,2024,34.57125,24,True
2024-10-22,kepez,2024,32.745416666666664,24,True
2024-10-23,kepez,2024,43.316818181818185,22,True
2024-10-24,kepez,2024,,15,False
2024-10-25,kepez,2024,,11,False
2024-10-26,kepez,2024,80.855,24,True
2024-10-27,kepez,2024,94.30666666666667,24,True
2024-10-28,kepez,2024,109.70583333333333,24,True
2024-10-29,kepez,2024,102.51958333333334,24,True
2024-10-30,kepez,2024,89.65166666666666,24,True
2024-10-31,kepez,2024,84.1575,24,True
2024-11-01,kepez,2024,93.09083333333332,24,True
2024-11-02,kepez,2024,115.21583333333332,24,True
2024-11-03,kepez,2024,111.48,24,True
2024-11-04,kepez,2024,89.49000000000001,24,True
2024-11-05,kepez,2024,98.5625,24,True
2024-11-06,kepez,2024,86.85541666666666,24,True
2024-11-07,kepez,2024,103.89416666666666,24,True
2024-11-08,kepez,2024,91.32125,24,True
2024-11-09,kepez,2024,88.63291666666667,24,True
2024-11-10,kepez,2024,108.76833333333333,24,True
2024-11-11,kepez,2024,58.315,24,True
2024-11-12,kepez,2024,90.55833333333334,24,True
2024-11-13,kepez,2024,105.65791666666667,24,True
2024-11-14,kepez,2024,79.56333333333333,24,True
2024-11-15,kepez,2024,110.39999999999999,24,True
2024-11-16,kepez,2024,89.97874999999999,24,True
2024-11-17,kepez,2024,39.139583333333334,24,True
2024-11-18,kepez,2024,61.11291666666667,24,True
2024-11-19,kepez,2024,95.72500000000001,24,True
2024-11-20,kepez,2024,75.2825,24,True
2024-11-21,kepez,2024,61.7875,24,True
2024-11-22,kepez,2024,50.212916666666665,24,True
2024-11-23,kepez,2024,95.52749999999999,24,True
2024-11-24,kepez,2024,39.10708333333333,24,True
2024-11-25,kepez,2024,29.232083333333332,24,True
2024-11-26,kepez,2024,45.70291666666666,24,True
2024-11-27,kepez,2024,106.69666666666667,24,True
2024-11-28,kepez,2024,114.74833333333333,24,True
2024-11-29,kepez,2024,88.75166666666667,24,True
2024-11-30,kepez,2024,157.19625,24,True
2024-12-01,kepez,2024,186.86333333333334,24,True
2024-12-02,kepez,2024,140.99375,24,True
2024-12-03,kepez,2024,65.32833333333333,24,True
2024-12-04,kepez,2024,72.98083333333334,24,True
2024-12-05,kepez,2024,92.99958333333332,24,True
2024-12-06,kepez,2024,81.10291666666667,24,True
2024-12-07,kepez,2024,155.17833333333334,24,True
2024-12-08,kepez,2024,72.67,24,True
2024-12-09,kepez,2024,68.63208333333334,24,True
2024-12-10,kepez,2024,100.30166666666666,24,True
2024-12-11,kepez,2024,135.87791666666666,24,True
2024-12-12,kepez,2024,103.42041666666667,24,True
2024-12-13,kepez,2024,42.504583333333336,24,True
2024-12-14,kepez,2024,66.95541666666666,24,True
2024-12-15,kepez,2024,128.91434782608695,23,True
2024-12-16,kepez,2024,76.1675,24,True
2024-12-17,kepez,2024,64.25666666666666,24,True
2024-12-18,kepez,2024,142.865,24,True
2024-12-19,kepez,2024,182.6329166666667,24,True
2024-12-20,kepez,2024,170.15125,24,True
2024-12-21,kepez,2024,109.38708333333334,24,True
2024-12-22,kepez,2024,81.0425,24,True
2024-12-23,kepez,2024,73.495,24,True
2024-12-24,kepez,2024,54.98875,24,True
2024-12-25,kepez,2024,68.31833333333333,24,True
2024-12-26,kepez,2024,40.89,24,True
2024-12-27,kepez,2024,54.07791666666666,24,True
2024-12-28,kepez,2024,73.28958333333334,24,True
2024-12-29,kepez,2024,65.88708333333334,24,True
2024-12-30,kepez,2024,49.57458333333333,24,True
2024-12-31,kepez,2024,42.19416666666667,24,True
2025-01-01,kepez,2025,102.4525,24,True
2025-01-02,kepez,2025,182.44083333333333,24,True
2025-01-03,kepez,2025,121.71208333333334,24,True
2025-01-04,kepez,2025,114.92791666666666,24,True
2025-01-05,kepez,2025,75.48916666666666,24,True
2025-01-06,kepez,2025,60.567499999999995,24,True
2025-01-07,kepez,2025,144.26500000000001,24,True
2025-01-08,kepez,2025,111.00583333333333,24,True
2025-01-09,kepez,2025,139.46041666666665,24,True
2025-01-10,kepez,2025,158.3033333333333,24,True
2025-01-11,kepez,2025,156.95791666666665,24,True
2025-01-12,kepez,2025,105.45375,24,True
2025-01-13,kepez,2025,59.72083333333333,24,True
2025-01-14,kepez,2025,77.47791666666667,24,True
2025-01-15,kepez,2025,103.69041666666668,24,True
2025-01-16,kepez,2025,98.76791666666666,24,True
2025-01-17,kepez,2025,49.11708333333333,24,True
2025-01-18,kepez,2025,52.255833333333335,24,True
2025-01-19,kepez,2025,,12,False
2025-01-20,kepez,2025,,10,False
2025-01-21,kepez,2025,82.33416666666666,24,True
2025-01-22,kepez,2025,48.626666666666665,24,True
2025-01-23,kepez,2025,60.407916666666665,24,True
2025-01-24,kepez,2025,79.33708333333333,24,True
2025-01-25,kepez,2025,87.73833333333333,24,True
2025-01-26,kepez,2025,60.60166666666667,24,True
2025-01-27,kepez,2025,110.89125,24,True
2025-01-28,kepez,2025,114.04208333333332,24,True
2025-01-29,kepez,2025,99.955,24,True
2025-01-30,kepez,2025,91.22541666666666,24,True
2025-01-31,kepez,2025,68.83666666666666,24,True
2025-02-01,kepez,2025,63.49041666666667,24,True
2025-02-02,kepez,2025,96.52458333333334,24,True
2025-02-03,kepez,2025,102.5175,24,True
2025-02-04,kepez,2025,92.895,24,True
2025-02-05,kepez,2025,35.885,24,True
2025-02-06,kepez,2025,27.470416666666665,24,True
2025-02-07,kepez,2025,27.081666666666667,24,True
2025-02-08,kepez,2025,33.267916666666665,24,True
2025-02-09,kepez,2025,42.51416666666667,24,True
2025-02-10,kepez,2025,37.0175,24,True
2025-02-11,kepez,2025,41.54666666666667,24,True
2025-02-12,kepez,2025,52.95416666666667,24,True
2025-02-13,kepez,2025,42.59041666666666,24,True
2025-02-14,kepez,2025,49.30708333333333,24,True
2025-02-15,kepez,2025,63.94416666666667,24,True
2025-02-16,kepez,2025,87.97874999999999,24,True
2025-02-17,kepez,2025,70.99875,24,True
2025-02-18,kepez,2025,44.92791666666667,24,True
2025-02-19,kepez,2025,45.68541666666667,24,True
2025-02-20,kepez,2025,28.170416666666668,24,True
2025-02-21,kepez,2025,30.689999999999998,24,True
2025-02-22,kepez,2025,28.573333333333334,24,True
2025-02-23,kepez,2025,28.48375,24,True
2025-02-24,kepez,2025,31.406666666666666,24,True
2025-02-25,kepez,2025,60.70291666666666,24,True
2025-02-26,kepez,2025,92.73583333333333,24,True
2025-02-27,kepez,2025,81.09291666666667,24,True
2025-02-28,kepez,2025,51.827916666666674,24,True
2025-03-01,kepez,2025,70.06916666666667,24,True
2025-03-02,kepez,2025,63.416666666666664,24,True
2025-03-03,kepez,2025,46.15,24,True
2025-03-04,kepez,2025,37.817083333333336,24,True
2025-03-05,kepez,2025,66.18124999999999,24,True
2025-03-06,kepez,2025,87.43291666666666,24,True
2025-03-07,kepez,2025,36.94916666666666,24,True
2025-03-08,kepez,2025,61.03190476190476,21,True
2025-03-09,kepez,2025,,5,False
2025-03-10,kepez,2025,76.2075,24,True
2025-03-11,kepez,2025,88.93791666666665,24,True
2025-03-12,kepez,2025,76.04625,24,True
2025-03-13,kepez,2025,72.99958333333333,24,True
2025-03-14,kepez,2025,83.6675,24,True
2025-03-15,kepez,2025,93.85916666666667,24,True
2025-03-16,kepez,2025,96.32083333333333,24,True
2025-03-17,kepez,2025,90.55541666666666,24,True
2025-03-18,kepez,2025,71.07625,24,True
2025-03-19,kepez,2025,50.7125,24,True
2025-03-20,kepez,2025,34.702083333333334,24,True
2025-03-21,kepez,2025,28.63625,24,True
2025-03-22,kepez,2025,35.361250000000005,24,True
2025-03-23,kepez,2025,56.46791666666667,24,True
2025-03-24,kepez,2025,70.32375,24,True
2025-03-25,kepez,2025,86.99166666666667,24,True
2025-03-26,kepez,2025,112.85791666666667,24,True
2025-03-27,kepez,2025,130.07874999999999,24,True
2025-03-28,kepez,2025,105.53666666666668,24,True
2025-03-29,kepez,2025,76.15375,24,True
2025-03-30,kepez,2025,43.209583333333335,24,True
2025-03-31,kepez,2025,49.99916666666667,24,True
2025-04-01,kepez,2025,72.05499999999999,24,True
2025-04-02,kepez,2025,50.99166666666667,24,True
2025-04-03,kepez,2025,36.803333333333335,24,True
2025-04-04,kepez,2025,31.74,24,True
2025-04-05,kepez,2025,48.43875,24,True
2025-04-06,kepez,2025,32.78,24,True
2025-04-07,kepez,2025,44.373333333333335,24,True
2025-04-08,kepez,2025,41.8825,24,True
2025-04-09,kepez,2025,45.517500000000005,24,True
2025-04-10,kepez,2025,30.504347826086956,23,True
2025-04-11,kepez,2025,30.843333333333334,24,True
2025-04-12,kepez,2025,20.196250000000003,24,True
2025-04-13,kepez,2025,19.478333333333335,24,True
2025-04-14,kepez,2025,27.556250000000002,24,True
2025-04-15,kepez,2025,25.51875,24,True
2025-04-16,kepez,2025,66.15772727272727,22,True
2025-04-17,kepez,2025,70.37583333333333,24,True
2025-04-18,kepez,2025,60.93,24,True
2025-04-19,kepez,2025,64.68416666666667,24,True
2025-04-20,kepez,2025,47.67208333333334,24,True
2025-04-21,kepez,2025,63.09291666666667,24,True
2025-04-22,kepez,2025,61.89791666666667,24,True
2025-04-23,kepez,2025,62.84291666666667,24,True
2025-04-24,kepez,2025,68.20541666666666,24,True
2025-04-25,kepez,2025,41.84875,24,True
2025-04-26,kepez,2025,26.66875,24,True
2025-04-27,kepez,2025,39.18125,24,True
2025-04-28,kepez,2025,48.21458333333334,24,True
2025-04-29,kepez,2025,43.9625,24,True
2025-04-30,kepez,2025,48.4025,24,True
2025-05-01,kepez,2025,40.51916666666667,24,True
2025-05-02,kepez,2025,32.87708333333333,24,True
2025-05-03,kepez,2025,31.18958333333333,24,True
2025-05-04,kepez,2025,33.22666666666667,24,True
2025-05-05,kepez,2025,49.912083333333335,24,True
2025-05-06,kepez,2025,48.22958333333333,24,True
2025-05-07,kepez,2025,59.19833333333333,24,True
2025-05-08,kepez,2025,63.58541666666667,24,True
2025-05-09,kepez,2025,74.75458333333333,24,True
2025-05-10,kepez,2025,99.3175,24,True
2025-05-11,kepez,2025,82.14791666666666,24,True
2025-05-12,kepez,2025,77.50791666666667,24,True
2025-05-13,kepez,2025,57.584583333333335,24,True
2025-05-14,kepez,2025,58.087916666666665,24,True
2025-05-15,kepez,2025,45.574999999999996,24,True
2025-05-16,kepez,2025,54.97291666666666,24,True
2025-05-17,kepez,2025,54.927083333333336,24,True
2025-05-18,kepez,2025,58.49666666666667,24,True
2025-05-19,kepez,2025,43.6225,24,True
2025-05-20,kepez,2025,58.5975,24,True
2025-05-21,kepez,2025,53.546521739130434,23,True
2025-05-22,kepez,2025,68.47041666666667,24,True
2025-05-23,kepez,2025,76.96083333333333,24,True
2025-05-24,kepez,2025,66.05499999999999,24,True
2025-05-25,kepez,2025,88.14041666666667,24,True
2025-05-26,kepez,2025,85.16250000000001,24,True
2025-05-27,kepez,2025,100.97291666666666,24,True
2025-05-28,kepez,2025,64.03708333333333,24,True
2025-05-29,kepez,2025,57.434583333333336,24,True
2025-05-30,kepez,2025,39.964166666666664,24,True
2025-05-31,kepez,2025,37.095,24,True
2025-06-01,kepez,2025,30.61,24,True
2025-06-02,kepez,2025,41.52625,24,True
2025-06-03,kepez,2025,42.044347826086955,23,True
2025-06-04,kepez,2025,37.58208333333334,24,True
2025-06-05,kepez,2025,55.34652173913044,23,True
2025-06-06,kepez,2025,68.29416666666667,24,True
2025-06-07,kepez,2025,61.969166666666666,24,True
2025-06-08,kepez,2025,42.82833333333334,24,True
2025-06-09,kepez,2025,55.587916666666665,24,True
2025-06-10,kepez,2025,59.305,24,True
2025-06-11,kepez,2025,53.125,24,True
2025-06-12,kepez,2025,63.54125,24,True
2025-06-13,kepez,2025,63.666666666666664,24,True
2025-06-14,kepez,2025,66.90958333333333,24,True
2025-06-15,kepez,2025,58.57208333333333,24,True
2025-06-16,kepez,2025,46.635416666666664,24,True
2025-06-17,kepez,2025,39.562083333333334,24,True
2025-06-18,kepez,2025,52.865833333333335,24,True
2025-06-19,kepez,2025,42.57625,24,True
2025-06-20,kepez,2025,46.52125,24,True
2025-06-21,kepez,2025,56.367916666666666,24,True
2025-06-22,kepez,2025,38.498333333333335,24,True
2025-06-23,kepez,2025,35.66625,24,True
2025-06-24,kepez,2025,40.39791666666667,24,True
2025-06-25,kepez,2025,41.09708333333334,24,True
2025-06-26,kepez,2025,53.326249999999995,24,True
2025-06-27,kepez,2025,47.196666666666665,24,True
2025-06-28,kepez,2025,45.693333333333335,24,True
2025-06-29,kepez,2025,66.52666666666667,24,True
2025-06-30,kepez,2025,30.144166666666667,24,True
2025-07-01,kepez,2025,41.05041666666667,24,True
2025-07-02,kepez,2025,42.43625,24,True
2025-07-03,kepez,2025,36.699999999999996,24,True
2025-07-04,kepez,2025,37.343333333333334,24,True
2025-07-05,kepez,2025,33.574999999999996,24,True
2025-07-06,kepez,2025,48.392500000000005,24,True
2025-07-07,kepez,2025,61.13166666666667,24,True
2025-07-08,kepez,2025,77.2195238095238,21,True
2025-07-09,kepez,2025,60.624583333333334,24,True
2025-07-10,kepez,2025,52.69541666666667,24,True
2025-07-11,kepez,2025,46.06166666666667,24,True
2025-07-12,kepez,2025,49.25,22,True
2025-07-13,kepez,2025,50.055416666666666,24,True
2025-07-14,kepez,2025,39.96666666666667,24,True
2025-07-15,kepez,2025,14.419545454545455,22,True
2025-07-16,kepez,2025,,0,False
2025-07-17,kepez,2025,,0,False
2025-07-18,kepez,2025,,3,False
2025-07-19,kepez,2025,35.694583333333334,24,True
2025-07-20,kepez,2025,28.37,24,True
2025-07-21,kepez,2025,26.589583333333334,24,True
2025-07-22,kepez,2025,28.724166666666665,24,True
2025-07-23,kepez,2025,34.14666666666667,24,True
2025-07-24,kepez,2025,34.46333333333333,24,True
2025-07-25,kepez,2025,29.394166666666667,24,True
2025-07-26,kepez,2025,24.666666666666668,24,True
2025-07-27,kepez,2025,27.007500000000004,24,True
2025-07-28,kepez,2025,24.023333333333337,24,True
2025-07-29,kepez,2025,25.347083333333334,24,True
2025-07-30,kepez,2025,31.9175,24,True
2025-07-31,kepez,2025,30.787499999999998,24,True
2025-08-01,kepez,2025,25.875416666666666,24,True
2025-08-02,kepez,2025,30.53125,24,True
2025-08-03,kepez,2025,25.63208333333333,24,True
2025-08-04,kepez,2025,22.580416666666668,24,True
2025-08-05,kepez,2025,24.575416666666666,24,True
2025-08-06,kepez,2025,27.25791666666667,24,True
2025-08-07,kepez,2025,24.515,24,True
2025-08-08,kepez,2025,34.57875,24,True
2025-08-09,kepez,2025,22.109166666666667,24,True
2025-08-10,kepez,2025,20.34958333333333,24,True
2025-08-11,kepez,2025,25.981666666666666,24,True
2025-08-12,kepez,2025,28.80666666666667,24,True
2025-08-13,kepez,2025,32.3425,24,True
2025-08-14,kepez,2025,43.663333333333334,24,True
2025-08-15,kepez,2025,34.580416666666665,24,True
2025-08-16,kepez,2025,34.975833333333334,24,True
2025-08-17,kepez,2025,35.249583333333334,24,True
2025-08-18,kepez,2025,25.31125,24,True
2025-08-19,kepez,2025,27.955416666666665,24,True
2025-08-20,kepez,2025,28.658749999999998,24,True
2025-08-21,kepez,2025,28.312916666666666,24,True
2025-08-22,kepez,2025,32.305416666666666,24,True
2025-08-23,kepez,2025,35.36,24,True
2025-08-24,kepez,2025,27.4275,24,True
2025-08-25,kepez,2025,29.348333333333333,24,True
2025-08-26,kepez,2025,30.309166666666666,24,True
2025-08-27,kepez,2025,27.383333333333336,24,True
2025-08-28,kepez,2025,26.08458333333333,24,True
2025-08-29,kepez,2025,26.95958333333333,24,True
2025-08-30,kepez,2025,24.760416666666668,24,True
2025-08-31,kepez,2025,23.834999999999997,24,True
2025-09-01,kepez,2025,37.46260869565217,23,True
2025-09-02,kepez,2025,,15,False
2025-09-03,kepez,2025,49.17291666666667,24,True
2025-09-04,kepez,2025,35.473333333333336,24,True
2025-09-05,kepez,2025,31.597083333333334,24,True
2025-09-06,kepez,2025,30.448333333333334,24,True
2025-09-07,kepez,2025,28.282083333333333,24,True
2025-09-08,kepez,2025,26.72375,24,True
2025-09-09,kepez,2025,22.296818181818182,22,True
2025-09-10,kepez,2025,,0,False
2025-09-11,kepez,2025,,0,False
2025-09-12,kepez,2025,,0,False
2025-09-13,kepez,2025,,0,False
2025-09-14,kepez,2025,,0,False
2025-09-15,kepez,2025,,2,False
2025-09-16,kepez,2025,38.500416666666666,24,True
2025-09-17,kepez,2025,39.02625,24,True
2025-09-18,kepez,2025,33.73875,24,True
2025-09-19,kepez,2025,29.030833333333334,24,True
2025-09-20,kepez,2025,15.622916666666667,24,True
2025-09-21,kepez,2025,18.618750000000002,24,True
2025-09-22,kepez,2025,28.40833333333333,24,True
2025-09-23,kepez,2025,31.84625,24,True
2025-09-24,kepez,2025,32.97416666666667,24,True
2025-09-25,kepez,2025,41.94083333333334,24,True
2025-09-26,kepez,2025,35.612500000000004,24,True
2025-09-27,kepez,2025,36.82375,24,True
2025-09-28,kepez,2025,29.489166666666666,24,True
2025-09-29,kepez,2025,29.024583333333336,24,True
2025-09-30,kepez,2025,18.230416666666667,24,True
2025-10-01,kepez,2025,16.807083333333335,24,True
2025-10-02,kepez,2025,24.33875,24,True
2025-10-03,kepez,2025,22.02333333333333,24,True
2025-10-04,kepez,2025,16.4675,24,True
2025-10-05,kepez,2025,16.95625,24,True
2025-10-06,kepez,2025,23.829583333333332,24,True
2025-10-07,kepez,2025,16.486666666666668,24,True
2025-10-08,kepez,2025,23.27130434782609,23,True
2025-10-09,kepez,2025,20.46708333333333,24,True
2025-10-10,kepez,2025,20.282083333333333,24,True
2025-10-11,kepez,2025,22.273750000000003,24,True
2025-10-12,kepez,2025,19.01,23,True
2025-10-13,kepez,2025,14.12,24,True
2025-10-14,kepez,2025,26.84625,24,True
2025-10-15,kepez,2025,27.855416666666667,24,True
2025-10-16,kepez,2025,27.982083333333332,24,True
2025-10-17,kepez,2025,36.87375,24,True
2025-10-18,kepez,2025,34.802083333333336,24,True
2025-10-19,kepez,2025,31.18041666666667,24,True
2025-10-20,kepez,2025,29.609583333333333,24,True
2025-10-21,kepez,2025,27.080833333333334,24,True
2025-10-22,kepez,2025,32.08181818181818,22,True
2025-10-23,kepez,2025,32.08958333333333,24,True
2025-10-24,kepez,2025,33.589166666666664,24,True
2025-10-25,kepez,2025,24.36791666666667,24,True
2025-10-26,kepez,2025,26.997083333333332,24,True
2025-10-27,kepez,2025,34.21875,24,True
2025-10-28,kepez,2025,28.41,24,True
2025-10-29,kepez,2025,25.849999999999998,23,True
2025-10-30,kepez,2025,27.8,24,True
2025-10-31,kepez,2025,44.60791666666666,24,True
2025-11-01,kepez,2025,60.29818181818182,22,True
2025-11-02,kepez,2025,66.85166666666667,24,True
2025-11-03,kepez,2025,70.45958333333333,24,True
2025-11-04,kepez,2025,63.61625,24,True
2025-11-05,kepez,2025,66.08583333333333,24,True
2025-11-06,kepez,2025,61.04666666666666,24,True
2025-11-07,kepez,2025,39.01625,24,True
2025-11-08,kepez,2025,39.219166666666666,24,True
2025-11-09,kepez,2025,47.10583333333333,24,True
2025-11-10,kepez,2025,54.821666666666665,24,True
2025-11-11,kepez,2025,53.48875,24,True
2025-11-12,kepez,2025,50.375,24,True
2025-11-13,kepez,2025,36.246249999999996,24,True
2025-11-14,kepez,2025,31.9225,24,True
2025-11-15,kepez,2025,29.769166666666667,24,True
2025-11-16,kepez,2025,32.79708333333333,24,True
2025-11-17,kepez,2025,46.79541666666666,24,True
2025-11-18,kepez,2025,45.054761904761904,21,True
2025-11-19,kepez,2025,55.513749999999995,24,True
2025-11-20,kepez,2025,62.47125,24,True
2025-11-21,kepez,2025,71.01166666666667,24,True
2025-11-22,kepez,2025,81.44291666666668,24,True
2025-11-23,kepez,2025,75.92791666666666,24,True
2025-11-24,kepez,2025,61.55833333333334,24,True
2025-11-25,kepez,2025,48.18291666666667,24,True
2025-11-26,kepez,2025,29.79375,24,True
2025-11-27,kepez,2025,38.42125,24,True
2025-11-28,kepez,2025,52.27583333333333,24,True
2025-11-29,kepez,2025,60.127916666666664,24,True
2025-11-30,kepez,2025,29.71166666666667,24,True
2025-12-01,kepez,2025,54.584782608695654,23,True
2025-12-02,kepez,2025,49.44958333333333,24,True
2025-12-03,kepez,2025,70.61958333333332,24,True
2025-12-04,kepez,2025,73.62,24,True
2025-12-05,kepez,2025,60.43375,24,True
2025-12-06,kepez,2025,45.64958333333333,24,True
2025-12-07,kepez,2025,39.16625,24,True
2025-12-08,kepez,2025,59.524166666666666,24,True
2025-12-09,kepez,2025,37.515,24,True
2025-12-10,kepez,2025,40.55166666666667,24,True
2025-12-11,kepez,2025,37.02791666666666,24,True
2025-12-12,kepez,2025,39.672916666666666,24,True
2025-12-13,kepez,2025,60.486250000000005,24,True
2025-12-14,kepez,2025,52.20708333333334,24,True
2025-12-15,kepez,2025,58.28,24,True
2025-12-16,kepez,2025,33.86666666666667,24,True
2025-12-17,kepez,2025,39.2875,24,True
2025-12-18,kepez,2025,68.08708333333333,24,True
2025-12-19,kepez,2025,91.70083333333334,24,True
2025-12-20,kepez,2025,93.51,24,True
2025-12-21,kepez,2025,56.51625000000001,24,True
2025-12-22,kepez,2025,51.94708333333333,24,True
2025-12-23,kepez,2025,42.99208333333333,24,True
2025-12-24,kepez,2025,51.211666666666666,24,True
2025-12-25,kepez,2025,59.05083333333334,24,True
2025-12-26,kepez,2025,57.34125,24,True
2025-12-27,kepez,2025,38.83166666666667,24,True
2025-12-28,kepez,2025,36.794583333333335,24,True
2025-12-29,kepez,2025,39.04291666666666,24,True
2025-12-30,kepez,2025,50.0825,24,True
2025-12-31,kepez,2025,49.818333333333335,24,True
2024-01-01,kumluca,2024,28.86125,24,True
2024-01-02,kumluca,2024,15.3975,24,True
2024-01-03,kumluca,2024,23.040000000000003,24,True
2024-01-04,kumluca,2024,30.465,24,True
2024-01-05,kumluca,2024,31.65625,24,True
2024-01-06,kumluca,2024,25.74625,24,True
2024-01-07,kumluca,2024,48.57750000000001,24,True
2024-01-08,kumluca,2024,116.26125,24,True
2024-01-09,kumluca,2024,47.06608695652174,23,True
2024-01-10,kumluca,2024,34.105,24,True
2024-01-11,kumluca,2024,17.897916666666667,24,True
2024-01-12,kumluca,2024,18.332083333333333,24,True
2024-01-13,kumluca,2024,27.152916666666666,24,True
2024-01-14,kumluca,2024,25.390869565217393,23,True
2024-01-15,kumluca,2024,22.147916666666664,24,True
2024-01-16,kumluca,2024,47.79583333333333,24,True
2024-01-17,kumluca,2024,35.44541666666667,24,True
2024-01-18,kumluca,2024,24.187826086956523,23,True
2024-01-19,kumluca,2024,37.79083333333333,24,True
2024-01-20,kumluca,2024,46.843333333333334,24,True
2024-01-21,kumluca,2024,39.11333333333334,24,True
2024-01-22,kumluca,2024,21.915652173913042,23,True
2024-01-23,kumluca,2024,39.846250000000005,24,True
2024-01-24,kumluca,2024,33.82875,24,True
2024-01-25,kumluca,2024,30.3475,24,True
2024-01-26,kumluca,2024,23.27541666666667,24,True
2024-01-27,kumluca,2024,16.505,24,True
2024-01-28,kumluca,2024,20.206666666666667,24,True
2024-01-29,kumluca,2024,17.80375,24,True
2024-01-30,kumluca,2024,12.687916666666666,24,True
2024-01-31,kumluca,2024,22.91416666666667,24,True
2024-02-01,kumluca,2024,24.91333333333333,24,True
2024-02-02,kumluca,2024,25.820416666666663,24,True
2024-02-03,kumluca,2024,25.589583333333334,24,True
2024-02-04,kumluca,2024,27.541666666666668,24,True
2024-02-05,kumluca,2024,31.500833333333333,24,True
2024-02-06,kumluca,2024,26.5325,24,True
2024-02-07,kumluca,2024,35.1725,24,True
2024-02-08,kumluca,2024,27.836250000000003,24,True
2024-02-09,kumluca,2024,19.8875,24,True
2024-02-10,kumluca,2024,21.057916666666667,24,True
2024-02-11,kumluca,2024,23.837083333333336,24,True
2024-02-12,kumluca,2024,38.98434782608695,23,True
2024-02-13,kumluca,2024,48.053333333333335,24,True
2024-02-14,kumluca,2024,19.3875,24,True
2024-02-15,kumluca,2024,16.84541666666667,24,True
2024-02-16,kumluca,2024,20.91625,24,True
2024-02-17,kumluca,2024,24.731666666666666,24,True
2024-02-18,kumluca,2024,28.300434782608693,23,True
2024-02-19,kumluca,2024,19.717916666666667,24,True
2024-02-20,kumluca,2024,22.2175,24,True
2024-02-21,kumluca,2024,18.0225,24,True
2024-02-22,kumluca,2024,21.679166666666664,24,True
2024-02-23,kumluca,2024,25.931250000000002,24,True
2024-02-24,kumluca,2024,27.724999999999998,24,True
2024-02-25,kumluca,2024,29.59875,24,True
2024-02-26,kumluca,2024,28.280833333333334,24,True
2024-02-27,kumluca,2024,24.891739130434782,23,True
2024-02-28,kumluca,2024,35.61541666666667,24,True
2024-02-29,kumluca,2024,32.56333333333333,24,True
2024-03-01,kumluca,2024,26.959166666666665,24,True
2024-03-02,kumluca,2024,31.287499999999998,24,True
2024-03-03,kumluca,2024,29.499583333333334,24,True
2024-03-04,kumluca,2024,31.668333333333333,24,True
2024-03-05,kumluca,2024,42.197916666666664,24,True
2024-03-06,kumluca,2024,36.39333333333334,24,True
2024-03-07,kumluca,2024,25.66608695652174,23,True
2024-03-08,kumluca,2024,22.915000000000003,24,True
2024-03-09,kumluca,2024,18.222083333333334,24,True
2024-03-10,kumluca,2024,20.909583333333334,24,True
2024-03-11,kumluca,2024,17.830416666666668,24,True
2024-03-12,kumluca,2024,20.328333333333333,24,True
2024-03-13,kumluca,2024,21.785833333333333,24,True
2024-03-14,kumluca,2024,20.9925,24,True
2024-03-15,kumluca,2024,17.53125,24,True
2024-03-16,kumluca,2024,21.643333333333334,24,True
2024-03-17,kumluca,2024,22.115,24,True
2024-03-18,kumluca,2024,15.864166666666668,24,True
2024-03-19,kumluca,2024,23.365,24,True
2024-03-20,kumluca,2024,31.425833333333333,24,True
2024-03-21,kumluca,2024,26.607083333333335,24,True
2024-03-22,kumluca,2024,26.304166666666664,24,True
2024-03-23,kumluca,2024,34.002916666666664,24,True
2024-03-24,kumluca,2024,34.63913043478261,23,True
2024-03-25,kumluca,2024,39.70166666666667,24,True
2024-03-26,kumluca,2024,20.89625,24,True
2024-03-27,kumluca,2024,23.629166666666666,24,True
2024-03-28,kumluca,2024,24.439999999999998,24,True
2024-03-29,kumluca,2024,27.592272727272725,22,True
2024-03-30,kumluca,2024,21.895,22,True
2024-03-31,kumluca,2024,35.815238095238094,21,True
2024-04-01,kumluca,2024,,11,False
2024-04-02,kumluca,2024,,0,False
2024-04-03,kumluca,2024,,0,False
2024-04-04,kumluca,2024,,0,False
2024-04-05,kumluca,2024,,0,False
2024-04-06,kumluca,2024,,3,False
2024-04-07,kumluca,2024,30.9025,24,True
2024-04-08,kumluca,2024,24.036666666666665,24,True
2024-04-09,kumluca,2024,16.124166666666667,24,True
2024-04-10,kumluca,2024,20.088333333333335,24,True
2024-04-11,kumluca,2024,26.529090909090908,22,True
2024-04-12,kumluca,2024,29.07590909090909,22,True
2024-04-13,kumluca,2024,29.43238095238095,21,True
2024-04-14,kumluca,2024,38.091,20,True
2024-04-15,kumluca,2024,35.27210526315789,19,True
2024-04-16,kumluca,2024,34.343809523809526,21,True
2024-04-17,kumluca,2024,29.469545454545457,22,True
2024-04-18,kumluca,2024,57.79227272727273,22,True
2024-04-19,kumluca,2024,51.098,20,True
2024-04-20,kumluca,2024,42.8525,24,True
2024-04-21,kumluca,2024,32.187083333333334,24,True
2024-04-22,kumluca,2024,24.43375,24,True
2024-04-23,kumluca,2024,34.17583333333334,24,True
2024-04-24,kumluca,2024,65.20782608695652,23,True
2024-04-25,kumluca,2024,92.58166666666666,24,True
2024-04-26,kumluca,2024,85.92375,24,True
2024-04-27,kumluca,2024,57.60125,24,True
2024-04-28,kumluca,2024,45.00333333333333,24,True
2024-04-29,kumluca,2024,43.52217391304348,23,True
2024-04-30,kumluca,2024,52.58083333333334,24,True
2024-05-01,kumluca,2024,56.395833333333336,24,True
2024-05-02,kumluca,2024,65.73458333333333,24,True
2024-05-03,kumluca,2024,62.992916666666666,24,True
2024-05-04,kumluca,2024,94.67833333333334,24,True
2024-05-05,kumluca,2024,32.935,24,True
2024-05-06,kumluca,2024,21.415833333333335,24,True
2024-05-07,kumluca,2024,41.68608695652174,23,True
2024-05-08,kumluca,2024,23.813333333333333,24,True
2024-05-09,kumluca,2024,24.4225,24,True
2024-05-10,kumluca,2024,27.22043478260869,23,True
2024-05-11,kumluca,2024,46.615833333333335,24,True
2024-05-12,kumluca,2024,28.12875,24,True
2024-05-13,kumluca,2024,17.4225,24,True
2024-05-14,kumluca,2024,23.120416666666667,24,True
2024-05-15,kumluca,2024,23.96166666666667,24,True
2024-05-16,kumluca,2024,23.58791666666667,24,True
2024-05-17,kumluca,2024,23.624166666666667,24,True
2024-05-18,kumluca,2024,27.369583333333335,24,True
2024-05-19,kumluca,2024,35.52375,24,True
2024-05-20,kumluca,2024,49.819583333333334,24,True
2024-05-21,kumluca,2024,69.7625,24,True
2024-05-22,kumluca,2024,70.34125,24,True
2024-05-23,kumluca,2024,65.09666666666666,24,True
2024-05-24,kumluca,2024,61.434583333333336,24,True
2024-05-25,kumluca,2024,39.37625,24,True
2024-05-26,kumluca,2024,43.33083333333334,24,True
2024-05-27,kumluca,2024,30.879583333333333,24,True
2024-05-28,kumluca,2024,33.79625,24,True
2024-05-29,kumluca,2024,39.32875,24,True
2024-05-30,kumluca,2024,31.31958333333333,24,True
2024-05-31,kumluca,2024,26.747500000000002,24,True
2024-06-01,kumluca,2024,25.874583333333334,24,True
2024-06-02,kumluca,2024,33.910833333333336,24,True
2024-06-03,kumluca,2024,46.346666666666664,24,True
2024-06-04,kumluca,2024,41.513333333333335,24,True
2024-06-05,kumluca,2024,49.395833333333336,24,True
2024-06-06,kumluca,2024,59.35565217391304,23,True
2024-06-07,kumluca,2024,59.08291666666667,24,True
2024-06-08,kumluca,2024,49.340833333333336,24,True
2024-06-09,kumluca,2024,49.02916666666667,24,True
2024-06-10,kumluca,2024,38.339166666666664,24,True
2024-06-11,kumluca,2024,39.095416666666665,24,True
2024-06-12,kumluca,2024,45.03125,24,True
2024-06-13,kumluca,2024,58.46125,24,True
2024-06-14,kumluca,2024,69.02208333333333,24,True
2024-06-15,kumluca,2024,78.08,24,True
2024-06-16,kumluca,2024,84.20333333333333,24,True
2024-06-17,kumluca,2024,72.4725,24,True
2024-06-18,kumluca,2024,48.89958333333333,24,True
2024-06-19,kumluca,2024,46.069583333333334,24,True
2024-06-20,kumluca,2024,47.74208333333333,24,True
2024-06-21,kumluca,2024,47.406666666666666,24,True
2024-06-22,kumluca,2024,55.63125,24,True
2024-06-23,kumluca,2024,48.06375,24,True
2024-06-24,kumluca,2024,58.54458333333333,24,True
2024-06-25,kumluca,2024,61.73083333333333,24,True
2024-06-26,kumluca,2024,56.68125,24,True
2024-06-27,kumluca,2024,63.821666666666665,24,True
2024-06-28,kumluca,2024,53.302083333333336,24,True
2024-06-29,kumluca,2024,62.974583333333335,24,True
2024-06-30,kumluca,2024,53.61666666666667,24,True
2024-07-01,kumluca,2024,38.98,24,True
2024-07-02,kumluca,2024,42.779583333333335,24,True
2024-07-03,kumluca,2024,42.209583333333335,24,True
2024-07-04,kumluca,2024,51.23083333333333,24,True
2024-07-05,kumluca,2024,46.272083333333335,24,True
2024-07-06,kumluca,2024,35.49375,24,True
2024-07-07,kumluca,2024,38.61,24,True
2024-07-08,kumluca,2024,54.93947368421052,19,True
2024-07-09,kumluca,2024,51.49791666666667,24,True
2024-07-10,kumluca,2024,52.83625,24,True
2024-07-11,kumluca,2024,42.857499999999995,24,True
2024-07-12,kumluca,2024,46.456250000000004,24,True
2024-07-13,kumluca,2024,43.10708333333333,24,True
2024-07-14,kumluca,2024,42.70166666666666,24,True
2024-07-15,kumluca,2024,37.487500000000004,24,True
2024-07-16,kumluca,2024,42.415416666666665,24,True
2024-07-17,kumluca,2024,38.166666666666664,24,True
2024-07-18,kumluca,2024,48.240833333333335,24,True
2024-07-19,kumluca,2024,44.48541666666667,24,True
2024-07-20,kumluca,2024,43.80791666666667,24,True
2024-07-21,kumluca,2024,41.92875,24,True
2024-07-22,kumluca,2024,52.13333333333333,24,True
2024-07-23,kumluca,2024,55.046521739130434,23,True
2024-07-24,kumluca,2024,51.305416666666666,24,True
2024-07-25,kumluca,2024,48.35708333333333,24,True
2024-07-26,kumluca,2024,45.89791666666667,24,True
2024-07-27,kumluca,2024,31.633750000000003,24,True
2024-07-28,kumluca,2024,25.5575,24,True
2024-07-29,kumluca,2024,30.86791666666667,24,True
2024-07-30,kumluca,2024,33.1675,24,True
2024-07-31,kumluca,2024,30.42125,24,True
2024-08-01,kumluca,2024,33.62583333333333,24,True
2024-08-02,kumluca,2024,39.7525,24,True
2024-08-03,kumluca,2024,47.92333333333334,24,True
2024-08-04,kumluca,2024,38.053333333333335,24,True
2024-08-05,kumluca,2024,34.081250000000004,24,True
2024-08-06,kumluca,2024,29.803749999999997,24,True
2024-08-07,kumluca,2024,39.61625,24,True
2024-08-08,kumluca,2024,43.711666666666666,24,True
2024-08-09,kumluca,2024,42.66625,24,True
2024-08-10,kumluca,2024,40.10208333333333,24,True
2024-08-11,kumluca,2024,46.26291666666666,24,True
2024-08-12,kumluca,2024,35.71083333333333,24,True
2024-08-13,kumluca,2024,27.126666666666665,24,True
2024-08-14,kumluca,2024,31.045,24,True
2024-08-15,kumluca,2024,38.097500000000004,24,True
2024-08-16,kumluca,2024,36.64458333333334,24,True
2024-08-17,kumluca,2024,36.94217391304348,23,True
2024-08-18,kumluca,2024,28.99625,24,True
2024-08-19,kumluca,2024,32.075833333333335,24,True
2024-08-20,kumluca,2024,34.52125,24,True
2024-08-21,kumluca,2024,44.606249999999996,24,True
2024-08-22,kumluca,2024,40.41416666666667,24,True
2024-08-23,kumluca,2024,47.45166666666666,24,True
2024-08-24,kumluca,2024,39.51625,24,True
2024-08-25,kumluca,2024,34.98041666666666,24,True
2024-08-26,kumluca,2024,28.464782608695653,23,True
2024-08-27,kumluca,2024,34.97695652173913,23,True
2024-08-28,kumluca,2024,36.51416666666667,24,True
2024-08-29,kumluca,2024,38.73708333333334,24,True
2024-08-30,kumluca,2024,34.39125,24,True
2024-08-31,kumluca,2024,34.37291666666667,24,True
2024-09-01,kumluca,2024,33.57458333333333,24,True
2024-09-02,kumluca,2024,27.762916666666666,24,True
2024-09-03,kumluca,2024,33.96083333333333,24,True
2024-09-04,kumluca,2024,40.63458333333333,24,True
2024-09-05,kumluca,2024,44.910000000000004,21,True
2024-09-06,kumluca,2024,28.9475,24,True
2024-09-07,kumluca,2024,33.28416666666667,24,True
2024-09-08,kumluca,2024,33.97416666666667,24,True
2024-09-09,kumluca,2024,42.4675,24,True
2024-09-10,kumluca,2024,37.10458333333333,24,True
2024-09-11,kumluca,2024,29.730833333333333,24,True
2024-09-12,kumluca,2024,31.552083333333332,24,True
2024-09-13,kumluca,2024,33.556666666666665,24,True
2024-09-14,kumluca,2024,35.071666666666665,24,True
2024-09-15,kumluca,2024,50.38583333333333,24,True
2024-09-16,kumluca,2024,52.877916666666664,24,True
2024-09-17,kumluca,2024,32.26869565217391,23,True
2024-09-18,kumluca,2024,33.04208333333333,24,True
2024-09-19,kumluca,2024,39.45583333333333,24,True
2024-09-20,kumluca,2024,37.669583333333335,24,True
2024-09-21,kumluca,2024,34.01916666666667,24,True
2024-09-22,kumluca,2024,18.90458333333333,24,True
2024-09-23,kumluca,2024,21.226666666666667,24,True
2024-09-24,kumluca,2024,24.13625,24,True
2024-09-25,kumluca,2024,23.65125,24,True
2024-09-26,kumluca,2024,25.941666666666666,24,True
2024-09-27,kumluca,2024,27.050833333333333,24,True
2024-09-28,kumluca,2024,30.504583333333333,24,True
2024-09-29,kumluca,2024,33.46625,24,True
2024-09-30,kumluca,2024,44.94625,24,True
2024-10-01,kumluca,2024,31.022499999999997,24,True
2024-10-02,kumluca,2024,23.070833333333336,24,True
2024-10-03,kumluca,2024,25.68875,24,True
2024-10-04,kumluca,2024,24.215416666666666,24,True
2024-10-05,kumluca,2024,30.070833333333336,24,True
2024-10-06,kumluca,2024,33.777499999999996,24,True
2024-10-07,kumluca,2024,31.70583333333333,24,True
2024-10-08,kumluca,2024,30.312083333333334,24,True
2024-10-09,kumluca,2024,31.982083333333335,24,True
2024-10-10,kumluca,2024,30.037499999999998,24,True
2024-10-11,kumluca,2024,28.36409090909091,22,True
2024-10-12,kumluca,2024,32.624347826086954,23,True
2024-10-13,kumluca,2024,36.059999999999995,24,True
2024-10-14,kumluca,2024,46.815238095238094,21,True
2024-10-15,kumluca,2024,36.810434782608695,23,True
2024-10-16,kumluca,2024,37.915416666666665,24,True
2024-10-17,kumluca,2024,44.71208333333333,24,True
2024-10-18,kumluca,2024,26.9675,24,True
2024-10-19,kumluca,2024,21.334166666666665,24,True
2024-10-20,kumluca,2024,20.3875,24,True
2024-10-21,kumluca,2024,22.655,24,True
2024-10-22,kumluca,2024,22.66875,24,True
2024-10-23,kumluca,2024,19.601904761904763,21,True
2024-10-24,kumluca,2024,22.895416666666666,24,True
2024-10-25,kumluca,2024,24.798333333333332,24,True
2024-10-26,kumluca,2024,22.241249999999997,24,True
2024-10-27,kumluca,2024,21.889166666666668,24,True
2024-10-28,kumluca,2024,26.704166666666666,24,True
2024-10-29,kumluca,2024,27.479166666666668,24,True
2024-10-30,kumluca,2024,27.127916666666668,24,True
2024-10-31,kumluca,2024,31.640416666666667,24,True
2024-11-01,kumluca,2024,31.164166666666663,24,True
2024-11-02,kumluca,2024,44.1,24,True
2024-11-03,kumluca,2024,45.52291666666667,24,True
2024-11-04,kumluca,2024,33.98833333333334,24,True
2024-11-05,kumluca,2024,29.790000000000003,24,True
2024-11-06,kumluca,2024,25.370833333333334,24,True
2024-11-07,kumluca,2024,21.69458333333333,24,True
2024-11-08,kumluca,2024,25.110833333333332,24,True
2024-11-09,kumluca,2024,19.31869565217391,23,True
2024-11-10,kumluca,2024,17.1275,24,True
2024-11-11,kumluca,2024,14.108333333333334,24,True
2024-11-12,kumluca,2024,20.100416666666668,24,True
2024-11-13,kumluca,2024,21.7825,24,True
2024-11-14,kumluca,2024,25.7075,24,True
2024-11-15,kumluca,2024,23.30666666666667,24,True
2024-11-16,kumluca,2024,19.937916666666666,24,True
2024-11-17,kumluca,2024,11.238750000000001,24,True
2024-11-18,kumluca,2024,16.86041666666667,24,True
2024-11-19,kumluca,2024,14.575000000000001,24,True
2024-11-20,kumluca,2024,16.79375,24,True
2024-11-21,kumluca,2024,17.25125,24,True
2024-11-22,kumluca,2024,24.97375,24,True
2024-11-23,kumluca,2024,38.754347826086956,23,True
2024-11-24,kumluca,2024,22.36391304347826,23,True
2024-11-25,kumluca,2024,16.12666666666667,24,True
2024-11-26,kumluca,2024,37.998695652173915,23,True
2024-11-27,kumluca,2024,16.472916666666666,24,True
2024-11-28,kumluca,2024,20.042083333333334,24,True
2024-11-29,kumluca,2024,27.868750000000002,24,True
2024-11-30,kumluca,2024,25.927083333333332,24,True
2024-12-01,kumluca,2024,21.470434782608695,23,True
2024-12-02,kumluca,2024,20.377916666666668,24,True
2024-12-03,kumluca,2024,9.7675,24,True
2024-12-04,kumluca,2024,9.66375,24,True
2024-12-05,kumluca,2024,17.445416666666667,24,True
2024-12-06,kumluca,2024,21.124583333333334,24,True
2024-12-07,kumluca,2024,25.72583333333333,24,True
2024-12-08,kumluca,2024,17.43,24,True
2024-12-09,kumluca,2024,20.357916666666668,24,True
2024-12-10,kumluca,2024,26.485,24,True
2024-12-11,kumluca,2024,27.68304347826087,23,True
2024-12-12,kumluca,2024,28.712083333333336,24,True
2024-12-13,kumluca,2024,23.115,24,True
2024-12-14,kumluca,2024,18.254166666666666,24,True
2024-12-15,kumluca,2024,19.77208333333333,24,True
2024-12-16,kumluca,2024,21.804166666666664,24,True
2024-12-17,kumluca,2024,15.965833333333334,24,True
2024-12-18,kumluca,2024,19.595,24,True
2024-12-19,kumluca,2024,27.052083333333332,24,True
2024-12-20,kumluca,2024,21.34125,24,True
2024-12-21,kumluca,2024,25.244583333333335,24,True
2024-12-22,kumluca,2024,31.022499999999997,24,True
2024-12-23,kumluca,2024,26.08458333333333,24,True
2024-12-24,kumluca,2024,26.053749999999997,24,True
2024-12-25,kumluca,2024,49.91,24,True
2024-12-26,kumluca,2024,9.422916666666667,24,True
2024-12-27,kumluca,2024,12.462916666666667,24,True
2024-12-28,kumluca,2024,18.354583333333334,24,True
2024-12-29,kumluca,2024,14.439583333333333,24,True
2024-12-30,kumluca,2024,16.37,24,True
2024-12-31,kumluca,2024,19.167916666666667,24,True
2025-01-01,kumluca,2025,48.24166666666667,24,True
2025-01-02,kumluca,2025,50.080000000000005,24,True
2025-01-03,kumluca,2025,55.967083333333335,24,True
2025-01-04,kumluca,2025,52.35541666666666,24,True
2025-01-05,kumluca,2025,52.6525,24,True
2025-01-06,kumluca,2025,54.19916666666666,24,True
2025-01-07,kumluca,2025,52.35708333333333,24,True
2025-01-08,kumluca,2025,59.52875,24,True
2025-01-09,kumluca,2025,56.14875,24,True
2025-01-10,kumluca,2025,62.55833333333334,24,True
2025-01-11,kumluca,2025,60.87285714285714,21,True
2025-01-12,kumluca,2025,53.42583333333334,24,True
2025-01-13,kumluca,2025,54.11291666666667,24,True
2025-01-14,kumluca,2025,47.649166666666666,24,True
2025-01-15,kumluca,2025,48.53458333333333,24,True
2025-01-16,kumluca,2025,42.24208333333333,24,True
2025-01-17,kumluca,2025,49.229166666666664,24,True
2025-01-18,kumluca,2025,50.849583333333335,24,True
2025-01-19,kumluca,2025,48.07666666666666,24,True
2025-01-20,kumluca,2025,53.18375,24,True
2025-01-21,kumluca,2025,51.43958333333333,24,True
2025-01-22,kumluca,2025,39.96,24,True
2025-01-23,kumluca,2025,39.89478260869566,23,True
2025-01-24,kumluca,2025,46.025416666666665,24,True
2025-01-25,kumluca,2025,44.5975,24,True
2025-01-26,kumluca,2025,44.72416666666666,24,True
2025-01-27,kumluca,2025,51.43083333333333,24,True
2025-01-28,kumluca,2025,49.32416666666666,24,True
2025-01-29,kumluca,2025,48.80833333333334,24,True
2025-01-30,kumluca,2025,46.14625,24,True
2025-01-31,kumluca,2025,52.86875,24,True
2025-02-01,kumluca,2025,22.5125,24,True
2025-02-02,kumluca,2025,23.53708333333333,24,True
2025-02-03,kumluca,2025,25.532083333333333,24,True
2025-02-04,kumluca,2025,21.292173913043477,23,True
2025-02-05,kumluca,2025,16.548333333333336,24,True
2025-02-06,kumluca,2025,15.118636363636364,22,True
2025-02-07,kumluca,2025,12.501739130434784,23,True
2025-02-08,kumluca,2025,28.3475,24,True
2025-02-09,kumluca,2025,14.110416666666666,24,True
2025-02-10,kumluca,2025,18.864166666666666,24,True
2025-02-11,kumluca,2025,24.908749999999998,24,True
2025-02-12,kumluca,2025,16.71,24,True
2025-02-13,kumluca,2025,20.432173913043478,23,True
2025-02-14,kumluca,2025,20.759090909090908,22,True
2025-02-15,kumluca,2025,22.19333333333333,24,True
2025-02-16,kumluca,2025,23.078333333333333,24,True
2025-02-17,kumluca,2025,22.665833333333335,24,True
2025-02-18,kumluca,2025,20.34208333333333,24,True
2025-02-19,kumluca,2025,19.242916666666666,24,True
2025-02-20,kumluca,2025,9.205833333333333,24,True
2025-02-21,kumluca,2025,21.644583333333333,24,True
2025-02-22,kumluca,2025,16.503333333333334,24,True
2025-02-23,kumluca,2025,28.32875,24,True
2025-02-24,kumluca,2025,49.861250000000005,24,True
2025-02-25,kumluca,2025,24.626666666666665,24,True
2025-02-26,kumluca,2025,18.492916666666666,24,True
2025-02-27,kumluca,2025,17.8325,24,True
2025-02-28,kumluca,2025,23.860833333333332,24,True
2025-03-01,kumluca,2025,14.38,24,True
2025-03-02,kumluca,2025,15.610833333333334,24,True
2025-03-03,kumluca,2025,20.66625,24,True
2025-03-04,kumluca,2025,10.40125,24,True
2025-03-05,kumluca,2025,47.27916666666667,24,True
2025-03-06,kumluca,2025,57.24041666666667,24,True
2025-03-07,kumluca,2025,34.34041666666666,24,True
2025-03-08,kumluca,2025,27.17125,24,True
2025-03-09,kumluca,2025,,10,False
2025-03-10,kumluca,2025,,16,False
2025-03-11,kumluca,2025,28.4425,24,True
2025-03-12,kumluca,2025,31.349999999999998,24,True
2025-03-13,kumluca,2025,29.09090909090909,22,True
2025-03-14,kumluca,2025,31.63625,24,True
2025-03-15,kumluca,2025,36.50958333333333,24,True
2025-03-16,kumluca,2025,45.00541666666666,24,True
2025-03-17,kumluca,2025,45.30125,24,True
2025-03-18,kumluca,2025,37.71541666666666,24,True
2025-03-19,kumluca,2025,36.66875,24,True
2025-03-20,kumluca,2025,12.9375,24,True
2025-03-21,kumluca,2025,13.609583333333333,24,True
2025-03-22,kumluca,2025,14.067916666666667,24,True
2025-03-23,kumluca,2025,16.895,22,True
2025-03-24,kumluca,2025,22.148333333333337,24,True
2025-03-25,kumluca,2025,30.97458333333333,24,True
2025-03-26,kumluca,2025,42.42541666666667,24,True
2025-03-27,kumluca,2025,50.1625,24,True
2025-03-28,kumluca,2025,54.75083333333333,24,True
2025-03-29,kumluca,2025,60.334583333333335,24,True
2025-03-30,kumluca,2025,32.64833333333333,24,True
2025-03-31,kumluca,2025,25.863333333333333,24,True
2025-04-01,kumluca,2025,30.604583333333334,24,True
2025-04-02,kumluca,2025,47.89958333333333,24,True
2025-04-03,kumluca,2025,26.442083333333333,24,True
2025-04-04,kumluca,2025,17.94875,24,True
2025-04-05,kumluca,2025,13.652083333333332,24,True
2025-04-06,kumluca,2025,14.997916666666667,24,True
2025-04-07,kumluca,2025,17.96708333333333,24,True
2025-04-08,kumluca,2025,23.4225,24,True
2025-04-09,kumluca,2025,31.179166666666664,24,True
2025-04-10,kumluca,2025,19.796666666666667,24,True
2025-04-11,kumluca,2025,22.77125,24,True
2025-04-12,kumluca,2025,21.147916666666664,24,True
2025-04-13,kumluca,2025,18.72041666666667,24,True
2025-04-14,kumluca,2025,17.4325,24,True
2025-04-15,kumluca,2025,23.699166666666667,24,True
2025-04-16,kumluca,2025,60.69772727272727,22,True
2025-04-17,kumluca,2025,27.738421052631576,19,True
2025-04-18,kumluca,2025,34.39875,24,True
2025-04-19,kumluca,2025,40.389523809523816,21,True
2025-04-20,kumluca,2025,42.727391304347826,23,True
2025-04-21,kumluca,2025,44.39958333333333,24,True
2025-04-22,kumluca,2025,33.80125,24,True
2025-04-23,kumluca,2025,40.13333333333333,24,True
2025-04-24,kumluca,2025,51.94608695652174,23,True
2025-04-25,kumluca,2025,59.3525,24,True
2025-04-26,kumluca,2025,32.77583333333333,24,True
2025-04-27,kumluca,2025,32.15333333333333,24,True
2025-04-28,kumluca,2025,28.795833333333334,24,True
2025-04-29,kumluca,2025,28.65611111111111,18,True
2025-04-30,kumluca,2025,,17,False
2025-05-01,kumluca,2025,27.075416666666666,24,True
2025-05-02,kumluca,2025,16.11791666666667,24,True
2025-05-03,kumluca,2025,17.672916666666666,24,True
2025-05-04,kumluca,2025,18.38125,24,True
2025-05-05,kumluca,2025,24.769583333333333,24,True
2025-05-06,kumluca,2025,32.840833333333336,24,True
2025-05-07,kumluca,2025,30.909583333333334,24,True
2025-05-08,kumluca,2025,29.410416666666666,24,True
2025-05-09,kumluca,2025,35.63791666666667,24,True
2025-05-10,kumluca,2025,43.3825,24,True
2025-05-11,kumluca,2025,51.69,24,True
2025-05-12,kumluca,2025,56.169999999999995,24,True
2025-05-13,kumluca,2025,53.9775,24,True
2025-05-14,kumluca,2025,39.81625,24,True
2025-05-15,kumluca,2025,41.93875,24,True
2025-05-16,kumluca,2025,29.80541666666667,24,True
2025-05-17,kumluca,2025,37.37208333333333,24,True
2025-05-18,kumluca,2025,56.61083333333334,24,True
2025-05-19,kumluca,2025,40.80125,24,True
2025-05-20,kumluca,2025,28.30333333333333,24,True
2025-05-21,kumluca,2025,44.69347826086957,23,True
2025-05-22,kumluca,2025,39.7875,24,True
2025-05-23,kumluca,2025,52.843333333333334,24,True
2025-05-24,kumluca,2025,56.99166666666667,24,True
2025-05-25,kumluca,2025,55.16291666666667,24,True
2025-05-26,kumluca,2025,60.06166666666667,24,True
2025-05-27,kumluca,2025,64.565,24,True
2025-05-28,kumluca,2025,72.0725,24,True
2025-05-29,kumluca,2025,36.935,22,True
2025-05-30,kumluca,2025,18.125416666666666,24,True
2025-05-31,kumluca,2025,23.18421052631579,19,True
2025-06-01,kumluca,2025,19.343333333333334,24,True
2025-06-02,kumluca,2025,29.009583333333335,24,True
2025-06-03,kumluca,2025,34.03375,24,True
2025-06-04,kumluca,2025,31.177083333333332,24,True
2025-06-05,kumluca,2025,31.632916666666663,24,True
2025-06-06,kumluca,2025,20.713333333333335,24,True
2025-06-07,kumluca,2025,30.840833333333332,24,True
2025-06-08,kumluca,2025,26.618333333333336,24,True
2025-06-09,kumluca,2025,34.317083333333336,24,True
2025-06-10,kumluca,2025,37.026666666666664,24,True
2025-06-11,kumluca,2025,28.537916666666664,24,True
2025-06-12,kumluca,2025,24.259583333333335,24,True
2025-06-13,kumluca,2025,19.860416666666666,24,True
2025-06-14,kumluca,2025,35.347500000000004,24,True
2025-06-15,kumluca,2025,31.758750000000003,24,True
2025-06-16,kumluca,2025,34.87375,24,True
2025-06-17,kumluca,2025,22.34375,24,True
2025-06-18,kumluca,2025,,16,False
2025-06-19,kumluca,2025,,0,False
2025-06-20,kumluca,2025,,0,False
2025-06-21,kumluca,2025,,10,False
2025-06-22,kumluca,2025,68.84083333333334,24,True
2025-06-23,kumluca,2025,63.428260869565214,23,True
2025-06-24,kumluca,2025,65.64217391304348,23,True
2025-06-25,kumluca,2025,47.387499999999996,24,True
2025-06-26,kumluca,2025,64.80875,24,True
2025-06-27,kumluca,2025,68.83749999999999,24,True
2025-06-28,kumluca,2025,63.02875,24,True
2025-06-29,kumluca,2025,68.94681818181817,22,True
2025-06-30,kumluca,2025,48.74458333333333,24,True
2025-07-01,kumluca,2025,43.123333333333335,24,True
2025-07-02,kumluca,2025,48.16166666666667,24,True
2025-07-03,kumluca,2025,52.98458333333334,24,True
2025-07-04,kumluca,2025,59.00208333333333,24,True
2025-07-05,kumluca,2025,42.93416666666667,24,True
2025-07-06,kumluca,2025,54.526250000000005,24,True
2025-07-07,kumluca,2025,54.88041666666667,24,True
2025-07-08,kumluca,2025,70.62541666666667,24,True
2025-07-09,kumluca,2025,71.87272727272727,22,True
2025-07-10,kumluca,2025,79.26083333333334,24,True
2025-07-11,kumluca,2025,62.70291666666666,24,True
2025-07-12,kumluca,2025,64.61583333333333,24,True
2025-07-13,kumluca,2025,68.75708333333334,24,True
2025-07-14,kumluca,2025,77.27363636363636,22,True
2025-07-15,kumluca,2025,83.99166666666666,24,True
2025-07-16,kumluca,2025,112.82833333333332,18,True
2025-07-17,kumluca,2025,77.675,24,True
2025-07-18,kumluca,2025,64.61791666666666,24,True
2025-07-19,kumluca,2025,67.61391304347826,23,True
2025-07-20,kumluca,2025,68.93166666666666,24,True
2025-07-21,kumluca,2025,71.22958333333334,24,True
2025-07-22,kumluca,2025,75.0225,24,True
2025-07-23,kumluca,2025,65.23125,24,True
2025-07-24,kumluca,2025,80.24416666666667,24,True
2025-07-25,kumluca,2025,69.83833333333332,24,True
2025-07-26,kumluca,2025,59.44833333333333,24,True
2025-07-27,kumluca,2025,67.44500000000001,24,True
2025-07-28,kumluca,2025,77.61666666666666,24,True
2025-07-29,kumluca,2025,87.33583333333333,24,True
2025-07-30,kumluca,2025,82.51041666666667,24,True
2025-07-31,kumluca,2025,73.87791666666666,24,True
2025-08-01,kumluca,2025,69.33875,24,True
2025-08-02,kumluca,2025,79.12458333333333,24,True
2025-08-03,kumluca,2025,73.06125,24,True
2025-08-04,kumluca,2025,60.62875,24,True
2025-08-05,kumluca,2025,94.16684210526316,19,True
2025-08-06,kumluca,2025,78.5025,24,True
2025-08-07,kumluca,2025,82.96124999999999,24,True
2025-08-08,kumluca,2025,72.04958333333333,24,True
2025-08-09,kumluca,2025,62.76625000000001,24,True
2025-08-10,kumluca,2025,64.04041666666667,24,True
2025-08-11,kumluca,2025,70.87708333333333,24,True
2025-08-12,kumluca,2025,49.10791666666666,24,True
2025-08-13,kumluca,2025,61.338750000000005,24,True
2025-08-14,kumluca,2025,74.32625,24,True
2025-08-15,kumluca,2025,128.48045454545456,22,True
2025-08-16,kumluca,2025,106.24458333333332,24,True
2025-08-17,kumluca,2025,92.575,24,True
2025-08-18,kumluca,2025,87.18333333333334,24,True
2025-08-19,kumluca,2025,87.0075,24,True
2025-08-20,kumluca,2025,83.00958333333334,24,True
2025-08-21,kumluca,2025,74.81,24,True
2025-08-22,kumluca,2025,73.1225,24,True
2025-08-23,kumluca,2025,73.65791666666667,24,True
2025-08-24,kumluca,2025,88.75956521739131,23,True
2025-08-25,kumluca,2025,88.23791666666666,24,True
2025-08-26,kumluca,2025,57.62,24,True
2025-08-27,kumluca,2025,62.07958333333334,24,True
2025-08-28,kumluca,2025,72.87458333333333,24,True
2025-08-29,kumluca,2025,70.77125,24,True
2025-08-30,kumluca,2025,60.767500000000005,24,True
2025-08-31,kumluca,2025,59.79083333333333,24,True
2025-09-01,kumluca,2025,76.87285714285714,21,True
2025-09-02,kumluca,2025,95.4325,24,True
2025-09-03,kumluca,2025,86.26958333333333,24,True
2025-09-04,kumluca,2025,72.5175,24,True
2025-09-05,kumluca,2025,67.78833333333334,24,True
2025-09-06,kumluca,2025,72.57541666666667,24,True
2025-09-07,kumluca,2025,61.79833333333334,24,True
2025-09-08,kumluca,2025,55.56333333333333,24,True
2025-09-09,kumluca,2025,47.88375,24,True
2025-09-10,kumluca,2025,51.85874999999999,24,True
2025-09-11,kumluca,2025,53.14000000000001,24,True
2025-09-12,kumluca,2025,57.41583333333333,24,True
2025-09-13,kumluca,2025,61.62083333333334,24,True
2025-09-14,kumluca,2025,67.56166666666667,24,True
2025-09-15,kumluca,2025,69.23791666666666,24,True
2025-09-16,kumluca,2025,59.333333333333336,24,True
2025-09-17,kumluca,2025,73.0425,24,True
2025-09-18,kumluca,2025,65.26375,24,True
2025-09-19,kumluca,2025,49.97833333333333,24,True
2025-09-20,kumluca,2025,36.71541666666667,24,True
2025-09-21,kumluca,2025,40.498333333333335,24,True
2025-09-22,kumluca,2025,48.555,24,True
2025-09-23,kumluca,2025,49.276666666666664,24,True
2025-09-24,kumluca,2025,53.85458333333333,24,True
2025-09-25,kumluca,2025,61.208333333333336,24,True
2025-09-26,kumluca,2025,64.0175,24,True
2025-09-27,kumluca,2025,70.76666666666667,24,True
2025-09-28,kumluca,2025,61.93625,24,True
2025-09-29,kumluca,2025,75.14083333333333,24,True
2025-09-30,kumluca,2025,41.62608695652174,23,True
2025-10-01,kumluca,2025,31.152083333333334,24,True
2025-10-02,kumluca,2025,31.811666666666667,24,True
2025-10-03,kumluca,2025,31.723333333333333,24,True
2025-10-04,kumluca,2025,37.540416666666665,24,True
2025-10-05,kumluca,2025,38.003750000000004,24,True
2025-10-06,kumluca,2025,43.847142857142856,21,True
2025-10-07,kumluca,2025,34.21388888888889,18,True
2025-10-08,kumluca,2025,,13,False
2025-10-09,kumluca,2025,41.43666666666667,24,True
2025-10-10,kumluca,2025,33.3925,24,True
2025-10-11,kumluca,2025,33.51208333333333,24,True
2025-10-12,kumluca,2025,27.98375,24,True
2025-10-13,kumluca,2025,22.162916666666664,24,True
2025-10-14,kumluca,2025,26.718333333333334,24,True
2025-10-15,kumluca,2025,31.08875,24,True
2025-10-16,kumluca,2025,36.07875,24,True
2025-10-17,kumluca,2025,37.33416666666667,24,True
2025-10-18,kumluca,2025,47.82125,24,True
2025-10-19,kumluca,2025,48.23291666666666,24,True
2025-10-20,kumluca,2025,56.05041666666667,24,True
2025-10-21,kumluca,2025,46.29,24,True
2025-10-22,kumluca,2025,42.0775,24,True
2025-10-23,kumluca,2025,54.37,24,True
2025-10-24,kumluca,2025,59.544999999999995,24,True
2025-10-25,kumluca,2025,39.895,24,True
2025-10-26,kumluca,2025,47.45458333333334,24,True
2025-10-27,kumluca,2025,46.72958333333333,24,True
2025-10-28,kumluca,2025,54.91833333333333,24,True
2025-10-29,kumluca,2025,34.8225,24,True
2025-10-30,kumluca,2025,33.895833333333336,24,True
2025-10-31,kumluca,2025,32.590869565217396,23,True
2025-11-01,kumluca,2025,36.265,24,True
2025-11-02,kumluca,2025,44.35857142857143,21,True
2025-11-03,kumluca,2025,59.62869565217392,23,True
2025-11-04,kumluca,2025,44.855909090909094,22,True
2025-11-05,kumluca,2025,52.38791666666666,24,True
2025-11-06,kumluca,2025,53.695,24,True
2025-11-07,kumluca,2025,48.487500000000004,24,True
2025-11-08,kumluca,2025,25.594583333333333,24,True
2025-11-09,kumluca,2025,31.847083333333334,24,True
2025-11-10,kumluca,2025,27.821250000000003,24,True
2025-11-11,kumluca,2025,31.71375,24,True
2025-11-12,kumluca,2025,39.066250000000004,24,True
2025-11-13,kumluca,2025,45.05083333333334,24,True
2025-11-14,kumluca,2025,36.60333333333333,24,True
2025-11-15,kumluca,2025,30.32166666666667,24,True
2025-11-16,kumluca,2025,28.79125,24,True
2025-11-17,kumluca,2025,30.046666666666667,24,True
2025-11-18,kumluca,2025,36.249583333333334,24,True
2025-11-19,kumluca,2025,44.78708333333333,24,True
2025-11-20,kumluca,2025,57.51833333333334,24,True
2025-11-21,kumluca,2025,59.24916666666667,24,True
2025-11-22,kumluca,2025,68.81,24,True
2025-11-23,kumluca,2025,76.33666666666666,24,True
2025-11-24,kumluca,2025,62.31166666666667,24,True
2025-11-25,kumluca,2025,56.513749999999995,24,True
2025-11-26,kumluca,2025,49.04,24,True
2025-11-27,kumluca,2025,36.36416666666667,24,True
2025-11-28,kumluca,2025,40.13708333333333,24,True
2025-11-29,kumluca,2025,62.490833333333335,24,True
2025-11-30,kumluca,2025,41.47375,24,True
2025-12-01,kumluca,2025,33.291739130434784,23,True
2025-12-02,kumluca,2025,25.563333333333333,24,True
2025-12-03,kumluca,2025,28.355833333333333,24,True
2025-12-04,kumluca,2025,36.61416666666667,24,True
2025-12-05,kumluca,2025,42.593333333333334,24,True
2025-12-06,kumluca,2025,31.915000000000003,24,True
2025-12-07,kumluca,2025,28.35291666666667,24,True
2025-12-08,kumluca,2025,22.604166666666668,24,True
2025-12-09,kumluca,2025,34.321666666666665,24,True
2025-12-10,kumluca,2025,33.160833333333336,24,True
2025-12-11,kumluca,2025,32.427083333333336,24,True
2025-12-12,kumluca,2025,34.266666666666666,24,True
2025-12-13,kumluca,2025,49.05166666666667,24,True
2025-12-14,kumluca,2025,31.279583333333335,24,True
2025-12-15,kumluca,2025,35.07375,24,True
2025-12-16,kumluca,2025,33.60166666666667,24,True
2025-12-17,kumluca,2025,31.540833333333335,24,True
2025-12-18,kumluca,2025,39.78125,24,True
2025-12-19,kumluca,2025,40.08291666666667,24,True
2025-12-20,kumluca,2025,42.494166666666665,24,True
2025-12-21,kumluca,2025,43.66791666666666,24,True
2025-12-22,kumluca,2025,23.765,24,True
2025-12-23,kumluca,2025,32.1175,24,True
2025-12-24,kumluca,2025,34.46541666666666,24,True
2025-12-25,kumluca,2025,42.25083333333333,24,True
2025-12-26,kumluca,2025,40.653333333333336,24,True
2025-12-27,kumluca,2025,26.257499999999997,24,True
2025-12-28,kumluca,2025,42.08708333333333,24,True
2025-12-29,kumluca,2025,44.961666666666666,24,True
2025-12-30,kumluca,2025,38.1225,24,True
2025-12-31,kumluca,2025,27.170833333333334,24,True
2024-01-01,manavgat,2024,54.08041666666667,24,True
2024-01-02,manavgat,2024,33.21583333333333,24,True
2024-01-03,manavgat,2024,42.003750000000004,24,True
2024-01-04,manavgat,2024,38.01375,24,True
2024-01-05,manavgat,2024,40.3775,24,True
2024-01-06,manavgat,2024,68.34541666666667,24,True
2024-01-07,manavgat,2024,44.750416666666666,24,True
2024-01-08,manavgat,2024,96.66958333333334,24,True
2024-01-09,manavgat,2024,66.69291666666668,24,True
2024-01-10,manavgat,2024,30.47458333333333,24,True
2024-01-11,manavgat,2024,39.98666666666667,24,True
2024-01-12,manavgat,2024,39.630833333333335,24,True
2024-01-13,manavgat,2024,28.719166666666666,24,True
2024-01-14,manavgat,2024,28.40833333333333,24,True
2024-01-15,manavgat,2024,18.52166666666667,24,True
2024-01-16,manavgat,2024,17.206666666666667,24,True
2024-01-17,manavgat,2024,50.43875,24,True
2024-01-18,manavgat,2024,27.325454545454544,22,True
2024-01-19,manavgat,2024,20.971578947368425,19,True
2024-01-20,manavgat,2024,13.000416666666666,24,True
2024-01-21,manavgat,2024,8.324166666666667,24,True
2024-01-22,manavgat,2024,3.6833333333333336,24,True
2024-01-23,manavgat,2024,7.154583333333334,24,True
2024-01-24,manavgat,2024,19.841666666666665,24,True
2024-01-25,manavgat,2024,44.56125,24,True
2024-01-26,manavgat,2024,34.0075,24,True
2024-01-27,manavgat,2024,18.210833333333333,24,True
2024-01-28,manavgat,2024,24.047916666666666,24,True
2024-01-29,manavgat,2024,10.647499999999999,24,True
2024-01-30,manavgat,2024,11.61875,24,True
2024-01-31,manavgat,2024,,9,False
2024-02-01,manavgat,2024,,0,False
2024-02-02,manavgat,2024,,0,False
2024-02-03,manavgat,2024,,0,False
2024-02-04,manavgat,2024,,0,False
2024-02-05,manavgat,2024,,0,False
2024-02-06,manavgat,2024,,0,False
2024-02-07,manavgat,2024,,0,False
2024-02-08,manavgat,2024,,0,False
2024-02-09,manavgat,2024,,0,False
2024-02-10,manavgat,2024,,0,False
2024-02-11,manavgat,2024,,0,False
2024-02-12,manavgat,2024,,0,False
2024-02-13,manavgat,2024,,0,False
2024-02-14,manavgat,2024,,0,False
2024-02-15,manavgat,2024,,0,False
2024-02-16,manavgat,2024,,0,False
2024-02-17,manavgat,2024,,0,False
2024-02-18,manavgat,2024,,0,False
2024-02-19,manavgat,2024,,3,False
2024-02-20,manavgat,2024,47.752916666666664,24,True
2024-02-21,manavgat,2024,37.800000000000004,24,True
2024-02-22,manavgat,2024,35.399166666666666,24,True
2024-02-23,manavgat,2024,35.76833333333334,24,True
2024-02-24,manavgat,2024,37.842608695652174,23,True
2024-02-25,manavgat,2024,,0,False
2024-02-26,manavgat,2024,,0,False
2024-02-27,manavgat,2024,,0,False
2024-02-28,manavgat,2024,,0,False
2024-02-29,manavgat,2024,,1,False
2024-03-01,manavgat,2024,,0,False
2024-03-02,manavgat,2024,,0,False
2024-03-03,manavgat,2024,,0,False
2024-03-04,manavgat,2024,,0,False
2024-03-05,manavgat,2024,,0,False
2024-03-06,manavgat,2024,,0,False
2024-03-07,manavgat,2024,,0,False
2024-03-08,manavgat,2024,,11,False
2024-03-09,manavgat,2024,19.115833333333335,24,True
2024-03-10,manavgat,2024,23.640833333333333,24,True
2024-03-11,manavgat,2024,34.19708333333333,24,True
2024-03-12,manavgat,2024,30.16625,24,True
2024-03-13,manavgat,2024,35.785000000000004,24,True
2024-03-14,manavgat,2024,27.314166666666665,24,True
2024-03-15,manavgat,2024,19.915833333333335,24,True
2024-03-16,manavgat,2024,22.455,24,True
2024-03-17,manavgat,2024,26.25583333333333,24,True
2024-03-18,manavgat,2024,36.9075,24,True
2024-03-19,manavgat,2024,32.1975,24,True
2024-03-20,manavgat,2024,27.6075,24,True
2024-03-21,manavgat,2024,20.15041666666667,24,True
2024-03-22,manavgat,2024,17.126250000000002,24,True
2024-03-23,manavgat,2024,11.4475,24,True
2024-03-24,manavgat,2024,23.155416666666667,24,True
2024-03-25,manavgat,2024,27.330833333333334,24,True
2024-03-26,manavgat,2024,34.76166666666666,24,True
2024-03-27,manavgat,2024,34.44916666666666,24,True
2024-03-28,manavgat,2024,33.88458333333333,24,True
2024-03-29,manavgat,2024,48.75625,24,True
2024-03-30,manavgat,2024,55.34291666666667,24,True
2024-03-31,manavgat,2024,55.25043478260869,23,True
2024-04-01,manavgat,2024,51.72958333333333,24,True
2024-04-02,manavgat,2024,60.01166666666666,24,True
2024-04-03,manavgat,2024,56.69958333333333,24,True
2024-04-04,manavgat,2024,63.2925,24,True
2024-04-05,manavgat,2024,50.73791666666667,24,True
2024-04-06,manavgat,2024,31.447083333333335,24,True
2024-04-07,manavgat,2024,17.526666666666667,24,True
2024-04-08,manavgat,2024,21.100416666666664,24,True
2024-04-09,manavgat,2024,18.799166666666668,24,True
2024-04-10,manavgat,2024,14.533333333333333,24,True
2024-04-11,manavgat,2024,18.338333333333335,24,True
2024-04-12,manavgat,2024,22.396666666666665,24,True
2024-04-13,manavgat,2024,26.280833333333334,24,True
2024-04-14,manavgat,2024,27.056250000000002,24,True
2024-04-15,manavgat,2024,27.234166666666667,24,True
2024-04-16,manavgat,2024,26.83375,24,True
2024-04-17,manavgat,2024,28.20875,24,True
2024-04-18,manavgat,2024,144.68625,24,True
2024-04-19,manavgat,2024,51.16916666666666,24,True
2024-04-20,manavgat,2024,47.312916666666666,24,True
2024-04-21,manavgat,2024,18.103333333333335,24,True
2024-04-22,manavgat,2024,21.116666666666667,24,True
2024-04-23,manavgat,2024,30.77333333333333,24,True
2024-04-24,manavgat,2024,,16,False
2024-04-25,manavgat,2024,,0,False
2024-04-26,manavgat,2024,,0,False
2024-04-27,manavgat,2024,,0,False
2024-04-28,manavgat,2024,,0,False
2024-04-29,manavgat,2024,,0,False
2024-04-30,manavgat,2024,,0,False
2024-05-01,manavgat,2024,,0,False
2024-05-02,manavgat,2024,,0,False
2024-05-03,manavgat,2024,,9,False
2024-05-04,manavgat,2024,41.915416666666665,24,True
2024-05-05,manavgat,2024,11.570416666666667,24,True
2024-05-06,manavgat,2024,18.425833333333333,24,True
2024-05-07,manavgat,2024,18.632083333333334,24,True
2024-05-08,manavgat,2024,20.764583333333334,24,True
2024-05-09,manavgat,2024,25.420833333333334,24,True
2024-05-10,manavgat,2024,27.51125,24,True
2024-05-11,manavgat,2024,52.79583333333333,24,True
2024-05-12,manavgat,2024,22.912499999999998,24,True
2024-05-13,manavgat,2024,22.177083333333332,24,True
2024-05-14,manavgat,2024,19.91875,24,True
2024-05-15,manavgat,2024,19.51125,24,True
2024-05-16,manavgat,2024,20.446666666666665,24,True
2024-05-17,manavgat,2024,22.924583333333334,24,True
2024-05-18,manavgat,2024,26.32625,24,True
2024-05-19,manavgat,2024,28.974166666666665,24,True
2024-05-20,manavgat,2024,38.76583333333333,24,True
2024-05-21,manavgat,2024,48.440416666666664,24,True
2024-05-22,manavgat,2024,63.11083333333334,24,True
2024-05-23,manavgat,2024,63.88791666666666,24,True
2024-05-24,manavgat,2024,34.78125,24,True
2024-05-25,manavgat,2024,19.55,24,True
2024-05-26,manavgat,2024,27.729166666666668,24,True
2024-05-27,manavgat,2024,33.24125,24,True
2024-05-28,manavgat,2024,31.365,24,True
2024-05-29,manavgat,2024,34.8525,24,True
2024-05-30,manavgat,2024,29.812083333333334,24,True
2024-05-31,manavgat,2024,27.951666666666668,24,True
2024-06-01,manavgat,2024,25.459999999999997,24,True
2024-06-02,manavgat,2024,28.995833333333334,24,True
2024-06-03,manavgat,2024,36.166666666666664,24,True
2024-06-04,manavgat,2024,33.833333333333336,24,True
2024-06-05,manavgat,2024,40.06652173913044,23,True
2024-06-06,manavgat,2024,50.11625,24,True
2024-06-07,manavgat,2024,51.23388888888889,18,True
2024-06-08,manavgat,2024,,4,False
2024-06-09,manavgat,2024,26.056250000000002,24,True
2024-06-10,manavgat,2024,27.902916666666666,24,True
2024-06-11,manavgat,2024,34.59875,24,True
2024-06-12,manavgat,2024,37.87625,24,True
2024-06-13,manavgat,2024,43.36333333333334,24,True
2024-06-14,manavgat,2024,59.17458333333334,24,True
2024-06-15,manavgat,2024,67.45458333333333,24,True
2024-06-16,manavgat,2024,60.11000000000001,24,True
2024-06-17,manavgat,2024,41.35666666666667,24,True
2024-06-18,manavgat,2024,37.971666666666664,24,True
2024-06-19,manavgat,2024,37.223333333333336,24,True
2024-06-20,manavgat,2024,33.23833333333334,24,True
2024-06-21,manavgat,2024,30.331666666666667,24,True
2024-06-22,manavgat,2024,36.41916666666666,24,True
2024-06-23,manavgat,2024,32.19583333333333,24,True
2024-06-24,manavgat,2024,43.07208333333333,24,True
2024-06-25,manavgat,2024,42.473333333333336,24,True
2024-06-26,manavgat,2024,43.98291666666666,24,True
2024-06-27,manavgat,2024,44.20375000000001,24,True
2024-06-28,manavgat,2024,46.00458333333333,24,True
2024-06-29,manavgat,2024,39.35458333333333,24,True
2024-06-30,manavgat,2024,36.94833333333333,24,True
2024-07-01,manavgat,2024,25.59375,24,True
2024-07-02,manavgat,2024,29.915833333333335,24,True
2024-07-03,manavgat,2024,33.59041666666666,24,True
2024-07-04,manavgat,2024,38.407916666666665,24,True
2024-07-05,manavgat,2024,43.16208333333333,24,True
2024-07-06,manavgat,2024,24.572916666666668,24,True
2024-07-07,manavgat,2024,29.65125,24,True
2024-07-08,manavgat,2024,31.404583333333335,24,True
2024-07-09,manavgat,2024,35.262,20,True
2024-07-10,manavgat,2024,39.711666666666666,24,True
2024-07-11,manavgat,2024,26.810833333333335,24,True
2024-07-12,manavgat,2024,28.230833333333333,24,True
2024-07-13,manavgat,2024,33.30833333333333,24,True
2024-07-14,manavgat,2024,34.52375,24,True
2024-07-15,manavgat,2024,26.76625,24,True
2024-07-16,manavgat,2024,33.8975,24,True
2024-07-17,manavgat,2024,37.5225,24,True
2024-07-18,manavgat,2024,44.437916666666666,24,True
2024-07-19,manavgat,2024,46.55791666666667,24,True
2024-07-20,manavgat,2024,37.46666666666667,24,True
2024-07-21,manavgat,2024,44.36041666666667,24,True
2024-07-22,manavgat,2024,43.662083333333335,24,True
2024-07-23,manavgat,2024,46.723749999999995,24,True
2024-07-24,manavgat,2024,45.03583333333333,24,True
2024-07-25,manavgat,2024,48.51416666666666,24,True
2024-07-26,manavgat,2024,37.435833333333335,24,True
2024-07-27,manavgat,2024,18.675,24,True
2024-07-28,manavgat,2024,21.142083333333336,24,True
2024-07-29,manavgat,2024,25.26125,24,True
2024-07-30,manavgat,2024,34.4275,24,True
2024-07-31,manavgat,2024,31.453333333333333,24,True
2024-08-01,manavgat,2024,32.73916666666667,24,True
2024-08-02,manavgat,2024,36.53958333333333,24,True
2024-08-03,manavgat,2024,49.10833333333333,24,True
2024-08-04,manavgat,2024,43.9175,24,True
2024-08-05,manavgat,2024,35.540416666666665,24,True
2024-08-06,manavgat,2024,30.000833333333333,24,True
2024-08-07,manavgat,2024,31.01125,24,True
2024-08-08,manavgat,2024,35.51833333333334,24,True
2024-08-09,manavgat,2024,36.625,24,True
2024-08-10,manavgat,2024,32.657916666666665,24,True
2024-08-11,manavgat,2024,37.94416666666667,24,True
2024-08-12,manavgat,2024,35.33083333333334,24,True
2024-08-13,manavgat,2024,26.899583333333336,24,True
2024-08-14,manavgat,2024,28.604583333333334,24,True
2024-08-15,manavgat,2024,34.471666666666664,24,True
2024-08-16,manavgat,2024,26.499166666666667,24,True
2024-08-17,manavgat,2024,27.454166666666666,24,True
2024-08-18,manavgat,2024,26.21291666666667,24,True
2024-08-19,manavgat,2024,28.079166666666666,24,True
2024-08-20,manavgat,2024,33.22,24,True
2024-08-21,manavgat,2024,34.655833333333334,24,True
2024-08-22,manavgat,2024,42.49875,24,True
2024-08-23,manavgat,2024,34.44291666666667,24,True
2024-08-24,manavgat,2024,31.90416666666667,24,True
2024-08-25,manavgat,2024,30.400000000000002,24,True
2024-08-26,manavgat,2024,40.755,24,True
2024-08-27,manavgat,2024,34.6275,24,True
2024-08-28,manavgat,2024,35.155,24,True
2024-08-29,manavgat,2024,38.165416666666665,24,True
2024-08-30,manavgat,2024,38.467083333333335,24,True
2024-08-31,manavgat,2024,39.79833333333333,24,True
2024-09-01,manavgat,2024,36.08208333333334,24,True
2024-09-02,manavgat,2024,24.840416666666666,24,True
2024-09-03,manavgat,2024,27.396666666666665,24,True
2024-09-04,manavgat,2024,26.245,24,True
2024-09-05,manavgat,2024,27.347083333333334,24,True
2024-09-06,manavgat,2024,28.1725,24,True
2024-09-07,manavgat,2024,34.78875,24,True
2024-09-08,manavgat,2024,27.60083333333333,24,True
2024-09-09,manavgat,2024,39.68666666666667,24,True
2024-09-10,manavgat,2024,40.052083333333336,24,True
2024-09-11,manavgat,2024,29.652916666666666,24,True
2024-09-12,manavgat,2024,40.5425,24,True
2024-09-13,manavgat,2024,44.02583333333333,24,True
2024-09-14,manavgat,2024,29.742083333333337,24,True
2024-09-15,manavgat,2024,33.57875,24,True
2024-09-16,manavgat,2024,33.39083333333333,24,True
2024-09-17,manavgat,2024,27.389583333333334,24,True
2024-09-18,manavgat,2024,26.73875,24,True
2024-09-19,manavgat,2024,28.13291666666667,24,True
2024-09-20,manavgat,2024,30.48125,24,True
2024-09-21,manavgat,2024,22.088333333333335,24,True
2024-09-22,manavgat,2024,13.501666666666665,24,True
2024-09-23,manavgat,2024,18.786666666666665,24,True
2024-09-24,manavgat,2024,24.58666666666667,24,True
2024-09-25,manavgat,2024,29.216250000000002,24,True
2024-09-26,manavgat,2024,26.12,24,True
2024-09-27,manavgat,2024,32.446666666666665,24,True
2024-09-28,manavgat,2024,35.16958333333333,24,True
2024-09-29,manavgat,2024,35.908750000000005,24,True
2024-09-30,manavgat,2024,40.522083333333335,24,True
2024-10-01,manavgat,2024,19.375833333333333,24,True
2024-10-02,manavgat,2024,16.233333333333334,24,True
2024-10-03,manavgat,2024,23.794583333333335,24,True
2024-10-04,manavgat,2024,23.78333333333333,24,True
2024-10-05,manavgat,2024,27.670833333333334,24,True
2024-10-06,manavgat,2024,27.391666666666666,24,True
2024-10-07,manavgat,2024,36.32,24,True
2024-10-08,manavgat,2024,32.39541666666667,24,True
2024-10-09,manavgat,2024,30.030416666666667,24,True
2024-10-10,manavgat,2024,29.235416666666666,24,True
2024-10-11,manavgat,2024,27.09583333333333,24,True
2024-10-12,manavgat,2024,28.315416666666668,24,True
2024-10-13,manavgat,2024,38.037083333333335,24,True
2024-10-14,manavgat,2024,41.97,24,True
2024-10-15,manavgat,2024,46.343333333333334,24,True
2024-10-16,manavgat,2024,44.2275,24,True
2024-10-17,manavgat,2024,33.9225,24,True
2024-10-18,manavgat,2024,33.88041666666667,24,True
2024-10-19,manavgat,2024,14.265,24,True
2024-10-20,manavgat,2024,18.44,24,True
2024-10-21,manavgat,2024,21.497083333333332,24,True
2024-10-22,manavgat,2024,22.151904761904763,21,True
2024-10-23,manavgat,2024,14.220416666666665,24,True
2024-10-24,manavgat,2024,25.284583333333334,24,True
2024-10-25,manavgat,2024,31.700833333333335,24,True
2024-10-26,manavgat,2024,24.069166666666664,24,True
2024-10-27,manavgat,2024,24.33761904761905,21,True
2024-10-28,manavgat,2024,29.365416666666665,24,True
2024-10-29,manavgat,2024,35.308749999999996,24,True
2024-10-30,manavgat,2024,33.36541666666667,24,True
2024-10-31,manavgat,2024,40.07958333333333,24,True
2024-11-01,manavgat,2024,40.3775,24,True
2024-11-02,manavgat,2024,49.26125,24,True
2024-11-03,manavgat,2024,49.973749999999995,24,True
2024-11-04,manavgat,2024,45.36625,24,True
2024-11-05,manavgat,2024,33.87583333333333,24,True
2024-11-06,manavgat,2024,29.073333333333334,24,True
2024-11-07,manavgat,2024,38.56125,24,True
2024-11-08,manavgat,2024,34.735,24,True
2024-11-09,manavgat,2024,23.83125,24,True
2024-11-10,manavgat,2024,33.91041666666667,24,True
2024-11-11,manavgat,2024,22.78333333333333,24,True
2024-11-12,manavgat,2024,31.80541666666667,24,True
2024-11-13,manavgat,2024,24.99625,24,True
2024-11-14,manavgat,2024,25.55333333333333,24,True
2024-11-15,manavgat,2024,20.29625,24,True
2024-11-16,manavgat,2024,18.538333333333334,24,True
2024-11-17,manavgat,2024,10.886666666666665,24,True
2024-11-18,manavgat,2024,12.615714285714287,21,True
2024-11-19,manavgat,2024,20.368333333333336,24,True
2024-11-20,manavgat,2024,25.5125,24,True
2024-11-21,manavgat,2024,16.254166666666666,24,True
2024-11-22,manavgat,2024,17.684583333333332,24,True
2024-11-23,manavgat,2024,30.23875,24,True
2024-11-24,manavgat,2024,11.13125,24,True
2024-11-25,manavgat,2024,4.062608695652174,23,True
2024-11-26,manavgat,2024,17.454782608695652,23,True
2024-11-27,manavgat,2024,29.425416666666667,24,True
2024-11-28,manavgat,2024,37.34583333333333,24,True
2024-11-29,manavgat,2024,41.30291666666667,24,True
2024-11-30,manavgat,2024,31.381666666666664,24,True
2024-12-01,manavgat,2024,35.225,24,True
2024-12-02,manavgat,2024,41.748333333333335,24,True
2024-12-03,manavgat,2024,16.878333333333334,24,True
2024-12-04,manavgat,2024,20.762916666666666,24,True
2024-12-05,manavgat,2024,28.669583333333335,24,True
2024-12-06,manavgat,2024,49.80166666666667,24,True
2024-12-07,manavgat,2024,51.80416666666667,24,True
2024-12-08,manavgat,2024,30.657083333333333,24,True
2024-12-09,manavgat,2024,33.749583333333334,24,True
2024-12-10,manavgat,2024,55.927083333333336,24,True
2024-12-11,manavgat,2024,53.08541666666667,24,True
2024-12-12,manavgat,2024,29.613333333333333,24,True
2024-12-13,manavgat,2024,14.07875,24,True
2024-12-14,manavgat,2024,15.832083333333335,24,True
2024-12-15,manavgat,2024,32.74458333333333,24,True
2024-12-16,manavgat,2024,28.389166666666668,24,True
2024-12-17,manavgat,2024,49.90625,24,True
2024-12-18,manavgat,2024,39.46875,24,True
2024-12-19,manavgat,2024,45.50625,24,True
2024-12-20,manavgat,2024,42.60208333333333,24,True
2024-12-21,manavgat,2024,40.329166666666666,24,True
2024-12-22,manavgat,2024,28.185000000000002,24,True
2024-12-23,manavgat,2024,22.520416666666666,24,True
2024-12-24,manavgat,2024,15.408333333333333,24,True
2024-12-25,manavgat,2024,21.8175,24,True
2024-12-26,manavgat,2024,18.28291666666667,24,True
2024-12-27,manavgat,2024,19.735416666666666,24,True
2024-12-28,manavgat,2024,27.014166666666668,24,True
2024-12-29,manavgat,2024,8.120833333333334,24,True
2024-12-30,manavgat,2024,28.285416666666666,24,True
2024-12-31,manavgat,2024,11.747083333333334,24,True
2025-01-01,manavgat,2025,35.300000000000004,24,True
2025-01-02,manavgat,2025,49.57749999999999,24,True
2025-01-03,manavgat,2025,40.94625,24,True
2025-01-04,manavgat,2025,42.57541666666666,24,True
2025-01-05,manavgat,2025,37.052083333333336,24,True
2025-01-06,manavgat,2025,51.83347826086957,23,True
2025-01-07,manavgat,2025,56.66958333333333,24,True
2025-01-08,manavgat,2025,48.23333333333333,24,True
2025-01-09,manavgat,2025,48.40208333333334,24,True
2025-01-10,manavgat,2025,49.084583333333335,24,True
2025-01-11,manavgat,2025,51.778333333333336,24,True
2025-01-12,manavgat,2025,53.004999999999995,24,True
2025-01-13,manavgat,2025,22.22791666666667,24,True
2025-01-14,manavgat,2025,34.952083333333334,24,True
2025-01-15,manavgat,2025,35.4,24,True
2025-01-16,manavgat,2025,36.46125,24,True
2025-01-17,manavgat,2025,30.905416666666667,24,True
2025-01-18,manavgat,2025,47.73666666666667,24,True
2025-01-19,manavgat,2025,52.0825,24,True
2025-01-20,manavgat,2025,39.204166666666666,24,True
2025-01-21,manavgat,2025,32.40333333333333,24,True
2025-01-22,manavgat,2025,24.052916666666665,24,True
2025-01-23,manavgat,2025,34.27916666666667,24,True
2025-01-24,manavgat,2025,32.14791666666667,24,True
2025-01-25,manavgat,2025,30.60291666666667,24,True
2025-01-26,manavgat,2025,32.02375,24,True
2025-01-27,manavgat,2025,39.00833333333333,24,True
2025-01-28,manavgat,2025,30.739166666666666,24,True
2025-01-29,manavgat,2025,28.405833333333334,24,True
2025-01-30,manavgat,2025,30.84708333333333,24,True
2025-01-31,manavgat,2025,37.317083333333336,24,True
2025-02-01,manavgat,2025,43.29958333333334,24,True
2025-02-02,manavgat,2025,45.41583333333333,24,True
2025-02-03,manavgat,2025,42.02791666666666,24,True
2025-02-04,manavgat,2025,35.99375,24,True
2025-02-05,manavgat,2025,5.705416666666667,24,True
2025-02-06,manavgat,2025,4.586666666666667,24,True
2025-02-07,manavgat,2025,3.1620833333333334,24,True
2025-02-08,manavgat,2025,4.23125,24,True
2025-02-09,manavgat,2025,1.8883333333333334,24,True
2025-02-10,manavgat,2025,17.29478260869565,23,True
2025-02-11,manavgat,2025,16.837083333333332,24,True
2025-02-12,manavgat,2025,25.377499999999998,24,True
2025-02-13,manavgat,2025,14.157499999999999,24,True
2025-02-14,manavgat,2025,31.23375,24,True
2025-02-15,manavgat,2025,32.415,24,True
2025-02-16,manavgat,2025,38.630833333333335,24,True
2025-02-17,manavgat,2025,43.81625,24,True
2025-02-18,manavgat,2025,21.88291666666667,24,True
2025-02-19,manavgat,2025,15.42375,24,True
2025-02-20,manavgat,2025,4.980833333333334,24,True
2025-02-21,manavgat,2025,2.223333333333333,24,True
2025-02-22,manavgat,2025,3.2175,24,True
2025-02-23,manavgat,2025,12.171666666666667,24,True
2025-02-24,manavgat,2025,11.654166666666667,24,True
2025-02-25,manavgat,2025,31.84125,24,True
2025-02-26,manavgat,2025,39.5725,24,True
2025-02-27,manavgat,2025,34.443333333333335,24,True
2025-02-28,manavgat,2025,27.222916666666666,24,True
2025-03-01,manavgat,2025,22.419583333333335,24,True
2025-03-02,manavgat,2025,22.81833333333333,24,True
2025-03-03,manavgat,2025,23.44333333333333,24,True
2025-03-04,manavgat,2025,18.96125,24,True
2025-03-05,manavgat,2025,30.070833333333336,24,True
2025-03-06,manavgat,2025,36.0525,24,True
2025-03-07,manavgat,2025,16.70125,24,True
2025-03-08,manavgat,2025,27.790000000000003,24,True
2025-03-09,manavgat,2025,22.37375,24,True
2025-03-10,manavgat,2025,32.153333333333336,24,True
2025-03-11,manavgat,2025,28.035416666666666,24,True
2025-03-12,manavgat,2025,30.997083333333332,24,True
2025-03-13,manavgat,2025,33.955,24,True
2025-03-14,manavgat,2025,38.317083333333336,24,True
2025-03-15,manavgat,2025,37.177083333333336,24,True
2025-03-16,manavgat,2025,37.7625,24,True
2025-03-17,manavgat,2025,40.305238095238096,21,True
2025-03-18,manavgat,2025,,12,False
2025-03-19,manavgat,2025,35.125416666666666,24,True
2025-03-20,manavgat,2025,9.20125,24,True
2025-03-21,manavgat,2025,9.589166666666666,24,True
2025-03-22,manavgat,2025,11.232608695652175,23,True
2025-03-23,manavgat,2025,19.004166666666666,24,True
2025-03-24,manavgat,2025,26.167083333333334,24,True
2025-03-25,manavgat,2025,28.781666666666666,24,True
2025-03-26,manavgat,2025,33.928333333333335,24,True
2025-03-27,manavgat,2025,41.53375,24,True
2025-03-28,manavgat,2025,48.63333333333333,24,True
2025-03-29,manavgat,2025,34.099583333333335,24,True
2025-03-30,manavgat,2025,11.8175,24,True
2025-03-31,manavgat,2025,19.986666666666668,24,True
2025-04-01,manavgat,2025,36.41916666666666,24,True
2025-04-02,manavgat,2025,25.42625,24,True
2025-04-03,manavgat,2025,7.668333333333333,24,True
2025-04-04,manavgat,2025,14.660833333333334,24,True
2025-04-05,manavgat,2025,11.117916666666666,24,True
2025-04-06,manavgat,2025,9.8675,24,True
2025-04-07,manavgat,2025,13.360416666666666,24,True
2025-04-08,manavgat,2025,14.815416666666666,24,True
2025-04-09,manavgat,2025,22.684166666666666,24,True
2025-04-10,manavgat,2025,9.688333333333333,24,True
2025-04-11,manavgat,2025,16.90458333333333,24,True
2025-04-12,manavgat,2025,8.911666666666667,24,True
2025-04-13,manavgat,2025,12.870416666666666,24,True
2025-04-14,manavgat,2025,11.372,20,True
2025-04-15,manavgat,2025,15.144761904761905,21,True
2025-04-16,manavgat,2025,26.452083333333334,24,True
2025-04-17,manavgat,2025,23.883750000000003,24,True
2025-04-18,manavgat,2025,23.28333333333333,24,True
2025-04-19,manavgat,2025,22.902083333333334,24,True
2025-04-20,manavgat,2025,24.27625,24,True
2025-04-21,manavgat,2025,26.98875,24,True
2025-04-22,manavgat,2025,31.453333333333333,24,True
2025-04-23,manavgat,2025,32.88333333333333,24,True
2025-04-24,manavgat,2025,44.331250000000004,24,True
2025-04-25,manavgat,2025,31.804999999999996,24,True
2025-04-26,manavgat,2025,21.826666666666668,24,True
2025-04-27,manavgat,2025,15.15875,24,True
2025-04-28,manavgat,2025,24.67,24,True
2025-04-29,manavgat,2025,19.364583333333332,24,True
2025-04-30,manavgat,2025,22.540000000000003,24,True
2025-05-01,manavgat,2025,18.226666666666667,24,True
2025-05-02,manavgat,2025,14.8975,24,True
2025-05-03,manavgat,2025,14.813333333333333,24,True
2025-05-04,manavgat,2025,14.1,24,True
2025-05-05,manavgat,2025,18.100416666666664,24,True
2025-05-06,manavgat,2025,23.062083333333334,24,True
2025-05-07,manavgat,2025,26.33375,24,True
2025-05-08,manavgat,2025,31.84958333333333,24,True
2025-05-09,manavgat,2025,35.407916666666665,24,True
2025-05-10,manavgat,2025,39.93833333333333,24,True
2025-05-11,manavgat,2025,37.260416666666664,24,True
2025-05-12,manavgat,2025,41.14125,24,True
2025-05-13,manavgat,2025,43.2425,24,True
2025-05-14,manavgat,2025,28.957083333333333,24,True
2025-05-15,manavgat,2025,31.88625,24,True
2025-05-16,manavgat,2025,31.012083333333333,24,True
2025-05-17,manavgat,2025,26.275833333333335,24,True
2025-05-18,manavgat,2025,37.94416666666667,24,True
2025-05-19,manavgat,2025,33.96375,24,True
2025-05-20,manavgat,2025,30.86708333333333,24,True
2025-05-21,manavgat,2025,26.814166666666665,24,True
2025-05-22,manavgat,2025,30.492500000000003,24,True
2025-05-23,manavgat,2025,40.10791666666667,24,True
2025-05-24,manavgat,2025,44.69416666666667,24,True
2025-05-25,manavgat,2025,48.38125,24,True
2025-05-26,manavgat,2025,52.96,24,True
2025-05-27,manavgat,2025,55.29416666666666,24,True
2025-05-28,manavgat,2025,53.21416666666667,24,True
2025-05-29,manavgat,2025,33.6,24,True
2025-05-30,manavgat,2025,23.006666666666664,24,True
2025-05-31,manavgat,2025,15.5225,24,True
2025-06-01,manavgat,2025,12.237499999999999,24,True
2025-06-02,manavgat,2025,18.22375,24,True
2025-06-03,manavgat,2025,20.69666666666667,24,True
2025-06-04,manavgat,2025,20.633333333333333,24,True
2025-06-05,manavgat,2025,27.489583333333332,24,True
2025-06-06,manavgat,2025,25.249583333333334,24,True
2025-06-07,manavgat,2025,27.82166666666667,24,True
2025-06-08,manavgat,2025,24.489583333333332,24,True
2025-06-09,manavgat,2025,29.387916666666666,24,True
2025-06-10,manavgat,2025,27.77125,24,True
2025-06-11,manavgat,2025,36.107083333333335,24,True
2025-06-12,manavgat,2025,31.852500000000003,24,True
2025-06-13,manavgat,2025,,13,False
2025-06-14,manavgat,2025,,0,False
2025-06-15,manavgat,2025,,0,False
2025-06-16,manavgat,2025,,0,False
2025-06-17,manavgat,2025,,0,False
2025-06-18,manavgat,2025,,0,False
2025-06-19,manavgat,2025,,0,False
2025-06-20,manavgat,2025,,0,False
2025-06-21,manavgat,2025,,0,False
2025-06-22,manavgat,2025,,0,False
2025-06-23,manavgat,2025,,0,False
2025-06-24,manavgat,2025,,0,False
2025-06-25,manavgat,2025,,0,False
2025-06-26,manavgat,2025,,0,False
2025-06-27,manavgat,2025,,0,False
2025-06-28,manavgat,2025,,0,False
2025-06-29,manavgat,2025,,0,False
2025-06-30,manavgat,2025,,0,False
2025-07-01,manavgat,2025,,0,False
2025-07-02,manavgat,2025,,0,False
2025-07-03,manavgat,2025,,0,False
2025-07-04,manavgat,2025,,0,False
2025-07-05,manavgat,2025,,0,False
2025-07-06,manavgat,2025,,0,False
2025-07-07,manavgat,2025,,9,False
2025-07-08,manavgat,2025,39.4475,24,True
2025-07-09,manavgat,2025,38.94,24,True
2025-07-10,manavgat,2025,36.7075,24,True
2025-07-11,manavgat,2025,31.264166666666668,24,True
2025-07-12,manavgat,2025,25.27916666666667,24,True
2025-07-13,manavgat,2025,30.20875,24,True
2025-07-14,manavgat,2025,31.647499999999997,24,True
2025-07-15,manavgat,2025,37.33541666666667,24,True
2025-07-16,manavgat,2025,40.705,24,True
2025-07-17,manavgat,2025,40.06041666666667,24,True
2025-07-18,manavgat,2025,44.94708333333333,24,True
2025-07-19,manavgat,2025,36.51958333333334,24,True
2025-07-20,manavgat,2025,33.787083333333335,24,True
2025-07-21,manavgat,2025,44.143750000000004,24,True
2025-07-22,manavgat,2025,38.46625,24,True
2025-07-23,manavgat,2025,39.32625,24,True
2025-07-24,manavgat,2025,44.971666666666664,24,True
2025-07-25,manavgat,2025,40.145,24,True
2025-07-26,manavgat,2025,42.96125,24,True
2025-07-27,manavgat,2025,38.52833333333333,24,True
2025-07-28,manavgat,2025,40.78913043478261,23,True
2025-07-29,manavgat,2025,43.538333333333334,24,True
2025-07-30,manavgat,2025,48.625,24,True
2025-07-31,manavgat,2025,38.880833333333335,24,True
2025-08-01,manavgat,2025,34.61083333333333,24,True
2025-08-02,manavgat,2025,39.67375,24,True
2025-08-03,manavgat,2025,35.002500000000005,24,True
2025-08-04,manavgat,2025,29.4025,24,True
2025-08-05,manavgat,2025,30.558333333333334,24,True
2025-08-06,manavgat,2025,35.53541666666667,24,True
2025-08-07,manavgat,2025,44.02166666666667,24,True
2025-08-08,manavgat,2025,39.5,24,True
2025-08-09,manavgat,2025,43.67625,24,True
2025-08-10,manavgat,2025,30.074166666666667,24,True
2025-08-11,manavgat,2025,43.00416666666666,24,True
2025-08-12,manavgat,2025,32.496249999999996,24,True
2025-08-13,manavgat,2025,33.14458333333334,24,True
2025-08-14,manavgat,2025,33.77041666666667,24,True
2025-08-15,manavgat,2025,40.114583333333336,24,True
2025-08-16,manavgat,2025,52.98833333333334,24,True
2025-08-17,manavgat,2025,51.16,24,True
2025-08-18,manavgat,2025,39.309999999999995,24,True
2025-08-19,manavgat,2025,41.32958333333333,24,True
2025-08-20,manavgat,2025,38.00791666666667,24,True
2025-08-21,manavgat,2025,40.60875,24,True
2025-08-22,manavgat,2025,40.647083333333335,24,True
2025-08-23,manavgat,2025,39.110416666666666,24,True
2025-08-24,manavgat,2025,36.45791666666667,24,True
2025-08-25,manavgat,2025,45.72333333333333,24,True
2025-08-26,manavgat,2025,38.68833333333333,24,True
2025-08-27,manavgat,2025,36.660833333333336,24,True
2025-08-28,manavgat,2025,34.439166666666665,24,True
2025-08-29,manavgat,2025,33.78416666666667,24,True
2025-08-30,manavgat,2025,30.987916666666667,24,True
2025-08-31,manavgat,2025,32.089166666666664,24,True
2025-09-01,manavgat,2025,39.87833333333334,24,True
2025-09-02,manavgat,2025,36.11708333333333,24,True
2025-09-03,manavgat,2025,42.624583333333334,24,True
2025-09-04,manavgat,2025,38.124583333333334,24,True
2025-09-05,manavgat,2025,34.805416666666666,24,True
2025-09-06,manavgat,2025,36.79958333333334,24,True
2025-09-07,manavgat,2025,31.572083333333335,24,True
2025-09-08,manavgat,2025,32.968333333333334,24,True
2025-09-09,manavgat,2025,23.51125,24,True
2025-09-10,manavgat,2025,30.616666666666664,24,True
2025-09-11,manavgat,2025,31.729166666666668,24,True
2025-09-12,manavgat,2025,32.75625,24,True
2025-09-13,manavgat,2025,31.0575,24,True
2025-09-14,manavgat,2025,29.493333333333336,24,True
2025-09-15,manavgat,2025,32.51833333333333,24,True
2025-09-16,manavgat,2025,34.74208333333333,24,True
2025-09-17,manavgat,2025,39.225833333333334,24,True
2025-09-18,manavgat,2025,37.45583333333334,24,True
2025-09-19,manavgat,2025,58.26499999999999,24,True
2025-09-20,manavgat,2025,22.940416666666664,24,True
2025-09-21,manavgat,2025,21.651666666666667,24,True
2025-09-22,manavgat,2025,34.41291666666667,24,True
2025-09-23,manavgat,2025,27.770833333333332,24,True
2025-09-24,manavgat,2025,42.76083333333333,24,True
2025-09-25,manavgat,2025,42.36708333333333,24,True
2025-09-26,manavgat,2025,60.8325,24,True
2025-09-27,manavgat,2025,36.95083333333333,24,True
2025-09-28,manavgat,2025,33.5925,24,True
2025-09-29,manavgat,2025,39.49708333333333,24,True
2025-09-30,manavgat,2025,25.4425,24,True
2025-10-01,manavgat,2025,22.3475,24,True
2025-10-02,manavgat,2025,29.099999999999998,24,True
2025-10-03,manavgat,2025,25.252499999999998,24,True
2025-10-04,manavgat,2025,26.7225,24,True
2025-10-05,manavgat,2025,23.804166666666664,24,True
2025-10-06,manavgat,2025,26.714166666666667,24,True
2025-10-07,manavgat,2025,15.967083333333333,24,True
2025-10-08,manavgat,2025,19.84318181818182,22,True
2025-10-09,manavgat,2025,19.382083333333334,24,True
2025-10-10,manavgat,2025,29.359583333333333,24,True
2025-10-11,manavgat,2025,29.385416666666668,24,True
2025-10-12,manavgat,2025,19.792916666666667,24,True
2025-10-13,manavgat,2025,17.920833333333334,24,True
2025-10-14,manavgat,2025,28.465416666666666,24,True
2025-10-15,manavgat,2025,31.819999999999997,24,True
2025-10-16,manavgat,2025,33.55166666666667,24,True
2025-10-17,manavgat,2025,42.605,24,True
2025-10-18,manavgat,2025,39.157916666666665,24,True
2025-10-19,manavgat,2025,40.30619047619047,21,True
2025-10-20,manavgat,2025,51.12166666666667,24,True
2025-10-21,manavgat,2025,40.31333333333333,24,True
2025-10-22,manavgat,2025,27.580833333333334,24,True
2025-10-23,manavgat,2025,32.239583333333336,24,True
2025-10-24,manavgat,2025,37.61875,24,True
2025-10-25,manavgat,2025,28.76625,24,True
2025-10-26,manavgat,2025,30.34875,24,True
2025-10-27,manavgat,2025,31.82625,24,True
2025-10-28,manavgat,2025,25.866249999999997,24,True
2025-10-29,manavgat,2025,19.29625,24,True
2025-10-30,manavgat,2025,29.761666666666667,24,True
2025-10-31,manavgat,2025,26.05875,24,True
2025-11-01,manavgat,2025,27.503333333333334,24,True
2025-11-02,manavgat,2025,31.680833333333336,24,True
2025-11-03,manavgat,2025,44.72625,24,True
2025-11-04,manavgat,2025,44.19875,24,True
2025-11-05,manavgat,2025,42.87291666666667,24,True
2025-11-06,manavgat,2025,48.75333333333333,24,True
2025-11-07,manavgat,2025,33.26541666666667,24,True
2025-11-08,manavgat,2025,24.43375,24,True
2025-11-09,manavgat,2025,22.795,24,True
2025-11-10,manavgat,2025,34.105,24,True
2025-11-11,manavgat,2025,49.79458333333333,24,True
2025-11-12,manavgat,2025,32.60666666666666,24,True
2025-11-13,manavgat,2025,24.808333333333334,24,True
2025-11-14,manavgat,2025,21.675,24,True
2025-11-15,manavgat,2025,12.67125,24,True
2025-11-16,manavgat,2025,25.135,24,True
2025-11-17,manavgat,2025,25.909999999999997,23,True
2025-11-18,manavgat,2025,23.639166666666668,24,True
2025-11-19,manavgat,2025,31.808333333333334,24,True
2025-11-20,manavgat,2025,40.13375,24,True
2025-11-21,manavgat,2025,54.865833333333335,24,True
2025-11-22,manavgat,2025,58.62916666666666,24,True
2025-11-23,manavgat,2025,54.21791666666667,24,True
2025-11-24,manavgat,2025,44.951249999999995,24,True
2025-11-25,manavgat,2025,34.132083333333334,24,True
2025-11-26,manavgat,2025,33.668749999999996,24,True
2025-11-27,manavgat,2025,25.875,24,True
2025-11-28,manavgat,2025,40.455416666666665,24,True
2025-11-29,manavgat,2025,46.85916666666666,24,True
2025-11-30,manavgat,2025,25.090416666666666,24,True
2025-12-01,manavgat,2025,22.521666666666665,24,True
2025-12-02,manavgat,2025,38.281666666666666,24,True
2025-12-03,manavgat,2025,40.39208333333333,24,True
2025-12-04,manavgat,2025,40.13166666666667,24,True
2025-12-05,manavgat,2025,37.56375,24,True
2025-12-06,manavgat,2025,15.622916666666667,24,True
2025-12-07,manavgat,2025,12.754583333333334,24,True
2025-12-08,manavgat,2025,33.469166666666666,24,True
2025-12-09,manavgat,2025,23.219166666666666,24,True
2025-12-10,manavgat,2025,26.258333333333336,24,True
2025-12-11,manavgat,2025,31.877916666666668,24,True
2025-12-12,manavgat,2025,35.02791666666666,24,True
2025-12-13,manavgat,2025,45.49791666666667,24,True
2025-12-14,manavgat,2025,47.63041666666667,24,True
2025-12-15,manavgat,2025,30.258750000000003,24,True
2025-12-16,manavgat,2025,14.904166666666667,24,True
2025-12-17,manavgat,2025,20.825833333333332,24,True
2025-12-18,manavgat,2025,49.655,24,True
2025-12-19,manavgat,2025,48.81333333333333,24,True
2025-12-20,manavgat,2025,59.45666666666667,24,True
2025-12-21,manavgat,2025,30.59,24,True
2025-12-22,manavgat,2025,50.14625,24,True
2025-12-23,manavgat,2025,23.767500000000002,24,True
2025-12-24,manavgat,2025,50.774166666666666,24,True
2025-12-25,manavgat,2025,45.9025,24,True
2025-12-26,manavgat,2025,49.34458333333333,24,True
2025-12-27,manavgat,2025,29.294583333333332,24,True
2025-12-28,manavgat,2025,18.1175,24,True
2025-12-29,manavgat,2025,28.602083333333336,24,True
2025-12-30,manavgat,2025,41.68625,24,True
2025-12-31,manavgat,2025,30.84708333333333,24,True
2024-01-01,muratpasa,2024,60.14958333333333,24,True
2024-01-02,muratpasa,2024,24.363333333333333,24,True
2024-01-03,muratpasa,2024,45.27708333333334,24,True
2024-01-04,muratpasa,2024,41.873333333333335,24,True
2024-01-05,muratpasa,2024,33.63291666666667,24,True
2024-01-06,muratpasa,2024,28.577916666666667,24,True
2024-01-07,muratpasa,2024,14.35,24,True
2024-01-08,muratpasa,2024,48.80083333333334,24,True
2024-01-09,muratpasa,2024,47.23875,24,True
2024-01-10,muratpasa,2024,28.45,24,True
2024-01-11,muratpasa,2024,33.295833333333334,24,True
2024-01-12,muratpasa,2024,42.30375,24,True
2024-01-13,muratpasa,2024,18.8075,24,True
2024-01-14,muratpasa,2024,22.331666666666667,24,True
2024-01-15,muratpasa,2024,42.3975,24,True
2024-01-16,muratpasa,2024,27.952916666666667,24,True
2024-01-17,muratpasa,2024,28.90125,24,True
2024-01-18,muratpasa,2024,48.50208333333333,24,True
2024-01-19,muratpasa,2024,19.300416666666667,24,True
2024-01-20,muratpasa,2024,35.653333333333336,24,True
2024-01-21,muratpasa,2024,32.77708333333333,24,True
2024-01-22,muratpasa,2024,14.344583333333333,24,True
2024-01-23,muratpasa,2024,23.012916666666666,24,True
2024-01-24,muratpasa,2024,27.55333333333333,24,True
2024-01-25,muratpasa,2024,45.88652173913043,23,True
2024-01-26,muratpasa,2024,26.25375,24,True
2024-01-27,muratpasa,2024,15.203333333333333,24,True
2024-01-28,muratpasa,2024,11.231666666666667,24,True
2024-01-29,muratpasa,2024,8.10875,24,True
2024-01-30,muratpasa,2024,10.584166666666667,24,True
2024-01-31,muratpasa,2024,21.56833333333333,24,True
2024-02-01,muratpasa,2024,19.59625,24,True
2024-02-02,muratpasa,2024,38.507083333333334,24,True
2024-02-03,muratpasa,2024,35.9125,24,True
2024-02-04,muratpasa,2024,33.744166666666665,24,True
2024-02-05,muratpasa,2024,25.985833333333332,24,True
2024-02-06,muratpasa,2024,51.498333333333335,24,True
2024-02-07,muratpasa,2024,61.696666666666665,24,True
2024-02-08,muratpasa,2024,20.989166666666666,24,True
2024-02-09,muratpasa,2024,15.166666666666666,24,True
2024-02-10,muratpasa,2024,42.380833333333335,24,True
2024-02-11,muratpasa,2024,45.665,24,True
2024-02-12,muratpasa,2024,49.559583333333336,24,True
2024-02-13,muratpasa,2024,27.049583333333334,24,True
2024-02-14,muratpasa,2024,20.51458333333333,24,True
2024-02-15,muratpasa,2024,22.15625,24,True
2024-02-16,muratpasa,2024,32.990833333333335,24,True
2024-02-17,muratpasa,2024,26.98,24,True
2024-02-18,muratpasa,2024,23.17958333333333,24,True
2024-02-19,muratpasa,2024,19.521666666666665,24,True
2024-02-20,muratpasa,2024,31.075833333333332,24,True
2024-02-21,muratpasa,2024,34.81666666666667,24,True
2024-02-22,muratpasa,2024,40.834583333333335,24,True
2024-02-23,muratpasa,2024,49.637499999999996,24,True
2024-02-24,muratpasa,2024,52.846666666666664,24,True
2024-02-25,muratpasa,2024,48.42916666666667,24,True
2024-02-26,muratpasa,2024,31.391666666666666,24,True
2024-02-27,muratpasa,2024,21.15458333333333,24,True
2024-02-28,muratpasa,2024,45.306666666666665,24,True
2024-02-29,muratpasa,2024,58.36041666666667,24,True
2024-03-01,muratpasa,2024,53.57416666666666,24,True
2024-03-02,muratpasa,2024,39.430416666666666,24,True
2024-03-03,muratpasa,2024,12.175416666666665,24,True
2024-03-04,muratpasa,2024,15.349166666666667,24,True
2024-03-05,muratpasa,2024,29.092083333333335,24,True
2024-03-06,muratpasa,2024,18.227083333333333,24,True
2024-03-07,muratpasa,2024,22.471249999999998,24,True
2024-03-08,muratpasa,2024,18.32263157894737,19,True
2024-03-09,muratpasa,2024,13.168750000000001,24,True
2024-03-10,muratpasa,2024,13.613750000000001,24,True
2024-03-11,muratpasa,2024,38.26916666666667,24,True
2024-03-12,muratpasa,2024,35.99166666666667,24,True
2024-03-13,muratpasa,2024,37.409166666666664,24,True
2024-03-14,muratpasa,2024,25.8025,24,True
2024-03-15,muratpasa,2024,15.688333333333333,24,True
2024-03-16,muratpasa,2024,27.587083333333336,24,True
2024-03-17,muratpasa,2024,32.947916666666664,24,True
2024-03-18,muratpasa,2024,34.11166666666667,24,True
2024-03-19,muratpasa,2024,22.5,24,True
2024-03-20,muratpasa,2024,28.17,24,True
2024-03-21,muratpasa,2024,15.520833333333334,24,True
2024-03-22,muratpasa,2024,22.282916666666665,24,True
2024-03-23,muratpasa,2024,23.147391304347824,23,True
2024-03-24,muratpasa,2024,31.035833333333333,24,True
2024-03-25,muratpasa,2024,26.789583333333336,24,True
2024-03-26,muratpasa,2024,19.17833333333333,24,True
2024-03-27,muratpasa,2024,38.005833333333335,24,True
2024-03-28,muratpasa,2024,37.6275,24,True
2024-03-29,muratpasa,2024,42.50625,24,True
2024-03-30,muratpasa,2024,61.65,24,True
2024-03-31,muratpasa,2024,49.0825,24,True
2024-04-01,muratpasa,2024,47.932500000000005,24,True
2024-04-02,muratpasa,2024,50.38833333333333,24,True
2024-04-03,muratpasa,2024,53.98083333333333,24,True
2024-04-04,muratpasa,2024,50.76125,24,True
2024-04-05,muratpasa,2024,50.84916666666666,24,True
2024-04-06,muratpasa,2024,23.65125,24,True
2024-04-07,muratpasa,2024,16.078333333333333,24,True
2024-04-08,muratpasa,2024,12.295,24,True
2024-04-09,muratpasa,2024,17.294583333333332,24,True
2024-04-10,muratpasa,2024,23.158749999999998,24,True
2024-04-11,muratpasa,2024,23.721666666666668,24,True
2024-04-12,muratpasa,2024,26.247083333333332,24,True
2024-04-13,muratpasa,2024,26.055833333333336,24,True
2024-04-14,muratpasa,2024,23.686666666666667,24,True
2024-04-15,muratpasa,2024,16.560416666666665,24,True
2024-04-16,muratpasa,2024,28.466250000000002,24,True
2024-04-17,muratpasa,2024,26.476249999999997,24,True
2024-04-18,muratpasa,2024,95.90916666666665,24,True
2024-04-19,muratpasa,2024,34.56791666666667,24,True
2024-04-20,muratpasa,2024,23.182916666666667,24,True
2024-04-21,muratpasa,2024,16.07166666666667,24,True
2024-04-22,muratpasa,2024,16.765,24,True
2024-04-23,muratpasa,2024,33.53958333333333,24,True
2024-04-24,muratpasa,2024,49.715,24,True
2024-04-25,muratpasa,2024,72.83166666666666,24,True
2024-04-26,muratpasa,2024,67.54916666666666,24,True
2024-04-27,muratpasa,2024,47.98541666666667,24,True
2024-04-28,muratpasa,2024,38.48625,24,True
2024-04-29,muratpasa,2024,37.28333333333333,24,True
2024-04-30,muratpasa,2024,38.545833333333334,24,True
2024-05-01,muratpasa,2024,42.14125,24,True
2024-05-02,muratpasa,2024,34.615833333333335,24,True
2024-05-03,muratpasa,2024,20.366666666666667,24,True
2024-05-04,muratpasa,2024,22.02541666666667,24,True
2024-05-05,muratpasa,2024,8.727916666666667,24,True
2024-05-06,muratpasa,2024,13.925833333333335,24,True
2024-05-07,muratpasa,2024,21.77125,24,True
2024-05-08,muratpasa,2024,25.875,24,True
2024-05-09,muratpasa,2024,32.16125,24,True
2024-05-10,muratpasa,2024,32.742916666666666,24,True
2024-05-11,muratpasa,2024,30.27,24,True
2024-05-12,muratpasa,2024,26.55875,24,True
2024-05-13,muratpasa,2024,13.859583333333333,24,True
2024-05-14,muratpasa,2024,15.906666666666666,24,True
2024-05-15,muratpasa,2024,22.23,24,True
2024-05-16,muratpasa,2024,24.650000000000002,24,True
2024-05-17,muratpasa,2024,24.942083333333333,24,True
2024-05-18,muratpasa,2024,24.4425,24,True
2024-05-19,muratpasa,2024,29.06125,24,True
2024-05-20,muratpasa,2024,35.38916666666667,24,True
2024-05-21,muratpasa,2024,45.66708333333333,24,True
2024-05-22,muratpasa,2024,59.99791666666667,24,True
2024-05-23,muratpasa,2024,61.52333333333333,24,True
2024-05-24,muratpasa,2024,19.617916666666666,24,True
2024-05-25,muratpasa,2024,20.22125,24,True
2024-05-26,muratpasa,2024,27.56833333333333,24,True
2024-05-27,muratpasa,2024,21.92,24,True
2024-05-28,muratpasa,2024,32.67208333333333,24,True
2024-05-29,muratpasa,2024,40.087916666666665,24,True
2024-05-30,muratpasa,2024,28.837083333333336,24,True
2024-05-31,muratpasa,2024,28.765,24,True
2024-06-01,muratpasa,2024,30.787499999999998,24,True
2024-06-02,muratpasa,2024,34.248333333333335,24,True
2024-06-03,muratpasa,2024,34.82458333333333,24,True
2024-06-04,muratpasa,2024,39.32666666666667,24,True
2024-06-05,muratpasa,2024,53.8225,24,True
2024-06-06,muratpasa,2024,47.918749999999996,24,True
2024-06-07,muratpasa,2024,46.70083333333333,24,True
2024-06-08,muratpasa,2024,36.09458333333333,24,True
2024-06-09,muratpasa,2024,18.892083333333336,24,True
2024-06-10,muratpasa,2024,35.99708333333333,24,True
2024-06-11,muratpasa,2024,38.552083333333336,24,True
2024-06-12,muratpasa,2024,38.349583333333335,24,True
2024-06-13,muratpasa,2024,49.52666666666667,24,True
2024-06-14,muratpasa,2024,53.06625,24,True
2024-06-15,muratpasa,2024,52.7225,24,True
2024-06-16,muratpasa,2024,43.69916666666666,24,True
2024-06-17,muratpasa,2024,39.41625,24,True
2024-06-18,muratpasa,2024,34.2825,24,True
2024-06-19,muratpasa,2024,34.49041666666667,24,True
2024-06-20,muratpasa,2024,32.72291666666667,24,True
2024-06-21,muratpasa,2024,30.770833333333332,24,True
2024-06-22,muratpasa,2024,29.945000000000004,24,True
2024-06-23,muratpasa,2024,31.369583333333335,24,True
2024-06-24,muratpasa,2024,42.677083333333336,24,True
2024-06-25,muratpasa,2024,52.809583333333336,24,True
2024-06-26,muratpasa,2024,37.885,24,True
2024-06-27,muratpasa,2024,43.30625,24,True
2024-06-28,muratpasa,2024,39.52333333333333,24,True
2024-06-29,muratpasa,2024,35.42416666666667,24,True
2024-06-30,muratpasa,2024,23.890416666666667,24,True
2024-07-01,muratpasa,2024,25.77208333333333,24,True
2024-07-02,muratpasa,2024,34.70458333333333,24,True
2024-07-03,muratpasa,2024,35.80833333333333,24,True
2024-07-04,muratpasa,2024,29.767916666666665,24,True
2024-07-05,muratpasa,2024,30.723333333333333,24,True
2024-07-06,muratpasa,2024,23.524583333333336,24,True
2024-07-07,muratpasa,2024,26.787499999999998,24,True
2024-07-08,muratpasa,2024,33.06227272727273,22,True
2024-07-09,muratpasa,2024,42.62166666666666,24,True
2024-07-10,muratpasa,2024,43.19583333333333,24,True
2024-07-11,muratpasa,2024,27.83666666666667,24,True
2024-07-12,muratpasa,2024,40.13583333333333,24,True
2024-07-13,muratpasa,2024,38.73166666666666,24,True
2024-07-14,muratpasa,2024,34.93666666666667,24,True
2024-07-15,muratpasa,2024,29.42625,24,True
2024-07-16,muratpasa,2024,38.79,24,True
2024-07-17,muratpasa,2024,28.762083333333333,24,True
2024-07-18,muratpasa,2024,40.935833333333335,24,True
2024-07-19,muratpasa,2024,41.79875,24,True
2024-07-20,muratpasa,2024,38.82958333333333,24,True
2024-07-21,muratpasa,2024,44.535,24,True
2024-07-22,muratpasa,2024,35.99619047619048,21,True
2024-07-23,muratpasa,2024,,7,False
2024-07-24,muratpasa,2024,47.57416666666666,24,True
2024-07-25,muratpasa,2024,54.11416666666667,24,True
2024-07-26,muratpasa,2024,36.82791666666667,24,True
2024-07-27,muratpasa,2024,19.00565217391304,23,True
2024-07-28,muratpasa,2024,17.659583333333334,24,True
2024-07-29,muratpasa,2024,34.88916666666667,24,True
2024-07-30,muratpasa,2024,41.025416666666665,24,True
2024-07-31,muratpasa,2024,31.48,24,True
2024-08-01,muratpasa,2024,37.18458333333333,24,True
2024-08-02,muratpasa,2024,41.77375,24,True
2024-08-03,muratpasa,2024,53.99826086956522,23,True
2024-08-04,muratpasa,2024,47.98136363636363,22,True
2024-08-05,muratpasa,2024,35.65208333333333,24,True
2024-08-06,muratpasa,2024,38.80375,24,True
2024-08-07,muratpasa,2024,36.04217391304348,23,True
2024-08-08,muratpasa,2024,41.56375,24,True
2024-08-09,muratpasa,2024,44.581250000000004,24,True
2024-08-10,muratpasa,2024,43.888749999999995,24,True
2024-08-11,muratpasa,2024,38.77333333333333,24,True
2024-08-12,muratpasa,2024,31.292916666666667,24,True
2024-08-13,muratpasa,2024,46.70416666666667,24,True
2024-08-14,muratpasa,2024,41.172916666666666,24,True
2024-08-15,muratpasa,2024,41.70291666666667,24,True
2024-08-16,muratpasa,2024,40.84739130434782,23,True
2024-08-17,muratpasa,2024,28.904583333333335,24,True
2024-08-18,muratpasa,2024,42.16791666666666,24,True
2024-08-19,muratpasa,2024,37.462916666666665,24,True
2024-08-20,muratpasa,2024,34.630434782608695,23,True
2024-08-21,muratpasa,2024,46.90375,24,True
2024-08-22,muratpasa,2024,44.826249999999995,24,True
2024-08-23,muratpasa,2024,44.845,24,True
2024-08-24,muratpasa,2024,37.44652173913043,23,True
2024-08-25,muratpasa,2024,36.00875,24,True
2024-08-26,muratpasa,2024,34.268750000000004,24,True
2024-08-27,muratpasa,2024,41.191250000000004,24,True
2024-08-28,muratpasa,2024,38.95583333333333,24,True
2024-08-29,muratpasa,2024,48.505833333333335,24,True
2024-08-30,muratpasa,2024,39.055416666666666,24,True
2024-08-31,muratpasa,2024,41.430416666666666,24,True
2024-09-01,muratpasa,2024,29.098333333333333,24,True
2024-09-02,muratpasa,2024,27.39916666666667,24,True
2024-09-03,muratpasa,2024,40.18,24,True
2024-09-04,muratpasa,2024,42.6975,24,True
2024-09-05,muratpasa,2024,36.788333333333334,24,True
2024-09-06,muratpasa,2024,37.4775,24,True
2024-09-07,muratpasa,2024,41.59809523809523,21,True
2024-09-08,muratpasa,2024,42.79416666666666,24,True
2024-09-09,muratpasa,2024,49.35958333333334,24,True
2024-09-10,muratpasa,2024,49.80583333333333,24,True
2024-09-11,muratpasa,2024,30.785833333333333,24,True
2024-09-12,muratpasa,2024,43.59708333333333,24,True
2024-09-13,muratpasa,2024,48.96,24,True
2024-09-14,muratpasa,2024,37.10041666666667,24,True
2024-09-15,muratpasa,2024,41.724583333333335,24,True
2024-09-16,muratpasa,2024,33.08041666666667,24,True
2024-09-17,muratpasa,2024,31.97608695652174,23,True
2024-09-18,muratpasa,2024,46.61000000000001,24,True
2024-09-19,muratpasa,2024,44.19086956521739,23,True
2024-09-20,muratpasa,2024,53.62166666666667,24,True
2024-09-21,muratpasa,2024,41.16958333333333,24,True
2024-09-22,muratpasa,2024,27.516666666666666,24,True
2024-09-23,muratpasa,2024,32.846250000000005,24,True
2024-09-24,muratpasa,2024,47.788333333333334,24,True
2024-09-25,muratpasa,2024,41.44083333333334,24,True
2024-09-26,muratpasa,2024,45.06916666666667,24,True
2024-09-27,muratpasa,2024,47.73500000000001,24,True
2024-09-28,muratpasa,2024,47.86958333333333,24,True
2024-09-29,muratpasa,2024,49.668749999999996,24,True
2024-09-30,muratpasa,2024,46.67041666666666,24,True
2024-10-01,muratpasa,2024,21.47791666666667,24,True
2024-10-02,muratpasa,2024,27.353333333333335,24,True
2024-10-03,muratpasa,2024,45.81636363636364,22,True
2024-10-04,muratpasa,2024,44.94875,24,True
2024-10-05,muratpasa,2024,53.87625,24,True
2024-10-06,muratpasa,2024,43.731249999999996,24,True
2024-10-07,muratpasa,2024,51.20416666666667,24,True
2024-10-08,muratpasa,2024,48.64565217391304,23,True
2024-10-09,muratpasa,2024,54.55125,24,True
2024-10-10,muratpasa,2024,48.69416666666667,24,True
2024-10-11,muratpasa,2024,49.946666666666665,24,True
2024-10-12,muratpasa,2024,58.5675,24,True
2024-10-13,muratpasa,2024,48.72,24,True
2024-10-14,muratpasa,2024,60.46434782608696,23,True
2024-10-15,muratpasa,2024,66.87,24,True
2024-10-16,muratpasa,2024,65.15291666666667,24,True
2024-10-17,muratpasa,2024,59.072916666666664,24,True
2024-10-18,muratpasa,2024,31.454166666666666,24,True
2024-10-19,muratpasa,2024,23.447916666666668,24,True
2024-10-20,muratpasa,2024,42.120416666666664,24,True
2024-10-21,muratpasa,2024,26.047083333333333,24,True
2024-10-22,muratpasa,2024,26.845416666666665,24,True
2024-10-23,muratpasa,2024,36.62954545454546,22,True
2024-10-24,muratpasa,2024,51.87125,24,True
2024-10-25,muratpasa,2024,41.97708333333333,24,True
2024-10-26,muratpasa,2024,43.25208333333333,24,True
2024-10-27,muratpasa,2024,61.94833333333333,24,True
2024-10-28,muratpasa,2024,64.55166666666666,24,True
2024-10-29,muratpasa,2024,61.18695652173913,23,True
2024-10-30,muratpasa,2024,49.763749999999995,24,True
2024-10-31,muratpasa,2024,49.58625,24,True
2024-11-01,muratpasa,2024,49.28708333333333,24,True
2024-11-02,muratpasa,2024,65.24291666666666,24,True
2024-11-03,muratpasa,2024,62.556666666666665,24,True
2024-11-04,muratpasa,2024,53.77333333333333,24,True
2024-11-05,muratpasa,2024,61.365833333333335,24,True
2024-11-06,muratpasa,2024,61.02333333333333,24,True
2024-11-07,muratpasa,2024,62.29125,24,True
2024-11-08,muratpasa,2024,60.958333333333336,24,True
2024-11-09,muratpasa,2024,65.29434782608696,23,True
2024-11-10,muratpasa,2024,51.9275,24,True
2024-11-11,muratpasa,2024,30.907826086956522,23,True
2024-11-12,muratpasa,2024,43.45708333333334,24,True
2024-11-13,muratpasa,2024,58.52125,24,True
2024-11-14,muratpasa,2024,46.318260869565215,23,True
2024-11-15,muratpasa,2024,62.30083333333334,24,True
2024-11-16,muratpasa,2024,44.80565217391304,23,True
2024-11-17,muratpasa,2024,18.144166666666667,24,True
2024-11-18,muratpasa,2024,36.168260869565216,23,True
2024-11-19,muratpasa,2024,59.29583333333333,24,True
2024-11-20,muratpasa,2024,43.790416666666665,24,True
2024-11-21,muratpasa,2024,36.754347826086956,23,True
2024-11-22,muratpasa,2024,24.535833333333333,24,True
2024-11-23,muratpasa,2024,48.78916666666667,24,True
2024-11-24,muratpasa,2024,12.390833333333333,24,True
2024-11-25,muratpasa,2024,8.300833333333333,24,True
2024-11-26,muratpasa,2024,20.085833333333333,24,True
2024-11-27,muratpasa,2024,47.26499999999999,24,True
2024-11-28,muratpasa,2024,55.13666666666666,24,True
2024-11-29,muratpasa,2024,56.379583333333336,24,True
2024-11-30,muratpasa,2024,79.56583333333333,24,True
2024-12-01,muratpasa,2024,88.22000000000001,24,True
2024-12-02,muratpasa,2024,71.09583333333333,24,True
2024-12-03,muratpasa,2024,26.31833333333333,24,True
2024-12-04,muratpasa,2024,36.810833333333335,24,True
2024-12-05,muratpasa,2024,49.68875,24,True
2024-12-06,muratpasa,2024,52.70666666666667,24,True
2024-12-07,muratpasa,2024,87.13958333333333,24,True
2024-12-08,muratpasa,2024,35.29083333333333,24,True
2024-12-09,muratpasa,2024,30.090833333333332,24,True
2024-12-10,muratpasa,2024,46.356249999999996,24,True
2024-12-11,muratpasa,2024,89.84666666666668,24,True
2024-12-12,muratpasa,2024,50.275,24,True
2024-12-13,muratpasa,2024,21.6975,24,True
2024-12-14,muratpasa,2024,35.37791666666667,24,True
2024-12-15,muratpasa,2024,70.66875,24,True
2024-12-16,muratpasa,2024,47.21347826086957,23,True
2024-12-17,muratpasa,2024,34.94875,24,True
2024-12-18,muratpasa,2024,72.83041666666666,24,True
2024-12-19,muratpasa,2024,117.59565217391304,23,True
2024-12-20,muratpasa,2024,80.5425,24,True
2024-12-21,muratpasa,2024,65.59541666666667,24,True
2024-12-22,muratpasa,2024,32.46458333333333,24,True
2024-12-23,muratpasa,2024,36.33086956521739,23,True
2024-12-24,muratpasa,2024,31.491666666666664,24,True
2024-12-25,muratpasa,2024,27.255416666666665,24,True
2024-12-26,muratpasa,2024,17.993750000000002,24,True
2024-12-27,muratpasa,2024,21.862916666666667,24,True
2024-12-28,muratpasa,2024,40.80708333333333,24,True
2024-12-29,muratpasa,2024,18.886666666666667,24,True
2024-12-30,muratpasa,2024,25.482916666666668,24,True
2024-12-31,muratpasa,2024,20.100416666666664,24,True
2025-01-01,muratpasa,2025,43.95374999999999,24,True
2025-01-02,muratpasa,2025,79.77875,24,True
2025-01-03,muratpasa,2025,72.06791666666668,24,True
2025-01-04,muratpasa,2025,59.779583333333335,24,True
2025-01-05,muratpasa,2025,29.265416666666667,24,True
2025-01-06,muratpasa,2025,22.504347826086956,23,True
2025-01-07,muratpasa,2025,62.58347826086957,23,True
2025-01-08,muratpasa,2025,69.55125,24,True
2025-01-09,muratpasa,2025,83.64791666666666,24,True
2025-01-10,muratpasa,2025,88.47565217391305,23,True
2025-01-11,muratpasa,2025,85.80391304347826,23,True
2025-01-12,muratpasa,2025,53.07083333333333,24,True
2025-01-13,muratpasa,2025,31.160434782608696,23,True
2025-01-14,muratpasa,2025,40.58208333333334,24,True
2025-01-15,muratpasa,2025,56.17291666666667,24,True
2025-01-16,muratpasa,2025,51.60708333333333,24,True
2025-01-17,muratpasa,2025,20.786956521739132,23,True
2025-01-18,muratpasa,2025,27.714166666666667,24,True
2025-01-19,muratpasa,2025,28.34875,24,True
2025-01-20,muratpasa,2025,52.13625,24,True
2025-01-21,muratpasa,2025,48.64217391304348,23,True
2025-01-22,muratpasa,2025,20.32625,24,True
2025-01-23,muratpasa,2025,22.175833333333333,24,True
2025-01-24,muratpasa,2025,56.73208333333333,24,True
2025-01-25,muratpasa,2025,38.36541666666667,24,True
2025-01-26,muratpasa,2025,19.972083333333334,24,True
2025-01-27,muratpasa,2025,57.45791666666667,24,True
2025-01-28,muratpasa,2025,62.87083333333334,24,True
2025-01-29,muratpasa,2025,63.99916666666667,24,True
2025-01-30,muratpasa,2025,60.6875,24,True
2025-01-31,muratpasa,2025,49.48374999999999,24,True
2025-02-01,muratpasa,2025,55.915416666666665,24,True
2025-02-02,muratpasa,2025,69.98583333333333,24,True
2025-02-03,muratpasa,2025,72.93375,24,True
2025-02-04,muratpasa,2025,71.63375,24,True
2025-02-05,muratpasa,2025,17.730869565217393,23,True
2025-02-06,muratpasa,2025,11.20875,24,True
2025-02-07,muratpasa,2025,10.2675,24,True
2025-02-08,muratpasa,2025,13.020833333333334,24,True
2025-02-09,muratpasa,2025,22.896666666666665,24,True
2025-02-10,muratpasa,2025,21.44666666666667,24,True
2025-02-11,muratpasa,2025,19.03375,24,True
2025-02-12,muratpasa,2025,27.56625,24,True
2025-02-13,muratpasa,2025,19.951249999999998,24,True
2025-02-14,muratpasa,2025,30.271666666666665,24,True
2025-02-15,muratpasa,2025,59.03333333333333,24,True
2025-02-16,muratpasa,2025,52.84173913043479,23,True
2025-02-17,muratpasa,2025,45.39833333333333,24,True
2025-02-18,muratpasa,2025,22.90041666666667,24,True
2025-02-19,muratpasa,2025,25.594166666666666,24,True
2025-02-20,muratpasa,2025,10.062608695652173,23,True
2025-02-21,muratpasa,2025,12.801666666666668,24,True
2025-02-22,muratpasa,2025,10.142916666666666,24,True
2025-02-23,muratpasa,2025,10.159583333333334,24,True
2025-02-24,muratpasa,2025,10.949166666666668,24,True
2025-02-25,muratpasa,2025,45.06166666666667,24,True
2025-02-26,muratpasa,2025,76.15333333333334,24,True
2025-02-27,muratpasa,2025,54.123913043478254,23,True
2025-02-28,muratpasa,2025,28.994583333333335,24,True
2025-03-01,muratpasa,2025,45.5995652173913,23,True
2025-03-02,muratpasa,2025,39.590833333333336,24,True
2025-03-03,muratpasa,2025,23.486666666666668,24,True
2025-03-04,muratpasa,2025,14.578333333333333,24,True
2025-03-05,muratpasa,2025,43.57833333333334,24,True
2025-03-06,muratpasa,2025,59.17666666666667,24,True
2025-03-07,muratpasa,2025,26.583478260869562,23,True
2025-03-08,muratpasa,2025,50.745909090909095,22,True
2025-03-09,muratpasa,2025,43.833636363636366,22,True
2025-03-10,muratpasa,2025,54.70333333333333,21,True
2025-03-11,muratpasa,2025,32.761428571428574,21,True
2025-03-12,muratpasa,2025,58.79541666666666,24,True
2025-03-13,muratpasa,2025,68.86,24,True
2025-03-14,muratpasa,2025,74.36043478260869,23,True
2025-03-15,muratpasa,2025,72.82000000000001,24,True
2025-03-16,muratpasa,2025,66.39416666666666,24,True
2025-03-17,muratpasa,2025,66.05416666666666,24,True
2025-03-18,muratpasa,2025,51.67521739130434,23,True
2025-03-19,muratpasa,2025,29.070434782608697,23,True
2025-03-20,muratpasa,2025,16.897916666666667,24,True
2025-03-21,muratpasa,2025,9.275652173913043,23,True
2025-03-22,muratpasa,2025,19.64625,24,True
2025-03-23,muratpasa,2025,36.50333333333334,24,True
2025-03-24,muratpasa,2025,51.85874999999999,24,True
2025-03-25,muratpasa,2025,51.10739130434783,23,True
2025-03-26,muratpasa,2025,75.35041666666667,24,True
2025-03-27,muratpasa,2025,81.74608695652174,23,True
2025-03-28,muratpasa,2025,68.37375,24,True
2025-03-29,muratpasa,2025,43.254999999999995,24,True
2025-03-30,muratpasa,2025,18.73,24,True
2025-03-31,muratpasa,2025,29.895833333333332,24,True
2025-04-01,muratpasa,2025,41.15,24,True
2025-04-02,muratpasa,2025,25.679999999999996,24,True
2025-04-03,muratpasa,2025,15.01375,24,True
2025-04-04,muratpasa,2025,15.626249999999999,24,True
2025-04-05,muratpasa,2025,27.515,24,True
2025-04-06,muratpasa,2025,14.840833333333334,24,True
2025-04-07,muratpasa,2025,22.156666666666666,24,True
2025-04-08,muratpasa,2025,23.715,24,True
2025-04-09,muratpasa,2025,30.515416666666667,24,True
2025-04-10,muratpasa,2025,14.539583333333333,24,True
2025-04-11,muratpasa,2025,20.424583333333334,24,True
2025-04-12,muratpasa,2025,16.410416666666666,24,True
2025-04-13,muratpasa,2025,13.668695652173913,23,True
2025-04-14,muratpasa,2025,19.995416666666667,24,True
2025-04-15,muratpasa,2025,12.946666666666665,24,True
2025-04-16,muratpasa,2025,,15,False
2025-04-17,muratpasa,2025,,8,False
2025-04-18,muratpasa,2025,40.339166666666664,24,True
2025-04-19,muratpasa,2025,42.526666666666664,24,True
2025-04-20,muratpasa,2025,34.46375,24,True
2025-04-21,muratpasa,2025,38.30708333333333,24,True
2025-04-22,muratpasa,2025,42.80875,24,True
2025-04-23,muratpasa,2025,43.088750000000005,24,True
2025-04-24,muratpasa,2025,47.677083333333336,24,True
2025-04-25,muratpasa,2025,29.88875,24,True
2025-04-26,muratpasa,2025,16.118333333333332,24,True
2025-04-27,muratpasa,2025,28.33375,24,True
2025-04-28,muratpasa,2025,36.089166666666664,24,True
2025-04-29,muratpasa,2025,26.586249999999996,24,True
2025-04-30,muratpasa,2025,25.605833333333333,24,True
2025-05-01,muratpasa,2025,18.97625,24,True
2025-05-02,muratpasa,2025,15.219166666666666,24,True
2025-05-03,muratpasa,2025,21.25,24,True
2025-05-04,muratpasa,2025,23.844166666666666,24,True
2025-05-05,muratpasa,2025,,4,False
2025-05-06,muratpasa,2025,30.43142857142857,21,True
2025-05-07,muratpasa,2025,38.416666666666664,24,True
2025-05-08,muratpasa,2025,34.77583333333333,24,True
2025-05-09,muratpasa,2025,40.64458333333334,24,True
2025-05-10,muratpasa,2025,64.03583333333333,24,True
2025-05-11,muratpasa,2025,57.28666666666667,24,True
2025-05-12,muratpasa,2025,56.94708333333333,24,True
2025-05-13,muratpasa,2025,37.317083333333336,24,True
2025-05-14,muratpasa,2025,37.25208333333333,24,True
2025-05-15,muratpasa,2025,31.826666666666668,24,True
2025-05-16,muratpasa,2025,34.35958333333333,24,True
2025-05-17,muratpasa,2025,33.33291666666667,24,True
2025-05-18,muratpasa,2025,38.331250000000004,24,True
2025-05-19,muratpasa,2025,27.525000000000002,24,True
2025-05-20,muratpasa,2025,41.99208333333333,24,True
2025-05-21,muratpasa,2025,34.02125,24,True
2025-05-22,muratpasa,2025,51.43125,24,True
2025-05-23,muratpasa,2025,55.50958333333333,24,True
2025-05-24,muratpasa,2025,48.06375,24,True
2025-05-25,muratpasa,2025,57.02041666666667,24,True
2025-05-26,muratpasa,2025,53.407916666666665,24,True
2025-05-27,muratpasa,2025,70.44125,24,True
2025-05-28,muratpasa,2025,44.44083333333333,24,True
2025-05-29,muratpasa,2025,40.632083333333334,24,True
2025-05-30,muratpasa,2025,26.844583333333333,24,True
2025-05-31,muratpasa,2025,25.31125,24,True
2025-06-01,muratpasa,2025,18.18166666666667,24,True
2025-06-02,muratpasa,2025,24.11916666666667,24,True
2025-06-03,muratpasa,2025,25.42958333333333,24,True
2025-06-04,muratpasa,2025,23.320833333333336,24,True
2025-06-05,muratpasa,2025,36.1025,24,True
2025-06-06,muratpasa,2025,45.442499999999995,24,True
2025-06-07,muratpasa,2025,39.61666666666667,24,True
2025-06-08,muratpasa,2025,27.919583333333335,24,True
2025-06-09,muratpasa,2025,35.114583333333336,24,True
2025-06-10,muratpasa,2025,37.5525,24,True
2025-06-11,muratpasa,2025,34.969166666666666,24,True
2025-06-12,muratpasa,2025,39.34708333333334,24,True
2025-06-13,muratpasa,2025,41.24791666666667,24,True
2025-06-14,muratpasa,2025,43.4375,24,True
2025-06-15,muratpasa,2025,37.90333333333333,24,True
2025-06-16,muratpasa,2025,27.707083333333333,24,True
2025-06-17,muratpasa,2025,25.967916666666667,24,True
2025-06-18,muratpasa,2025,33.47,24,True
2025-06-19,muratpasa,2025,33.19708333333333,24,True
2025-06-20,muratpasa,2025,38.410000000000004,24,True
2025-06-21,muratpasa,2025,42.48875,24,True
2025-06-22,muratpasa,2025,26.22791666666667,24,True
2025-06-23,muratpasa,2025,20.368750000000002,24,True
2025-06-24,muratpasa,2025,28.13625,24,True
2025-06-25,muratpasa,2025,40.49041666666667,24,True
2025-06-26,muratpasa,2025,40.200833333333335,24,True
2025-06-27,muratpasa,2025,32.4575,24,True
2025-06-28,muratpasa,2025,35.24041666666667,24,True
2025-06-29,muratpasa,2025,48.69208333333333,24,True
2025-06-30,muratpasa,2025,19.013333333333332,24,True
2025-07-01,muratpasa,2025,28.397916666666664,24,True
2025-07-02,muratpasa,2025,31.62625,24,True
2025-07-03,muratpasa,2025,25.78625,24,True
2025-07-04,muratpasa,2025,17.355,24,True
2025-07-05,muratpasa,2025,16.63083333333333,24,True
2025-07-06,muratpasa,2025,41.68083333333333,24,True
2025-07-07,muratpasa,2025,41.32208333333333,24,True
2025-07-08,muratpasa,2025,27.415499999999998,20,True
2025-07-09,muratpasa,2025,32.82791666666667,24,True
2025-07-10,muratpasa,2025,31.851666666666663,24,True
2025-07-11,muratpasa,2025,31.915000000000003,24,True
2025-07-12,muratpasa,2025,31.47083333333333,24,True
2025-07-13,muratpasa,2025,31.125833333333333,24,True
2025-07-14,muratpasa,2025,30.005416666666665,24,True
2025-07-15,muratpasa,2025,30.118750000000002,24,True
2025-07-16,muratpasa,2025,29.304999999999996,24,True
2025-07-17,muratpasa,2025,33.13916666666667,24,True
2025-07-18,muratpasa,2025,39.624583333333334,24,True
2025-07-19,muratpasa,2025,36.59666666666667,24,True
2025-07-20,muratpasa,2025,34.24166666666667,24,True
2025-07-21,muratpasa,2025,33.26125,24,True
2025-07-22,muratpasa,2025,34.65416666666667,24,True
2025-07-23,muratpasa,2025,43.30625,24,True
2025-07-24,muratpasa,2025,42.043749999999996,24,True
2025-07-25,muratpasa,2025,38.5921052631579,19,True
2025-07-26,muratpasa,2025,21.8755,20,True
2025-07-27,muratpasa,2025,33.73375,24,True
2025-07-28,muratpasa,2025,,6,False
2025-07-29,muratpasa,2025,37.44833333333333,24,True
2025-07-30,muratpasa,2025,38.19708333333333,24,True
2025-07-31,muratpasa,2025,22.12708333333333,24,True
2025-08-01,muratpasa,2025,31.14625,24,True
2025-08-02,muratpasa,2025,33.04541666666667,24,True
2025-08-03,muratpasa,2025,26.607083333333335,24,True
2025-08-04,muratpasa,2025,19.210416666666667,24,True
2025-08-05,muratpasa,2025,21.782916666666665,24,True
2025-08-06,muratpasa,2025,27.758750000000003,24,True
2025-08-07,muratpasa,2025,46.76166666666666,24,True
2025-08-08,muratpasa,2025,41.452083333333334,24,True
2025-08-09,muratpasa,2025,25.059166666666666,24,True
2025-08-10,muratpasa,2025,21.9475,24,True
2025-08-11,muratpasa,2025,15.869166666666667,24,True
2025-08-12,muratpasa,2025,25.826666666666668,24,True
2025-08-13,muratpasa,2025,36.42375,24,True
2025-08-14,muratpasa,2025,33.626666666666665,24,True
2025-08-15,muratpasa,2025,55.86708333333333,24,True
2025-08-16,muratpasa,2025,39.25791666666667,24,True
2025-08-17,muratpasa,2025,29.121666666666666,24,True
2025-08-18,muratpasa,2025,34.77708333333333,24,True
2025-08-19,muratpasa,2025,38.79958333333334,24,True
2025-08-20,muratpasa,2025,34.115833333333335,24,True
2025-08-21,muratpasa,2025,37.964166666666664,24,True
2025-08-22,muratpasa,2025,45.043,20,True
2025-08-23,muratpasa,2025,40.788333333333334,24,True
2025-08-24,muratpasa,2025,31.332916666666666,24,True
2025-08-25,muratpasa,2025,31.016666666666666,24,True
2025-08-26,muratpasa,2025,32.18833333333333,24,True
2025-08-27,muratpasa,2025,36.67416666666667,24,True
2025-08-28,muratpasa,2025,24.535,24,True
2025-08-29,muratpasa,2025,28.13083333333333,24,True
2025-08-30,muratpasa,2025,29.355833333333333,24,True
2025-08-31,muratpasa,2025,32.9225,24,True
2025-09-01,muratpasa,2025,33.65958333333334,24,True
2025-09-02,muratpasa,2025,33.32875,24,True
2025-09-03,muratpasa,2025,43.05875,24,True
2025-09-04,muratpasa,2025,27.640416666666667,24,True
2025-09-05,muratpasa,2025,33.181666666666665,24,True
2025-09-06,muratpasa,2025,31.88083333333333,24,True
2025-09-07,muratpasa,2025,34.027499999999996,24,True
2025-09-08,muratpasa,2025,28.855,24,True
2025-09-09,muratpasa,2025,25.307916666666667,24,True
2025-09-10,muratpasa,2025,29.492500000000003,24,True
2025-09-11,muratpasa,2025,29.214166666666667,24,True
2025-09-12,muratpasa,2025,37.84583333333333,24,True
2025-09-13,muratpasa,2025,34.348333333333336,24,True
2025-09-14,muratpasa,2025,35.4925,24,True
2025-09-15,muratpasa,2025,32.71875,24,True
2025-09-16,muratpasa,2025,31.907083333333333,24,True
2025-09-17,muratpasa,2025,32.44875,24,True
2025-09-18,muratpasa,2025,32.945,24,True
2025-09-19,muratpasa,2025,32.30285714285714,21,True
2025-09-20,muratpasa,2025,18.874583333333334,24,True
2025-09-21,muratpasa,2025,24.384583333333335,24,True
2025-09-22,muratpasa,2025,34.831250000000004,24,True
2025-09-23,muratpasa,2025,35.51708333333333,24,True
2025-09-24,muratpasa,2025,39.319583333333334,24,True
2025-09-25,muratpasa,2025,40.56166666666667,24,True
2025-09-26,muratpasa,2025,41.47708333333333,24,True
2025-09-27,muratpasa,2025,37.45708333333334,24,True
2025-09-28,muratpasa,2025,31.117083333333337,24,True
2025-09-29,muratpasa,2025,28.913333333333338,24,True
2025-09-30,muratpasa,2025,21.2575,24,True
2025-10-01,muratpasa,2025,25.156666666666666,24,True
2025-10-02,muratpasa,2025,29.281666666666666,24,True
2025-10-03,muratpasa,2025,29.569999999999997,24,True
2025-10-04,muratpasa,2025,18.570833333333333,24,True
2025-10-05,muratpasa,2025,21.70625,24,True
2025-10-06,muratpasa,2025,28.43375,24,True
2025-10-07,muratpasa,2025,28.730416666666667,24,True
2025-10-08,muratpasa,2025,19.134545454545453,22,True
2025-10-09,muratpasa,2025,19.72791666666667,24,True
2025-10-10,muratpasa,2025,29.847916666666666,24,True
2025-10-11,muratpasa,2025,34.4575,24,True
2025-10-12,muratpasa,2025,21.861666666666665,24,True
2025-10-13,muratpasa,2025,21.380416666666665,24,True
2025-10-14,muratpasa,2025,39.431666666666665,24,True
2025-10-15,muratpasa,2025,42.928333333333335,24,True
2025-10-16,muratpasa,2025,42.81583333333333,24,True
2025-10-17,muratpasa,2025,51.62041666666667,24,True
2025-10-18,muratpasa,2025,52.581250000000004,24,True
2025-10-19,muratpasa,2025,36.34041666666666,24,True
2025-10-20,muratpasa,2025,38.01541666666667,24,True
2025-10-21,muratpasa,2025,36.045,24,True
2025-10-22,muratpasa,2025,44.39458333333334,24,True
2025-10-23,muratpasa,2025,41.10541666666666,24,True
2025-10-24,muratpasa,2025,45.346666666666664,24,True
2025-10-25,muratpasa,2025,24.963333333333335,24,True
2025-10-26,muratpasa,2025,26.349999999999998,24,True
2025-10-27,muratpasa,2025,40.43833333333333,24,True
2025-10-28,muratpasa,2025,39.064166666666665,24,True
2025-10-29,muratpasa,2025,27.105416666666667,24,True
2025-10-30,muratpasa,2025,34.73708333333334,24,True
2025-10-31,muratpasa,2025,57.37375,24,True
2025-11-01,muratpasa,2025,63.278333333333336,24,True
2025-11-02,muratpasa,2025,66.19541666666667,24,True
2025-11-03,muratpasa,2025,75.88666666666667,24,True
2025-11-04,muratpasa,2025,83.79333333333334,24,True
2025-11-05,muratpasa,2025,69.11791666666666,24,True
2025-11-06,muratpasa,2025,68.41875,24,True
2025-11-07,muratpasa,2025,33.49041666666667,24,True
2025-11-08,muratpasa,2025,34.66458333333333,24,True
2025-11-09,muratpasa,2025,46.83583333333333,24,True
2025-11-10,muratpasa,2025,59.847500000000004,24,True
2025-11-11,muratpasa,2025,66.56875000000001,24,True
2025-11-12,muratpasa,2025,56.21666666666667,24,True
2025-11-13,muratpasa,2025,34.60125,24,True
2025-11-14,muratpasa,2025,36.59458333333333,24,True
2025-11-15,muratpasa,2025,22.015,22,True
2025-11-16,muratpasa,2025,39.70041666666666,24,True
2025-11-17,muratpasa,2025,51.07541666666666,24,True
2025-11-18,muratpasa,2025,58.43565217391304,23,True
2025-11-19,muratpasa,2025,71.76875,24,True
2025-11-20,muratpasa,2025,91.89916666666666,24,True
2025-11-21,muratpasa,2025,114.21333333333332,24,True
2025-11-22,muratpasa,2025,81.67625,24,True
2025-11-23,muratpasa,2025,80.32458333333334,24,True
2025-11-24,muratpasa,2025,75.14125,24,True
2025-11-25,muratpasa,2025,50.24875,24,True
2025-11-26,muratpasa,2025,22.052916666666665,24,True
2025-11-27,muratpasa,2025,43.95374999999999,24,True
2025-11-28,muratpasa,2025,75.66416666666667,24,True
2025-11-29,muratpasa,2025,74.55619047619048,21,True
2025-11-30,muratpasa,2025,,0,False
2025-12-01,muratpasa,2025,,3,False
2025-12-02,muratpasa,2025,58.23583333333334,24,True
2025-12-03,muratpasa,2025,74.8,24,True
2025-12-04,muratpasa,2025,74.58624999999999,24,True
2025-12-05,muratpasa,2025,58.330000000000005,24,True
2025-12-06,muratpasa,2025,31.332083333333333,24,True
2025-12-07,muratpasa,2025,31.81958333333333,24,True
2025-12-08,muratpasa,2025,54.689166666666665,24,True
2025-12-09,muratpasa,2025,40.49041666666667,24,True
2025-12-10,muratpasa,2025,34.89958333333333,24,True
2025-12-11,muratpasa,2025,29.926666666666666,24,True
2025-12-12,muratpasa,2025,42.31375,24,True
2025-12-13,muratpasa,2025,68.27833333333334,24,True
2025-12-14,muratpasa,2025,54.44375,24,True
2025-12-15,muratpasa,2025,53.95208333333333,24,True
2025-12-16,muratpasa,2025,30.547083333333333,24,True
2025-12-17,muratpasa,2025,48.55416666666667,24,True
2025-12-18,muratpasa,2025,89.62208333333332,24,True
2025-12-19,muratpasa,2025,144.96208333333334,24,True
2025-12-20,muratpasa,2025,113.54375,24,True
2025-12-21,muratpasa,2025,55.22833333333333,24,True
2025-12-22,muratpasa,2025,44.400416666666665,24,True
2025-12-23,muratpasa,2025,28.990416666666665,24,True
2025-12-24,muratpasa,2025,40.9475,24,True
2025-12-25,muratpasa,2025,56.286249999999995,24,True
2025-12-26,muratpasa,2025,50.6475,24,True
2025-12-27,muratpasa,2025,19.28875,24,True
2025-12-28,muratpasa,2025,21.280833333333334,24,True
2025-12-29,muratpasa,2025,21.230416666666667,24,True
2025-12-30,muratpasa,2025,42.48,24,True
2025-12-31,muratpasa,2025,41.451249999999995,24,True
2024-01-01,serik,2024,,0,False
2024-01-02,serik,2024,,0,False
2024-01-03,serik,2024,,0,False
2024-01-04,serik,2024,,0,False
2024-01-05,serik,2024,,0,False
2024-01-06,serik,2024,,0,False
2024-01-07,serik,2024,,0,False
2024-01-08,serik,2024,,0,False
2024-01-09,serik,2024,,0,False
2024-01-10,serik,2024,,11,False
2024-01-11,serik,2024,36.37666666666667,24,True
2024-01-12,serik,2024,,16,False
2024-01-13,serik,2024,19.21388888888889,18,True
2024-01-14,serik,2024,,0,False
2024-01-15,serik,2024,,0,False
2024-01-16,serik,2024,,0,False
2024-01-17,serik,2024,,0,False
2024-01-18,serik,2024,,0,False
2024-01-19,serik,2024,,3,False
2024-01-20,serik,2024,11.020909090909091,22,True
2024-01-21,serik,2024,,0,False
2024-01-22,serik,2024,,0,False
2024-01-23,serik,2024,,12,False
2024-01-24,serik,2024,63.27291666666667,24,True
2024-01-25,serik,2024,84.35875,24,True
2024-01-26,serik,2024,42.333333333333336,24,True
2024-01-27,serik,2024,21.22875,24,True
2024-01-28,serik,2024,31.307083333333335,24,True
2024-01-29,serik,2024,32.31791666666667,24,True
2024-01-30,serik,2024,39.87625,24,True
2024-01-31,serik,2024,28.914166666666663,24,True
2024-02-01,serik,2024,64.82916666666667,24,True
2024-02-02,serik,2024,82.85625,24,True
2024-02-03,serik,2024,43.62291666666667,24,True
2024-02-04,serik,2024,41.77041666666667,24,True
2024-02-05,serik,2024,46.75666666666667,24,True
2024-02-06,serik,2024,85.05291666666666,24,True
2024-02-07,serik,2024,42.76500000000001,24,True
2024-02-08,serik,2024,21.151666666666667,24,True
2024-02-09,serik,2024,12.6775,24,True
2024-02-10,serik,2024,37.38625,24,True
2024-02-11,serik,2024,47.48500000000001,24,True
2024-02-12,serik,2024,67.1725,24,True
2024-02-13,serik,2024,15.135,24,True
2024-02-14,serik,2024,12.927916666666667,24,True
2024-02-15,serik,2024,30.225416666666664,24,True
2024-02-16,serik,2024,39.38458333333333,24,True
2024-02-17,serik,2024,36.003750000000004,24,True
2024-02-18,serik,2024,20.751666666666665,24,True
2024-02-19,serik,2024,25.2625,24,True
2024-02-20,serik,2024,49.981249999999996,24,True
2024-02-21,serik,2024,31.786666666666665,24,True
2024-02-22,serik,2024,37.805416666666666,24,True
2024-02-23,serik,2024,38.49166666666667,24,True
2024-02-24,serik,2024,43.97875,24,True
2024-02-25,serik,2024,48.77916666666667,24,True
2024-02-26,serik,2024,22.957916666666666,24,True
2024-02-27,serik,2024,21.706666666666667,24,True
2024-02-28,serik,2024,48.250416666666666,24,True
2024-02-29,serik,2024,48.04541666666666,24,True
2024-03-01,serik,2024,38.07875,24,True
2024-03-02,serik,2024,42.86416666666667,24,True
2024-03-03,serik,2024,20.602083333333333,24,True
2024-03-04,serik,2024,33.9775,24,True
2024-03-05,serik,2024,23.373333333333335,24,True
2024-03-06,serik,2024,13.042916666666665,24,True
2024-03-07,serik,2024,17.445833333333333,24,True
2024-03-08,serik,2024,18.941666666666666,24,True
2024-03-09,serik,2024,9.138333333333334,24,True
2024-03-10,serik,2024,19.515,24,True
2024-03-11,serik,2024,39.128750000000004,24,True
2024-03-12,serik,2024,21.06083333333333,24,True
2024-03-13,serik,2024,22.999583333333334,24,True
2024-03-14,serik,2024,,16,False
2024-03-15,serik,2024,,0,False
2024-03-16,serik,2024,,0,False
2024-03-17,serik,2024,,0,False
2024-03-18,serik,2024,,12,False
2024-03-19,serik,2024,25.747500000000002,24,True
2024-03-20,serik,2024,20.378333333333334,24,True
2024-03-21,serik,2024,5.592083333333334,24,True
2024-03-22,serik,2024,14.674166666666666,24,True
2024-03-23,serik,2024,9.175833333333333,24,True
2024-03-24,serik,2024,23.572916666666668,24,True
2024-03-25,serik,2024,18.09875,24,True
2024-03-26,serik,2024,19.758333333333333,24,True
2024-03-27,serik,2024,25.506666666666664,24,True
2024-03-28,serik,2024,26.363333333333333,24,True
2024-03-29,serik,2024,35.86375,24,True
2024-03-30,serik,2024,45.61083333333334,24,True
2024-03-31,serik,2024,36.575833333333335,24,True
2024-04-01,serik,2024,39.66958333333333,24,True
2024-04-02,serik,2024,49.53916666666667,24,True
2024-04-03,serik,2024,40.752916666666664,24,True
2024-04-04,serik,2024,37.00958333333333,24,True
2024-04-05,serik,2024,34.121249999999996,24,True
2024-04-06,serik,2024,19.335833333333333,24,True
2024-04-07,serik,2024,11.83,24,True
2024-04-08,serik,2024,10.172083333333333,24,True
2024-04-09,serik,2024,12.6075,24,True
2024-04-10,serik,2024,8.964166666666666,24,True
2024-04-11,serik,2024,11.999166666666667,24,True
2024-04-12,serik,2024,11.4775,24,True
2024-04-13,serik,2024,19.399583333333336,24,True
2024-04-14,serik,2024,20.694166666666664,24,True
2024-04-15,serik,2024,14.486666666666666,24,True
2024-04-16,serik,2024,20.389583333333334,24,True
2024-04-17,serik,2024,17.493750000000002,24,True
2024-04-18,serik,2024,95.57458333333334,24,True
2024-04-19,serik,2024,35.26833333333333,24,True
2024-04-20,serik,2024,18.732499999999998,24,True
2024-04-21,serik,2024,3.5816666666666666,24,True
2024-04-22,serik,2024,4.943333333333333,24,True
2024-04-23,serik,2024,20.0675,24,True
2024-04-24,serik,2024,32.079166666666666,24,True
2024-04-25,serik,2024,59.53541666666666,24,True
2024-04-26,serik,2024,63.33291666666667,24,True
2024-04-27,serik,2024,42.322916666666664,24,True
2024-04-28,serik,2024,30.785833333333333,24,True
2024-04-29,serik,2024,32.53791666666667,24,True
2024-04-30,serik,2024,27.562083333333334,24,True
2024-05-01,serik,2024,31.559583333333336,24,True
2024-05-02,serik,2024,30.892083333333332,24,True
2024-05-03,serik,2024,26.22375,24,True
2024-05-04,serik,2024,19.884583333333335,24,True
2024-05-05,serik,2024,3.814583333333333,24,True
2024-05-06,serik,2024,5.7925,24,True
2024-05-07,serik,2024,8.747916666666667,24,True
2024-05-08,serik,2024,10.712916666666667,24,True
2024-05-09,serik,2024,13.198749999999999,24,True
2024-05-10,serik,2024,16.83375,24,True
2024-05-11,serik,2024,22.13416666666667,24,True
2024-05-12,serik,2024,5.09625,24,True
2024-05-13,serik,2024,4.234166666666667,24,True
2024-05-14,serik,2024,5.394583333333333,24,True
2024-05-15,serik,2024,7.120416666666667,24,True
2024-05-16,serik,2024,14.470833333333333,24,True
2024-05-17,serik,2024,13.367916666666666,24,True
2024-05-18,serik,2024,11.831249999999999,24,True
2024-05-19,serik,2024,13.235416666666666,24,True
2024-05-20,serik,2024,17.849999999999998,24,True
2024-05-21,serik,2024,24.785833333333333,24,True
2024-05-22,serik,2024,34.766666666666666,24,True
2024-05-23,serik,2024,37.611666666666665,24,True
2024-05-24,serik,2024,35.02,24,True
2024-05-25,serik,2024,23.41,24,True
2024-05-26,serik,2024,12.1475,24,True
2024-05-27,serik,2024,8.603333333333333,24,True
2024-05-28,serik,2024,12.71625,24,True
2024-05-29,serik,2024,15.26625,24,True
2024-05-30,serik,2024,13.15375,24,True
2024-05-31,serik,2024,79.15052631578948,19,True
2024-06-01,serik,2024,10.230833333333333,24,True
2024-06-02,serik,2024,11.811250000000001,24,True
2024-06-03,serik,2024,18.078333333333333,24,True
2024-06-04,serik,2024,15.369583333333333,24,True
2024-06-05,serik,2024,25.861666666666668,24,True
2024-06-06,serik,2024,32.17375,24,True
2024-06-07,serik,2024,41.947916666666664,24,True
2024-06-08,serik,2024,22.616249999999997,24,True
2024-06-09,serik,2024,9.141666666666667,24,True
2024-06-10,serik,2024,13.865,24,True
2024-06-11,serik,2024,16.954166666666666,24,True
2024-06-12,serik,2024,21.580416666666665,24,True
2024-06-13,serik,2024,27.27416666666667,24,True
2024-06-14,serik,2024,35.75291666666667,24,True
2024-06-15,serik,2024,44.14791666666667,24,True
2024-06-16,serik,2024,35.80166666666667,24,True
2024-06-17,serik,2024,22.491666666666664,24,True
2024-06-18,serik,2024,19.267083333333332,24,True
2024-06-19,serik,2024,17.604583333333334,24,True
2024-06-20,serik,2024,15.847500000000002,24,True
2024-06-21,serik,2024,12.871250000000002,24,True
2024-06-22,serik,2024,17.420833333333334,24,True
2024-06-23,serik,2024,14.90125,24,True
2024-06-24,serik,2024,20.331666666666667,24,True
2024-06-25,serik,2024,22.105416666666667,24,True
2024-06-26,serik,2024,21.7975,24,True
2024-06-27,serik,2024,25.398333333333337,24,True
2024-06-28,serik,2024,26.814999999999998,24,True
2024-06-29,serik,2024,17.285,24,True
2024-06-30,serik,2024,11.335833333333333,24,True
2024-07-01,serik,2024,10.84125,24,True
2024-07-02,serik,2024,15.392083333333332,24,True
2024-07-03,serik,2024,18.660416666666666,24,True
2024-07-04,serik,2024,15.299999999999999,24,True
2024-07-05,serik,2024,22.585833333333337,24,True
2024-07-06,serik,2024,13.596666666666666,24,True
2024-07-07,serik,2024,15.9475,24,True
2024-07-08,serik,2024,17.182083333333335,24,True
2024-07-09,serik,2024,22.6355,20,True
2024-07-10,serik,2024,30.20125,24,True
2024-07-11,serik,2024,14.895416666666668,24,True
2024-07-12,serik,2024,21.911666666666665,24,True
2024-07-13,serik,2024,20.255416666666665,24,True
2024-07-14,serik,2024,21.503333333333334,24,True
2024-07-15,serik,2024,14.905,24,True
2024-07-16,serik,2024,25.047083333333333,24,True
2024-07-17,serik,2024,23.399583333333336,24,True
2024-07-18,serik,2024,22.690416666666668,24,True
2024-07-19,serik,2024,25.064166666666665,24,True
2024-07-20,serik,2024,22.215,24,True
2024-07-21,serik,2024,23.514545454545452,22,True
2024-07-22,serik,2024,26.079583333333332,24,True
2024-07-23,serik,2024,31.396666666666665,24,True
2024-07-24,serik,2024,30.368750000000002,24,True
2024-07-25,serik,2024,34.684583333333336,24,True
2024-07-26,serik,2024,18.674583333333334,24,True
2024-07-27,serik,2024,8.955416666666666,24,True
2024-07-28,serik,2024,8.682083333333333,24,True
2024-07-29,serik,2024,15.8175,24,True
2024-07-30,serik,2024,22.624583333333334,24,True
2024-07-31,serik,2024,18.572916666666668,24,True
2024-08-01,serik,2024,20.1525,24,True
2024-08-02,serik,2024,23.47458333333333,24,True
2024-08-03,serik,2024,31.18041666666667,24,True
2024-08-04,serik,2024,25.9825,24,True
2024-08-05,serik,2024,19.510833333333334,24,True
2024-08-06,serik,2024,17.32166666666667,24,True
2024-08-07,serik,2024,16.421666666666667,24,True
2024-08-08,serik,2024,21.962083333333336,24,True
2024-08-09,serik,2024,21.885416666666668,24,True
2024-08-10,serik,2024,24.415000000000003,24,True
2024-08-11,serik,2024,25.925833333333333,24,True
2024-08-12,serik,2024,16.577083333333334,24,True
2024-08-13,serik,2024,17.327916666666667,24,True
2024-08-14,serik,2024,14.870416666666666,24,True
2024-08-15,serik,2024,21.38416666666667,24,True
2024-08-16,serik,2024,19.866666666666667,24,True
2024-08-17,serik,2024,13.244166666666667,24,True
2024-08-18,serik,2024,17.425833333333333,24,True
2024-08-19,serik,2024,20.43375,24,True
2024-08-20,serik,2024,16.7275,24,True
2024-08-21,serik,2024,21.025000000000002,24,True
2024-08-22,serik,2024,31.07541666666667,24,True
2024-08-23,serik,2024,19.015,24,True
2024-08-24,serik,2024,20.13083333333333,24,True
2024-08-25,serik,2024,14.650416666666667,24,True
2024-08-26,serik,2024,22.605416666666667,24,True
2024-08-27,serik,2024,20.133750000000003,24,True
2024-08-28,serik,2024,22.83875,24,True
2024-08-29,serik,2024,24.817916666666665,24,True
2024-08-30,serik,2024,23.845,24,True
2024-08-31,serik,2024,26.074583333333333,24,True
2024-09-01,serik,2024,19.018333333333334,24,True
2024-09-02,serik,2024,10.1775,24,True
2024-09-03,serik,2024,13.915,24,True
2024-09-04,serik,2024,17.13083333333333,24,True
2024-09-05,serik,2024,21.114583333333332,24,True
2024-09-06,serik,2024,16.5625,24,True
2024-09-07,serik,2024,18.298333333333336,24,True
2024-09-08,serik,2024,16.354166666666668,24,True
2024-09-09,serik,2024,20.877916666666668,24,True
2024-09-10,serik,2024,21.055833333333332,24,True
2024-09-11,serik,2024,15.045833333333334,24,True
2024-09-12,serik,2024,21.010416666666668,24,True
2024-09-13,serik,2024,17.023333333333333,24,True
2024-09-14,serik,2024,7.80375,24,True
2024-09-15,serik,2024,8.658333333333333,24,True
2024-09-16,serik,2024,5.772916666666667,24,True
2024-09-17,serik,2024,6.482083333333333,24,True
2024-09-18,serik,2024,10.08,24,True
2024-09-19,serik,2024,9.400833333333333,24,True
2024-09-20,serik,2024,9.915833333333333,24,True
2024-09-21,serik,2024,4.78,24,True
2024-09-22,serik,2024,3.05875,24,True
2024-09-23,serik,2024,4.77625,24,True
2024-09-24,serik,2024,9.070416666666667,24,True
2024-09-25,serik,2024,7.432916666666666,24,True
2024-09-26,serik,2024,8.829583333333334,24,True
2024-09-27,serik,2024,14.178333333333333,24,True
2024-09-28,serik,2024,13.378749999999998,24,True
2024-09-29,serik,2024,9.83375,24,True
2024-09-30,serik,2024,7.427499999999999,24,True
2024-10-01,serik,2024,3.432608695652174,23,True
2024-10-02,serik,2024,4.67875,24,True
2024-10-03,serik,2024,10.49875,24,True
2024-10-04,serik,2024,7.93375,24,True
2024-10-05,serik,2024,6.922499999999999,24,True
2024-10-06,serik,2024,10.073749999999999,24,True
2024-10-07,serik,2024,10.134166666666667,24,True
2024-10-08,serik,2024,3.9156521739130437,23,True
2024-10-09,serik,2024,6.035416666666666,24,True
2024-10-10,serik,2024,5.030833333333333,24,True
2024-10-11,serik,2024,5.8039130434782615,23,True
2024-10-12,serik,2024,9.696666666666667,24,True
2024-10-13,serik,2024,3.8716666666666666,24,True
2024-10-14,serik,2024,8.405833333333334,24,True
2024-10-15,serik,2024,15.384583333333333,24,True
2024-10-16,serik,2024,13.46375,24,True
2024-10-17,serik,2024,17.53708333333333,24,True
2024-10-18,serik,2024,5.512083333333333,24,True
2024-10-19,serik,2024,8.871666666666666,24,True
2024-10-20,serik,2024,4.556666666666667,24,True
2024-10-21,serik,2024,6.5225,24,True
2024-10-22,serik,2024,5.642499999999999,24,True
2024-10-23,serik,2024,10.199565217391305,23,True
2024-10-24,serik,2024,28.540000000000003,24,True
2024-10-25,serik,2024,31.565416666666668,24,True
2024-10-26,serik,2024,31.880416666666665,24,True
2024-10-27,serik,2024,37.529583333333335,24,True
2024-10-28,serik,2024,41.183749999999996,24,True
2024-10-29,serik,2024,39.94708333333333,24,True
2024-10-30,serik,2024,35.25416666666667,24,True
2024-10-31,serik,2024,29.881249999999998,24,True
2024-11-01,serik,2024,30.920833333333334,24,True
2024-11-02,serik,2024,39.557916666666664,24,True
2024-11-03,serik,2024,39.38791666666666,24,True
2024-11-04,serik,2024,29.277083333333334,24,True
2024-11-05,serik,2024,24.7225,24,True
2024-11-06,serik,2024,32.79416666666666,24,True
2024-11-07,serik,2024,38.670833333333334,24,True
2024-11-08,serik,2024,25.09375,24,True
2024-11-09,serik,2024,27.671666666666667,24,True
2024-11-10,serik,2024,31.16416666666667,24,True
2024-11-11,serik,2024,18.15791666666667,24,True
2024-11-12,serik,2024,30.8925,24,True
2024-11-13,serik,2024,31.598333333333333,24,True
2024-11-14,serik,2024,34.809583333333336,24,True
2024-11-15,serik,2024,20.115416666666665,24,True
2024-11-16,serik,2024,14.695416666666667,24,True
2024-11-17,serik,2024,6.565416666666667,24,True
2024-11-18,serik,2024,17.59,24,True
2024-11-19,serik,2024,25.925416666666667,24,True
2024-11-20,serik,2024,24.590434782608696,23,True
2024-11-21,serik,2024,10.33625,24,True
2024-11-22,serik,2024,4.361666666666666,24,True
2024-11-23,serik,2024,18.800833333333333,24,True
2024-11-24,serik,2024,5.979583333333333,24,True
2024-11-25,serik,2024,4.787916666666667,24,True
2024-11-26,serik,2024,38.0025,24,True
2024-11-27,serik,2024,67.16625,24,True
2024-11-28,serik,2024,79.32958333333333,24,True
2024-11-29,serik,2024,54.7275,24,True
2024-11-30,serik,2024,50.852916666666665,24,True
2024-12-01,serik,2024,55.98041666666666,24,True
2024-12-02,serik,2024,42.47666666666667,24,True
2024-12-03,serik,2024,12.143333333333333,24,True
2024-12-04,serik,2024,12.837916666666667,24,True
2024-12-05,serik,2024,15.851666666666667,24,True
2024-12-06,serik,2024,26.881249999999998,24,True
2024-12-07,serik,2024,61.130833333333335,24,True
2024-12-08,serik,2024,16.337500000000002,24,True
2024-12-09,serik,2024,16.15791666666667,24,True
2024-12-10,serik,2024,29.546666666666667,24,True
2024-12-11,serik,2024,47.26208333333333,24,True
2024-12-12,serik,2024,25.637916666666666,24,True
2024-12-13,serik,2024,13.094166666666666,24,True
2024-12-14,serik,2024,41.64958333333333,24,True
2024-12-15,serik,2024,43.31583333333333,24,True
2024-12-16,serik,2024,16.324583333333333,24,True
2024-12-17,serik,2024,38.86666666666667,24,True
2024-12-18,serik,2024,58.98791666666667,24,True
2024-12-19,serik,2024,71.21458333333334,24,True
2024-12-20,serik,2024,54.62291666666667,24,True
2024-12-21,serik,2024,18.423333333333332,24,True
2024-12-22,serik,2024,32.02,24,True
2024-12-23,serik,2024,18.349166666666665,24,True
2024-12-24,serik,2024,6.558333333333334,24,True
2024-12-25,serik,2024,11.814583333333333,24,True
2024-12-26,serik,2024,10.267083333333334,24,True
2024-12-27,serik,2024,16.109166666666667,24,True
2024-12-28,serik,2024,16.34208333333333,24,True
2024-12-29,serik,2024,6.135833333333333,24,True
2024-12-30,serik,2024,14.711666666666666,24,True
2024-12-31,serik,2024,15.85375,24,True
2025-01-01,serik,2025,60.105,24,True
2025-01-02,serik,2025,90.51583333333333,24,True
2025-01-03,serik,2025,55.182500000000005,24,True
2025-01-04,serik,2025,33.778749999999995,24,True
2025-01-05,serik,2025,23.769583333333333,24,True
2025-01-06,serik,2025,31.069999999999997,24,True
2025-01-07,serik,2025,48.32375,24,True
2025-01-08,serik,2025,85.91666666666667,24,True
2025-01-09,serik,2025,75.86416666666666,24,True
2025-01-10,serik,2025,67.48958333333333,24,True
2025-01-11,serik,2025,60.747083333333336,24,True
2025-01-12,serik,2025,32.39875,24,True
2025-01-13,serik,2025,17.52208333333333,24,True
2025-01-14,serik,2025,33.076249999999995,24,True
2025-01-15,serik,2025,51.54583333333333,24,True
2025-01-16,serik,2025,36.25833333333333,24,True
2025-01-17,serik,2025,19.875416666666666,24,True
2025-01-18,serik,2025,38.27375,24,True
2025-01-19,serik,2025,51.681666666666665,24,True
2025-01-20,serik,2025,54.1875,24,True
2025-01-21,serik,2025,32.72083333333333,24,True
2025-01-22,serik,2025,21.012916666666666,24,True
2025-01-23,serik,2025,23.373333333333335,24,True
2025-01-24,serik,2025,37.899166666666666,24,True
2025-01-25,serik,2025,22.88416666666667,24,True
2025-01-26,serik,2025,20.807916666666667,24,True
2025-01-27,serik,2025,62.25458333333333,24,True
2025-01-28,serik,2025,49.06458333333333,24,True
2025-01-29,serik,2025,46.90875,24,True
2025-01-30,serik,2025,36.014583333333334,24,True
2025-01-31,serik,2025,37.13333333333333,24,True
2025-02-01,serik,2025,45.55458333333333,24,True
2025-02-02,serik,2025,49.19291666666667,24,True
2025-02-03,serik,2025,43.97416666666667,24,True
2025-02-04,serik,2025,36.87708333333334,24,True
2025-02-05,serik,2025,6.028333333333333,24,True
2025-02-06,serik,2025,6.319166666666667,24,True
2025-02-07,serik,2025,4.995,24,True
2025-02-08,serik,2025,13.03375,24,True
2025-02-09,serik,2025,15.38125,24,True
2025-02-10,serik,2025,13.510833333333332,24,True
2025-02-11,serik,2025,27.97,24,True
2025-02-12,serik,2025,29.076666666666668,24,True
2025-02-13,serik,2025,11.549999999999999,24,True
2025-02-14,serik,2025,38.40958333333334,24,True
2025-02-15,serik,2025,37.462916666666665,24,True
2025-02-16,serik,2025,34.92458333333334,24,True
2025-02-17,serik,2025,23.05333333333333,24,True
2025-02-18,serik,2025,13.8375,24,True
2025-02-19,serik,2025,10.394583333333333,24,True
2025-02-20,serik,2025,3.5095833333333335,24,True
2025-02-21,serik,2025,4.7091666666666665,24,True
2025-02-22,serik,2025,8.676250000000001,24,True
2025-02-23,serik,2025,21.9825,24,True
2025-02-24,serik,2025,23.155416666666667,24,True
2025-02-25,serik,2025,47.03708333333333,24,True
2025-02-26,serik,2025,42.42583333333334,24,True
2025-02-27,serik,2025,36.02625,24,True
2025-02-28,serik,2025,18.12875,24,True
2025-03-01,serik,2025,28.852500000000003,24,True
2025-03-02,serik,2025,23.133333333333336,24,True
2025-03-03,serik,2025,14.558333333333332,24,True
2025-03-04,serik,2025,10.667916666666665,24,True
2025-03-05,serik,2025,22.94875,24,True
2025-03-06,serik,2025,29.879166666666666,24,True
2025-03-07,serik,2025,13.269166666666665,24,True
2025-03-08,serik,2025,21.561666666666667,24,True
2025-03-09,serik,2025,18.076666666666668,24,True
2025-03-10,serik,2025,22.2175,24,True
2025-03-11,serik,2025,28.679166666666664,24,True
2025-03-12,serik,2025,24.74875,24,True
2025-03-13,serik,2025,27.244583333333335,24,True
2025-03-14,serik,2025,30.526666666666667,24,True
2025-03-15,serik,2025,34.08541666666667,24,True
2025-03-16,serik,2025,29.033333333333335,21,True
2025-03-17,serik,2025,30.610416666666666,24,True
2025-03-18,serik,2025,21.595,24,True
2025-03-19,serik,2025,11.932916666666666,24,True
2025-03-20,serik,2025,4.7825,24,True
2025-03-21,serik,2025,4.69125,24,True
2025-03-22,serik,2025,18.522916666666667,24,True
2025-03-23,serik,2025,17.335833333333333,24,True
2025-03-24,serik,2025,22.784166666666668,24,True
2025-03-25,serik,2025,22.684166666666666,24,True
2025-03-26,serik,2025,28.708333333333332,24,True
2025-03-27,serik,2025,32.45583333333334,24,True
2025-03-28,serik,2025,42.184090909090905,22,True
2025-03-29,serik,2025,22.698333333333334,24,True
2025-03-30,serik,2025,6.2562500000000005,24,True
2025-03-31,serik,2025,9.447916666666666,24,True
2025-04-01,serik,2025,24.669166666666666,24,True
2025-04-02,serik,2025,14.793333333333335,24,True
2025-04-03,serik,2025,4.63,20,True
2025-04-04,serik,2025,,0,False
2025-04-05,serik,2025,7.999130434782609,23,True
2025-04-06,serik,2025,4.212083333333333,24,True
2025-04-07,serik,2025,7.93875,24,True
2025-04-08,serik,2025,9.27375,24,True
2025-04-09,serik,2025,13.030416666666667,24,True
2025-04-10,serik,2025,5.019166666666666,24,True
2025-04-11,serik,2025,9.236666666666666,24,True
2025-04-12,serik,2025,6.346666666666667,24,True
2025-04-13,serik,2025,,15,False
2025-04-14,serik,2025,,1,False
2025-04-15,serik,2025,7.494583333333334,24,True
2025-04-16,serik,2025,13.837083333333334,24,True
2025-04-17,serik,2025,17.460833333333333,24,True
2025-04-18,serik,2025,19.693749999999998,24,True
2025-04-19,serik,2025,17.334583333333335,24,True
2025-04-20,serik,2025,16.006249999999998,24,True
2025-04-21,serik,2025,8.4,24,True
2025-04-22,serik,2025,8.784347826086956,23,True
2025-04-23,serik,2025,8.310416666666667,24,True
2025-04-24,serik,2025,8.975416666666666,24,True
2025-04-25,serik,2025,4.331818181818182,22,True
2025-04-26,serik,2025,3.5054166666666666,24,True
2025-04-27,serik,2025,3.685416666666667,24,True
2025-04-28,serik,2025,5.19625,24,True
2025-04-29,serik,2025,5.566666666666666,24,True
2025-04-30,serik,2025,5.774545454545454,22,True
2025-05-01,serik,2025,6.6525,24,True
2025-05-02,serik,2025,3.0545833333333334,24,True
2025-05-03,serik,2025,3.0195833333333333,24,True
2025-05-04,serik,2025,3.0208333333333335,24,True
2025-05-05,serik,2025,3.9766666666666666,24,True
2025-05-06,serik,2025,4.126666666666667,24,True
2025-05-07,serik,2025,4.244166666666667,24,True
2025-05-08,serik,2025,8.72,24,True
2025-05-09,serik,2025,5.239166666666667,24,True
2025-05-10,serik,2025,14.056666666666667,24,True
2025-05-11,serik,2025,14.631666666666668,24,True
2025-05-12,serik,2025,13.132916666666667,24,True
2025-05-13,serik,2025,7.585416666666667,24,True
2025-05-14,serik,2025,4.90625,24,True
2025-05-15,serik,2025,4.244166666666667,24,True
2025-05-16,serik,2025,5.732083333333333,24,True
2025-05-17,serik,2025,11.001666666666665,24,True
2025-05-18,serik,2025,10.947916666666666,24,True
2025-05-19,serik,2025,8.6425,24,True
2025-05-20,serik,2025,6.020416666666667,24,True
2025-05-21,serik,2025,7.173749999999999,24,True
2025-05-22,serik,2025,12.08375,24,True
2025-05-23,serik,2025,17.428333333333335,24,True
2025-05-24,serik,2025,16.00125,24,True
2025-05-25,serik,2025,15.8375,24,True
2025-05-26,serik,2025,13.981250000000001,24,True
2025-05-27,serik,2025,17.397083333333335,24,True
2025-05-28,serik,2025,15.077083333333334,24,True
2025-05-29,serik,2025,8.739166666666668,24,True
2025-05-30,serik,2025,5.524583333333333,24,True
2025-05-31,serik,2025,2.620833333333333,24,True
2025-06-01,serik,2025,2.660416666666667,24,True
2025-06-02,serik,2025,3.340833333333333,24,True
2025-06-03,serik,2025,3.265,24,True
2025-06-04,serik,2025,4.757916666666667,24,True
2025-06-05,serik,2025,13.073333333333332,24,True
2025-06-06,serik,2025,15.76,24,True
2025-06-07,serik,2025,15.916666666666666,24,True
2025-06-08,serik,2025,8.090416666666668,24,True
2025-06-09,serik,2025,10.47625,24,True
2025-06-10,serik,2025,14.509166666666667,24,True
2025-06-11,serik,2025,15.428333333333333,24,True
2025-06-12,serik,2025,11.614583333333334,24,True
2025-06-13,serik,2025,11.570833333333333,24,True
2025-06-14,serik,2025,15.6,24,True
2025-06-15,serik,2025,13.664583333333333,24,True
2025-06-16,serik,2025,11.335416666666667,24,True
2025-06-17,serik,2025,8.637083333333333,24,True
2025-06-18,serik,2025,9.554166666666665,24,True
2025-06-19,serik,2025,10.545833333333333,24,True
2025-06-20,serik,2025,11.445,24,True
2025-06-21,serik,2025,17.294583333333332,24,True
2025-06-22,serik,2025,9.19,24,True
2025-06-23,serik,2025,7.777916666666666,24,True
2025-06-24,serik,2025,9.79125,24,True
2025-06-25,serik,2025,9.4975,24,True
2025-06-26,serik,2025,10.860833333333334,24,True
2025-06-27,serik,2025,15.479583333333332,24,True
2025-06-28,serik,2025,11.249166666666667,24,True
2025-06-29,serik,2025,14.705416666666666,24,True
2025-06-30,serik,2025,7.772916666666667,24,True
2025-07-01,serik,2025,5.610416666666667,24,True
2025-07-02,serik,2025,14.083333333333334,24,True
2025-07-03,serik,2025,7.314583333333334,24,True
2025-07-04,serik,2025,11.172083333333333,24,True
2025-07-05,serik,2025,8.459999999999999,24,True
2025-07-06,serik,2025,6.982083333333333,24,True
2025-07-07,serik,2025,14.39684210526316,19,True
2025-07-08,serik,2025,26.652916666666666,24,True
2025-07-09,serik,2025,15.350833333333334,24,True
2025-07-10,serik,2025,11.444583333333334,24,True
2025-07-11,serik,2025,10.2825,24,True
2025-07-12,serik,2025,8.467083333333333,24,True
2025-07-13,serik,2025,10.837916666666667,24,True
2025-07-14,serik,2025,12.558333333333332,24,True
2025-07-15,serik,2025,14.617083333333333,24,True
2025-07-16,serik,2025,13.75875,24,True
2025-07-17,serik,2025,16.738333333333333,24,True
2025-07-18,serik,2025,14.166666666666666,24,True
2025-07-19,serik,2025,15.744583333333333,24,True
2025-07-20,serik,2025,12.142083333333332,24,True
2025-07-21,serik,2025,14.180416666666666,24,True
2025-07-22,serik,2025,14.830833333333333,24,True
2025-07-23,serik,2025,17.383333333333333,24,True
2025-07-24,serik,2025,17.701666666666668,24,True
2025-07-25,serik,2025,17.694166666666668,24,True
2025-07-26,serik,2025,8.69875,24,True
2025-07-27,serik,2025,17.719583333333333,24,True
2025-07-28,serik,2025,11.042083333333332,24,True
2025-07-29,serik,2025,13.295416666666668,24,True
2025-07-30,serik,2025,18.761666666666667,24,True
2025-07-31,serik,2025,15.226666666666667,24,True
2025-08-01,serik,2025,11.243333333333332,24,True
2025-08-02,serik,2025,15.599583333333333,24,True
2025-08-03,serik,2025,7.892083333333333,24,True
2025-08-04,serik,2025,7.698333333333333,24,True
2025-08-05,serik,2025,10.392916666666666,24,True
2025-08-06,serik,2025,9.032916666666667,24,True
2025-08-07,serik,2025,10.875652173913043,23,True
2025-08-08,serik,2025,13.460416666666667,24,True
2025-08-09,serik,2025,13.3375,24,True
2025-08-10,serik,2025,20.6775,24,True
2025-08-11,serik,2025,20.41375,24,True
2025-08-12,serik,2025,24.203333333333333,24,True
2025-08-13,serik,2025,25.00208333333333,24,True
2025-08-14,serik,2025,23.217916666666667,24,True
2025-08-15,serik,2025,29.23875,24,True
2025-08-16,serik,2025,34.01166666666666,24,True
2025-08-17,serik,2025,30.337083333333336,24,True
2025-08-18,serik,2025,23.883750000000003,24,True
2025-08-19,serik,2025,29.346249999999998,24,True
2025-08-20,serik,2025,25.834999999999997,24,True
2025-08-21,serik,2025,21.64708333333333,24,True
2025-08-22,serik,2025,26.558333333333334,24,True
2025-08-23,serik,2025,24.83875,24,True
2025-08-24,serik,2025,20.857916666666668,24,True
2025-08-25,serik,2025,24.309166666666666,24,True
2025-08-26,serik,2025,21.529583333333335,24,True
2025-08-27,serik,2025,23.255,24,True
2025-08-28,serik,2025,17.895416666666666,24,True
2025-08-29,serik,2025,20.1175,24,True
2025-08-30,serik,2025,16.64625,24,True
2025-08-31,serik,2025,19.265833333333333,24,True
2025-09-01,serik,2025,21.138333333333332,24,True
2025-09-02,serik,2025,21.77208333333333,24,True
2025-09-03,serik,2025,24.246666666666666,24,True
2025-09-04,serik,2025,21.307916666666667,24,True
2025-09-05,serik,2025,22.05333333333333,24,True
2025-09-06,serik,2025,26.549130434782608,23,True
2025-09-07,serik,2025,17.717499999999998,24,True
2025-09-08,serik,2025,16.8825,24,True
2025-09-09,serik,2025,19.620416666666667,24,True
2025-09-10,serik,2025,16.111666666666668,24,True
2025-09-11,serik,2025,15.205833333333333,24,True
2025-09-12,serik,2025,24.499583333333334,24,True
2025-09-13,serik,2025,19.604583333333334,24,True
2025-09-14,serik,2025,17.1125,24,True
2025-09-15,serik,2025,15.87375,24,True
2025-09-16,serik,2025,25.823333333333334,24,True
2025-09-17,serik,2025,20.709166666666665,24,True
2025-09-18,serik,2025,19.243750000000002,24,True
2025-09-19,serik,2025,36.212916666666665,24,True
2025-09-20,serik,2025,10.828333333333333,24,True
2025-09-21,serik,2025,10.592083333333333,24,True
2025-09-22,serik,2025,16.167916666666667,24,True
2025-09-23,serik,2025,18.220833333333335,24,True
2025-09-24,serik,2025,20.868750000000002,24,True
2025-09-25,serik,2025,22.589166666666667,24,True
2025-09-26,serik,2025,26.95875,24,True
2025-09-27,serik,2025,19.355416666666667,24,True
2025-09-28,serik,2025,19.66,24,True
2025-09-29,serik,2025,19.87375,24,True
2025-09-30,serik,2025,10.329583333333334,24,True
2025-10-01,serik,2025,12.810833333333333,24,True
2025-10-02,serik,2025,14.5475,24,True
2025-10-03,serik,2025,7.703333333333333,24,True
2025-10-04,serik,2025,11.505416666666667,24,True
2025-10-05,serik,2025,8.237916666666667,24,True
2025-10-06,serik,2025,7.205416666666667,24,True
2025-10-07,serik,2025,6.662916666666667,24,True
2025-10-08,serik,2025,11.380434782608695,23,True
2025-10-09,serik,2025,12.806666666666667,24,True
2025-10-10,serik,2025,14.634583333333333,24,True
2025-10-11,serik,2025,23.225416666666664,24,True
2025-10-12,serik,2025,18.53375,24,True
2025-10-13,serik,2025,12.768333333333333,24,True
2025-10-14,serik,2025,19.135833333333334,24,True
2025-10-15,serik,2025,21.442083333333333,24,True
2025-10-16,serik,2025,25.7225,24,True
2025-10-17,serik,2025,32.473333333333336,24,True
2025-10-18,serik,2025,24.092083333333335,24,True
2025-10-19,serik,2025,25.555833333333336,24,True
2025-10-20,serik,2025,34.14625,24,True
2025-10-21,serik,2025,28.383750000000003,24,True
2025-10-22,serik,2025,26.117083333333337,24,True
2025-10-23,serik,2025,21.613333333333333,24,True
2025-10-24,serik,2025,25.84625,24,True
2025-10-25,serik,2025,18.5,24,True
2025-10-26,serik,2025,20.899583333333332,24,True
2025-10-27,serik,2025,24.62375,24,True
2025-10-28,serik,2025,19.794166666666666,24,True
2025-10-29,serik,2025,18.50375,24,True
2025-10-30,serik,2025,41.199999999999996,24,True
2025-10-31,serik,2025,41.88291666666667,24,True
2025-11-01,serik,2025,42.07833333333333,24,True
2025-11-02,serik,2025,54.59166666666667,24,True
2025-11-03,serik,2025,89.41416666666667,24,True
2025-11-04,serik,2025,79.66333333333334,24,True
2025-11-05,serik,2025,63.72875,24,True
2025-11-06,serik,2025,64.73083333333334,24,True
2025-11-07,serik,2025,26.315833333333334,24,True
2025-11-08,serik,2025,16.48125,24,True
2025-11-09,serik,2025,25.941666666666666,24,True
2025-11-10,serik,2025,42.78041666666667,24,True
2025-11-11,serik,2025,55.94541666666667,24,True
2025-11-12,serik,2025,31.877916666666668,24,True
2025-11-13,serik,2025,17.306250000000002,24,True
2025-11-14,serik,2025,19.180833333333336,24,True
2025-11-15,serik,2025,15.39,24,True
2025-11-16,serik,2025,29.577916666666667,24,True
2025-11-17,serik,2025,33.78416666666667,24,True
2025-11-18,serik,2025,31.918333333333333,24,True
2025-11-19,serik,2025,42.62,24,True
2025-11-20,serik,2025,50.30041666666667,24,True
2025-11-21,serik,2025,69.31875000000001,24,True
2025-11-22,serik,2025,72.43583333333333,24,True
2025-11-23,serik,2025,71.58041666666666,24,True
2025-11-24,serik,2025,43.596666666666664,24,True
2025-11-25,serik,2025,33.56916666666667,24,True
2025-11-26,serik,2025,12.717500000000001,24,True
2025-11-27,serik,2025,16.432916666666667,24,True
2025-11-28,serik,2025,40.431666666666665,24,True
2025-11-29,serik,2025,38.80583333333333,24,True
2025-11-30,serik,2025,13.019583333333335,24,True
2025-12-01,serik,2025,24.772916666666664,24,True
2025-12-02,serik,2025,57.82333333333333,24,True
2025-12-03,serik,2025,51.092083333333335,24,True
2025-12-04,serik,2025,54.067083333333336,24,True
2025-12-05,serik,2025,33.89416666666667,24,True
2025-12-06,serik,2025,14.541666666666666,24,True
2025-12-07,serik,2025,18.605416666666667,24,True
2025-12-08,serik,2025,38.49375,24,True
2025-12-09,serik,2025,15.10125,24,True
2025-12-10,serik,2025,20.930416666666666,24,True
2025-12-11,serik,2025,26.7775,24,True
2025-12-12,serik,2025,35.47291666666667,24,True
2025-12-13,serik,2025,55.77541666666667,24,True
2025-12-14,serik,2025,70.08749999999999,24,True
2025-12-15,serik,2025,32.128750000000004,24,True
2025-12-16,serik,2025,23.17,24,True
2025-12-17,serik,2025,22.8025,24,True
2025-12-18,serik,2025,97.00166666666667,24,True
2025-12-19,serik,2025,90.12124999999999,24,True
2025-12-20,serik,2025,64.78041666666667,24,True
2025-12-21,serik,2025,29.913750000000004,24,True
2025-12-22,serik,2025,31.005,24,True
2025-12-23,serik,2025,20.564166666666665,24,True
2025-12-24,serik,2025,31.308333333333334,24,True
2025-12-25,serik,2025,36.43833333333333,24,True
2025-12-26,serik,2025,32.981249999999996,24,True
2025-12-27,serik,2025,12.414166666666667,24,True
2025-12-28,serik,2025,26.08583333333333,24,True
2025-12-29,serik,2025,10.688333333333333,24,True
2025-12-30,serik,2025,50.770833333333336,24,True
2025-12-31,serik,2025,15.162083333333333,24,True
2024-01-01,trafik,2024,51.43375,24,True
2024-01-02,trafik,2024,27.122083333333336,24,True
2024-01-03,trafik,2024,47.7425,24,True
2024-01-04,trafik,2024,46.1025,24,True
2024-01-05,trafik,2024,42.1575,24,True
2024-01-06,trafik,2024,29.162916666666664,24,True
2024-01-07,trafik,2024,27.403333333333336,24,True
2024-01-08,trafik,2024,100.88541666666667,24,True
2024-01-09,trafik,2024,71.87208333333334,24,True
2024-01-10,trafik,2024,28.030833333333334,24,True
2024-01-11,trafik,2024,12.9425,24,True
2024-01-12,trafik,2024,35.446666666666665,24,True
2024-01-13,trafik,2024,16.746666666666666,24,True
2024-01-14,trafik,2024,23.900000000000002,24,True
2024-01-15,trafik,2024,37.117916666666666,24,True
2024-01-16,trafik,2024,35.20583333333334,24,True
2024-01-17,trafik,2024,28.86125,24,True
2024-01-18,trafik,2024,52.6575,24,True
2024-01-19,trafik,2024,38.456250000000004,24,True
2024-01-20,trafik,2024,59.67208333333334,24,True
2024-01-21,trafik,2024,47.22208333333333,24,True
2024-01-22,trafik,2024,15.02875,24,True
2024-01-23,trafik,2024,28.187083333333334,24,True
2024-01-24,trafik,2024,42.237500000000004,24,True
2024-01-25,trafik,2024,49.15708333333333,24,True
2024-01-26,trafik,2024,20.770833333333332,24,True
2024-01-27,trafik,2024,10.654583333333333,24,True
2024-01-28,trafik,2024,12.484583333333333,24,True
2024-01-29,trafik,2024,7.960416666666667,24,True
2024-01-30,trafik,2024,11.91391304347826,23,True
2024-01-31,trafik,2024,9.99875,24,True
2024-02-01,trafik,2024,21.2,24,True
2024-02-02,trafik,2024,39.79125,24,True
2024-02-03,trafik,2024,39.46375,24,True
2024-02-04,trafik,2024,32.38375,24,True
2024-02-05,trafik,2024,31.065833333333334,24,True
2024-02-06,trafik,2024,57.225833333333334,24,True
2024-02-07,trafik,2024,50.62708333333333,24,True
2024-02-08,trafik,2024,27.482083333333335,24,True
2024-02-09,trafik,2024,28.744583333333335,24,True
2024-02-10,trafik,2024,33.956250000000004,24,True
2024-02-11,trafik,2024,37.590833333333336,24,True
2024-02-12,trafik,2024,61.38458333333333,24,True
2024-02-13,trafik,2024,32.83583333333333,24,True
2024-02-14,trafik,2024,15.075833333333334,24,True
2024-02-15,trafik,2024,26.405416666666667,24,True
2024-02-16,trafik,2024,28.245833333333334,24,True
2024-02-17,trafik,2024,27.568749999999998,24,True
2024-02-18,trafik,2024,18.812916666666666,24,True
2024-02-19,trafik,2024,14.252083333333333,24,True
2024-02-20,trafik,2024,33.90833333333333,24,True
2024-02-21,trafik,2024,32.07666666666667,24,True
2024-02-22,trafik,2024,37.704166666666666,24,True
2024-02-23,trafik,2024,44.740833333333335,24,True
2024-02-24,trafik,2024,40.303333333333335,24,True
2024-02-25,trafik,2024,43.194583333333334,24,True
2024-02-26,trafik,2024,44.29125,24,True
2024-02-27,trafik,2024,23.288749999999997,24,True
2024-02-28,trafik,2024,49.03875,24,True
2024-02-29,trafik,2024,48.06583333333333,24,True
2024-03-01,trafik,2024,45.997083333333336,24,True
2024-03-02,trafik,2024,44.187916666666666,24,True
2024-03-03,trafik,2024,20.786666666666665,24,True
2024-03-04,trafik,2024,33.90375,24,True
2024-03-05,trafik,2024,36.25,24,True
2024-03-06,trafik,2024,20.16541666666667,24,True
2024-03-07,trafik,2024,22.701666666666668,24,True
2024-03-08,trafik,2024,53.567499999999995,24,True
2024-03-09,trafik,2024,10.959583333333335,24,True
2024-03-10,trafik,2024,12.49125,24,True
2024-03-11,trafik,2024,36.757083333333334,24,True
2024-03-12,trafik,2024,35.59625,24,True
2024-03-13,trafik,2024,44.61166666666667,24,True
2024-03-14,trafik,2024,27.071250000000003,24,True
2024-03-15,trafik,2024,18.12125,24,True
2024-03-16,trafik,2024,24.676666666666666,24,True
2024-03-17,trafik,2024,28.94875,24,True
2024-03-18,trafik,2024,22.597916666666666,24,True
2024-03-19,trafik,2024,25.368750000000002,24,True
2024-03-20,trafik,2024,33.44416666666667,24,True
2024-03-21,trafik,2024,15.38125,24,True
2024-03-22,trafik,2024,9.981666666666667,24,True
2024-03-23,trafik,2024,10.348333333333334,24,True
2024-03-24,trafik,2024,28.401666666666667,24,True
2024-03-25,trafik,2024,33.87291666666667,24,True
2024-03-26,trafik,2024,25.000833333333333,24,True
2024-03-27,trafik,2024,48.668749999999996,24,True
2024-03-28,trafik,2024,43.437916666666666,24,True
2024-03-29,trafik,2024,42.50208333333333,24,True
2024-03-30,trafik,2024,10.670833333333334,24,True
2024-03-31,trafik,2024,12.219583333333333,24,True
2024-04-01,trafik,2024,,11,False
2024-04-02,trafik,2024,,0,False
2024-04-03,trafik,2024,,0,False
2024-04-04,trafik,2024,,0,False
2024-04-05,trafik,2024,,5,False
2024-04-06,trafik,2024,32.57375,24,True
2024-04-07,trafik,2024,18.18375,24,True
2024-04-08,trafik,2024,12.89875,24,True
2024-04-09,trafik,2024,14.80625,24,True
2024-04-10,trafik,2024,24.502916666666668,24,True
2024-04-11,trafik,2024,26.05875,24,True
2024-04-12,trafik,2024,32.44625,24,True
2024-04-13,trafik,2024,31.50916666666667,24,True
2024-04-14,trafik,2024,28.375833333333333,24,True
2024-04-15,trafik,2024,20.27875,24,True
2024-04-16,trafik,2024,32.885,24,True
2024-04-17,trafik,2024,36.87708333333333,24,True
2024-04-18,trafik,2024,98.26458333333333,24,True
2024-04-19,trafik,2024,41.768750000000004,24,True
2024-04-20,trafik,2024,37.41458333333333,24,True
2024-04-21,trafik,2024,20.55125,24,True
2024-04-22,trafik,2024,16.93166666666667,24,True
2024-04-23,trafik,2024,38.182916666666664,24,True
2024-04-24,trafik,2024,60.04208333333333,24,True
2024-04-25,trafik,2024,101.42166666666667,24,True
2024-04-26,trafik,2024,96.24583333333334,24,True
2024-04-27,trafik,2024,66.80791666666667,24,True
2024-04-28,trafik,2024,49.23875,24,True
2024-04-29,trafik,2024,45.665,24,True
2024-04-30,trafik,2024,44.27,24,True
2024-05-01,trafik,2024,47.58916666666667,24,True
2024-05-02,trafik,2024,50.221666666666664,24,True
2024-05-03,trafik,2024,35.08708333333333,24,True
2024-05-04,trafik,2024,33.49208333333333,24,True
2024-05-05,trafik,2024,11.973333333333334,24,True
2024-05-06,trafik,2024,16.4675,24,True
2024-05-07,trafik,2024,32.11291666666667,24,True
2024-05-08,trafik,2024,30.515416666666667,24,True
2024-05-09,trafik,2024,33.98375,24,True
2024-05-10,trafik,2024,31.811666666666667,24,True
2024-05-11,trafik,2024,45.44291666666666,24,True
2024-05-12,trafik,2024,37.598333333333336,24,True
2024-05-13,trafik,2024,16.172083333333333,24,True
2024-05-14,trafik,2024,18.76125,24,True
2024-05-15,trafik,2024,30.059583333333332,24,True
2024-05-16,trafik,2024,39.30083333333334,24,True
2024-05-17,trafik,2024,36.115833333333335,24,True
2024-05-18,trafik,2024,29.649583333333336,24,True
2024-05-19,trafik,2024,33.821666666666665,24,True
2024-05-20,trafik,2024,51.53666666666667,24,True
2024-05-21,trafik,2024,61.11260869565217,23,True
2024-05-22,trafik,2024,77.32666666666667,24,True
2024-05-23,trafik,2024,69.84583333333333,24,True
2024-05-24,trafik,2024,29.034166666666668,24,True
2024-05-25,trafik,2024,24.602500000000003,24,True
2024-05-26,trafik,2024,39.13375,24,True
2024-05-27,trafik,2024,28.52916666666667,24,True
2024-05-28,trafik,2024,44.671666666666674,24,True
2024-05-29,trafik,2024,43.20541666666667,24,True
2024-05-30,trafik,2024,35.11708333333333,24,True
2024-05-31,trafik,2024,35.58625,24,True
2024-06-01,trafik,2024,33.841249999999995,24,True
2024-06-02,trafik,2024,42.911249999999995,24,True
2024-06-03,trafik,2024,44.67875,24,True
2024-06-04,trafik,2024,46.24041666666667,24,True
2024-06-05,trafik,2024,59.81666666666666,24,True
2024-06-06,trafik,2024,58.35041666666667,24,True
2024-06-07,trafik,2024,65.59625,24,True
2024-06-08,trafik,2024,40.4875,24,True
2024-06-09,trafik,2024,15.722500000000002,24,True
2024-06-10,trafik,2024,28.683333333333334,24,True
2024-06-11,trafik,2024,37.52583333333333,24,True
2024-06-12,trafik,2024,48.630833333333335,24,True
2024-06-13,trafik,2024,58.48166666666666,24,True
2024-06-14,trafik,2024,68.35818181818182,22,True
2024-06-15,trafik,2024,65.64291666666666,24,True
2024-06-16,trafik,2024,47.09791666666666,24,True
2024-06-17,trafik,2024,34.760416666666664,24,True
2024-06-18,trafik,2024,30.557916666666667,24,True
2024-06-19,trafik,2024,30.2975,24,True
2024-06-20,trafik,2024,23.702083333333334,24,True
2024-06-21,trafik,2024,27.02208333333333,24,True
2024-06-22,trafik,2024,26.847083333333334,24,True
2024-06-23,trafik,2024,25.752916666666668,24,True
2024-06-24,trafik,2024,32.89458333333334,24,True
2024-06-25,trafik,2024,38.4925,24,True
2024-06-26,trafik,2024,43.383809523809525,21,True
2024-06-27,trafik,2024,40.1225,24,True
2024-06-28,trafik,2024,45.93375,24,True
2024-06-29,trafik,2024,30.771666666666665,24,True
2024-06-30,trafik,2024,19.927916666666665,24,True
2024-07-01,trafik,2024,21.795,24,True
2024-07-02,trafik,2024,38.354166666666664,24,True
2024-07-03,trafik,2024,39.06583333333334,24,True
2024-07-04,trafik,2024,26.314166666666665,24,True
2024-07-05,trafik,2024,31.985,24,True
2024-07-06,trafik,2024,16.21125,24,True
2024-07-07,trafik,2024,18.292083333333334,24,True
2024-07-08,trafik,2024,31.812105263157893,19,True
2024-07-09,trafik,2024,34.31875,24,True
2024-07-10,trafik,2024,36.77333333333333,24,True
2024-07-11,trafik,2024,23.2625,24,True
2024-07-12,trafik,2024,34.501666666666665,24,True
2024-07-13,trafik,2024,38.68958333333333,24,True
2024-07-14,trafik,2024,29.963333333333335,24,True
2024-07-15,trafik,2024,31.78125,24,True
2024-07-16,trafik,2024,40.157916666666665,24,True
2024-07-17,trafik,2024,27.75208333333333,24,True
2024-07-18,trafik,2024,36.9425,24,True
2024-07-19,trafik,2024,42.852916666666665,24,True
2024-07-20,trafik,2024,40.897083333333335,24,True
2024-07-21,trafik,2024,38.79958333333334,24,True
2024-07-22,trafik,2024,43.0875,24,True
2024-07-23,trafik,2024,51.78666666666667,24,True
2024-07-24,trafik,2024,40.19875,24,True
2024-07-25,trafik,2024,45.218333333333334,24,True
2024-07-26,trafik,2024,34.51958333333334,24,True
2024-07-27,trafik,2024,16.879166666666666,24,True
2024-07-28,trafik,2024,16.237083333333334,24,True
2024-07-29,trafik,2024,30.12375,24,True
2024-07-30,trafik,2024,37.36625,24,True
2024-07-31,trafik,2024,31.150833333333335,24,True
2024-08-01,trafik,2024,38.38291666666667,24,True
2024-08-02,trafik,2024,36.76375,24,True
2024-08-03,trafik,2024,40.43,24,True
2024-08-04,trafik,2024,38.47208333333334,24,True
2024-08-05,trafik,2024,32.72833333333333,24,True
2024-08-06,trafik,2024,35.84375,24,True
2024-08-07,trafik,2024,33.19833333333333,24,True
2024-08-08,trafik,2024,37.58583333333333,24,True
2024-08-09,trafik,2024,38.87291666666667,24,True
2024-08-10,trafik,2024,43.154583333333335,24,True
2024-08-11,trafik,2024,33.09041666666666,24,True
2024-08-12,trafik,2024,25.900000000000002,24,True
2024-08-13,trafik,2024,27.163749999999997,24,True
2024-08-14,trafik,2024,31.586250000000003,24,True
2024-08-15,trafik,2024,31.27291666666667,24,True
2024-08-16,trafik,2024,31.252916666666668,24,True
2024-08-17,trafik,2024,25.743750000000002,24,True
2024-08-18,trafik,2024,39.29916666666667,24,True
2024-08-19,trafik,2024,33.15625,24,True
2024-08-20,trafik,2024,38.20666666666667,24,True
2024-08-21,trafik,2024,39.657916666666665,24,True
2024-08-22,trafik,2024,41.56041666666667,24,True
2024-08-23,trafik,2024,43.54666666666666,24,True
2024-08-24,trafik,2024,36.2025,24,True
2024-08-25,trafik,2024,36.06041666666667,24,True
2024-08-26,trafik,2024,26.12625,24,True
2024-08-27,trafik,2024,31.948333333333334,24,True
2024-08-28,trafik,2024,38.15875,24,True
2024-08-29,trafik,2024,44.17875,24,True
2024-08-30,trafik,2024,38.98375,24,True
2024-08-31,trafik,2024,37.06166666666667,24,True
2024-09-01,trafik,2024,24.682916666666667,24,True
2024-09-02,trafik,2024,23.779583333333335,24,True
2024-09-03,trafik,2024,27.09375,24,True
2024-09-04,trafik,2024,37.89125,24,True
2024-09-05,trafik,2024,27.292916666666667,24,True
2024-09-06,trafik,2024,28.749166666666667,24,True
2024-09-07,trafik,2024,32.602916666666665,24,True
2024-09-08,trafik,2024,37.391666666666666,24,True
2024-09-09,trafik,2024,46.35874999999999,24,True
2024-09-10,trafik,2024,34.930416666666666,24,True
2024-09-11,trafik,2024,28.57875,24,True
2024-09-12,trafik,2024,32.86125,24,True
2024-09-13,trafik,2024,44.37083333333334,24,True
2024-09-14,trafik,2024,37.79083333333333,24,True
2024-09-15,trafik,2024,41.54541666666667,24,True
2024-09-16,trafik,2024,31.99791666666667,24,True
2024-09-17,trafik,2024,28.131666666666664,24,True
2024-09-18,trafik,2024,38.05166666666667,24,True
2024-09-19,trafik,2024,39.68625,24,True
2024-09-20,trafik,2024,45.96125,24,True
2024-09-21,trafik,2024,38.43625,24,True
2024-09-22,trafik,2024,20.59875,24,True
2024-09-23,trafik,2024,30.141666666666666,24,True
2024-09-24,trafik,2024,32.88708333333333,24,True
2024-09-25,trafik,2024,26.9075,24,True
2024-09-26,trafik,2024,44.562083333333334,24,True
2024-09-27,trafik,2024,46.723749999999995,24,True
2024-09-28,trafik,2024,39.97083333333333,24,True
2024-09-29,trafik,2024,39.888695652173915,23,True
2024-09-30,trafik,2024,42.58958333333333,24,True
2024-10-01,trafik,2024,19.115833333333335,24,True
2024-10-02,trafik,2024,20.39708333333333,24,True
2024-10-03,trafik,2024,34.89541666666667,24,True
2024-10-04,trafik,2024,37.992916666666666,24,True
2024-10-05,trafik,2024,47.76708333333334,24,True
2024-10-06,trafik,2024,36.775652173913045,23,True
2024-10-07,trafik,2024,41.36666666666667,24,True
2024-10-08,trafik,2024,38.31916666666667,24,True
2024-10-09,trafik,2024,52.03041666666667,24,True
2024-10-10,trafik,2024,42.11708333333333,24,True
2024-10-11,trafik,2024,38.81,24,True
2024-10-12,trafik,2024,45.390833333333326,24,True
2024-10-13,trafik,2024,39.1775,24,True
2024-10-14,trafik,2024,43.45666666666667,24,True
2024-10-15,trafik,2024,44.0925,24,True
2024-10-16,trafik,2024,41.16125,24,True
2024-10-17,trafik,2024,42.0225,24,True
2024-10-18,trafik,2024,22.009583333333335,24,True
2024-10-19,trafik,2024,15.183333333333332,24,True
2024-10-20,trafik,2024,17.194583333333334,24,True
2024-10-21,trafik,2024,22.956666666666667,24,True
2024-10-22,trafik,2024,13.784782608695652,23,True
2024-10-23,trafik,2024,22.88047619047619,21,True
2024-10-24,trafik,2024,41.878750000000004,24,True
2024-10-25,trafik,2024,36.67916666666667,24,True
2024-10-26,trafik,2024,33.51791666666667,24,True
2024-10-27,trafik,2024,40.165,24,True
2024-10-28,trafik,2024,46.32041666666667,24,True
2024-10-29,trafik,2024,39.55625,24,True
2024-10-30,trafik,2024,40.504583333333336,24,True
2024-10-31,trafik,2024,36.35583333333333,24,True
2024-11-01,trafik,2024,39.485416666666666,24,True
2024-11-02,trafik,2024,49.293749999999996,24,True
2024-11-03,trafik,2024,44.854166666666664,24,True
2024-11-04,trafik,2024,38.904583333333335,24,True
2024-11-05,trafik,2024,38.95791666666667,24,True
2024-11-06,trafik,2024,43.07,24,True
2024-11-07,trafik,2024,46.53541666666666,24,True
2024-11-08,trafik,2024,42.04833333333333,24,True
2024-11-09,trafik,2024,30.158749999999998,24,True
2024-11-10,trafik,2024,40.85583333333334,24,True
2024-11-11,trafik,2024,22.416666666666668,24,True
2024-11-12,trafik,2024,34.49666666666666,24,True
2024-11-13,trafik,2024,37.88375,24,True
2024-11-14,trafik,2024,37.49041666666667,24,True
2024-11-15,trafik,2024,54.413333333333334,24,True
2024-11-16,trafik,2024,37.23916666666667,24,True
2024-11-17,trafik,2024,,16,False
2024-11-18,trafik,2024,,5,False
2024-11-19,trafik,2024,40.47125,24,True
2024-11-20,trafik,2024,29.782083333333333,24,True
2024-11-21,trafik,2024,39.53,24,True
2024-11-22,trafik,2024,20.71708333333333,24,True
2024-11-23,trafik,2024,44.66583333333333,24,True
2024-11-24,trafik,2024,7.6866666666666665,24,True
2024-11-25,trafik,2024,2.5975,24,True
2024-11-26,trafik,2024,12.907916666666667,24,True
2024-11-27,trafik,2024,34.7725,24,True
2024-11-28,trafik,2024,47.57,24,True
2024-11-29,trafik,2024,32.043749999999996,24,True
2024-11-30,trafik,2024,42.71875,24,True
2024-12-01,trafik,2024,45.89833333333333,24,True
2024-12-02,trafik,2024,50.17458333333334,24,True
2024-12-03,trafik,2024,23.75708333333333,24,True
2024-12-04,trafik,2024,23.010416666666668,24,True
2024-12-05,trafik,2024,35.71625,24,True
2024-12-06,trafik,2024,35.66041666666667,24,True
2024-12-07,trafik,2024,55.88333333333333,24,True
2024-12-08,trafik,2024,27.67625,24,True
2024-12-09,trafik,2024,31.691666666666666,24,True
2024-12-10,trafik,2024,47.981249999999996,24,True
2024-12-11,trafik,2024,65.47416666666668,24,True
2024-12-12,trafik,2024,35.4325,24,True
2024-12-13,trafik,2024,10.197083333333333,24,True
2024-12-14,trafik,2024,17.183333333333334,24,True
2024-12-15,trafik,2024,41.9825,24,True
2024-12-16,trafik,2024,35.3425,24,True
2024-12-17,trafik,2024,19.23695652173913,23,True
2024-12-18,trafik,2024,54.18833333333333,24,True
2024-12-19,trafik,2024,69.12458333333333,24,True
2024-12-20,trafik,2024,73.19208333333333,24,True
2024-12-21,trafik,2024,44.87166666666667,24,True
2024-12-22,trafik,2024,28.806250000000002,24,True
2024-12-23,trafik,2024,31.50125,24,True
2024-12-24,trafik,2024,22.03,24,True
2024-12-25,trafik,2024,28.229166666666668,24,True
2024-12-26,trafik,2024,8.149166666666668,24,True
2024-12-27,trafik,2024,17.860416666666666,24,True
2024-12-28,trafik,2024,29.86,24,True
2024-12-29,trafik,2024,18.920833333333334,24,True
2024-12-30,trafik,2024,14.896666666666667,24,True
2024-12-31,trafik,2024,6.677083333333333,24,True
2025-01-01,trafik,2025,26.63083333333333,24,True
2025-01-02,trafik,2025,46.17958333333333,24,True
2025-01-03,trafik,2025,35.41166666666667,24,True
2025-01-04,trafik,2025,46.19833333333333,24,True
2025-01-05,trafik,2025,26.854583333333334,24,True
2025-01-06,trafik,2025,18.05125,24,True
2025-01-07,trafik,2025,40.97125,24,True
2025-01-08,trafik,2025,47.51916666666667,24,True
2025-01-09,trafik,2025,52.63708333333333,24,True
2025-01-10,trafik,2025,55.95708333333334,24,True
2025-01-11,trafik,2025,49.182916666666664,24,True
2025-01-12,trafik,2025,48.14166666666667,24,True
2025-01-13,trafik,2025,28.910833333333333,24,True
2025-01-14,trafik,2025,32.0075,24,True
2025-01-15,trafik,2025,33.74708333333333,24,True
2025-01-16,trafik,2025,31.834166666666665,24,True
2025-01-17,trafik,2025,16.892083333333332,24,True
2025-01-18,trafik,2025,21.6525,24,True
2025-01-19,trafik,2025,20.0975,24,True
2025-01-20,trafik,2025,39.739583333333336,24,True
2025-01-21,trafik,2025,42.87625,24,True
2025-01-22,trafik,2025,18.38625,24,True
2025-01-23,trafik,2025,19.61375,24,True
2025-01-24,trafik,2025,32.2025,24,True
2025-01-25,trafik,2025,30.99083333333333,24,True
2025-01-26,trafik,2025,15.072083333333333,24,True
2025-01-27,trafik,2025,45.39291666666667,24,True
2025-01-28,trafik,2025,38.503750000000004,24,True
2025-01-29,trafik,2025,37.71083333333333,24,True
2025-01-30,trafik,2025,45.48499999999999,24,True
2025-01-31,trafik,2025,40.5025,24,True
2025-02-01,trafik,2025,27.53708333333333,24,True
2025-02-02,trafik,2025,39.93208333333333,24,True
2025-02-03,trafik,2025,51.53875,24,True
2025-02-04,trafik,2025,53.44416666666667,24,True
2025-02-05,trafik,2025,10.075000000000001,24,True
2025-02-06,trafik,2025,4.242083333333333,24,True
2025-02-07,trafik,2025,3.6520833333333336,24,True
2025-02-08,trafik,2025,4.87125,24,True
2025-02-09,trafik,2025,13.385416666666666,24,True
2025-02-10,trafik,2025,13.43,24,True
2025-02-11,trafik,2025,16.422083333333333,24,True
2025-02-12,trafik,2025,21.777083333333334,24,True
2025-02-13,trafik,2025,11.683750000000002,24,True
2025-02-14,trafik,2025,23.815416666666668,24,True
2025-02-15,trafik,2025,33.884166666666665,24,True
2025-02-16,trafik,2025,34.96375,24,True
2025-02-17,trafik,2025,32.54125,24,True
2025-02-18,trafik,2025,20.1,24,True
2025-02-19,trafik,2025,14.168333333333335,24,True
2025-02-20,trafik,2025,3.4324999999999997,24,True
2025-02-21,trafik,2025,10.075652173913044,23,True
2025-02-22,trafik,2025,4.7820833333333335,24,True
2025-02-23,trafik,2025,4.195,24,True
2025-02-24,trafik,2025,8.0175,24,True
2025-02-25,trafik,2025,33.17913043478261,23,True
2025-02-26,trafik,2025,41.430416666666666,24,True
2025-02-27,trafik,2025,37.76916666666667,24,True
2025-02-28,trafik,2025,21.32125,24,True
2025-03-01,trafik,2025,24.25708333333333,24,True
2025-03-02,trafik,2025,28.14708333333333,24,True
2025-03-03,trafik,2025,21.425416666666667,24,True
2025-03-04,trafik,2025,9.103333333333333,24,True
2025-03-05,trafik,2025,38.05565217391304,23,True
2025-03-06,trafik,2025,50.5925,24,True
2025-03-07,trafik,2025,20.94333333333333,24,True
2025-03-08,trafik,2025,28.090833333333332,24,True
2025-03-09,trafik,2025,35.64791666666667,24,True
2025-03-10,trafik,2025,39.095416666666665,24,True
2025-03-11,trafik,2025,46.32208333333333,24,True
2025-03-12,trafik,2025,38.05916666666666,24,True
2025-03-13,trafik,2025,42.85874999999999,24,True
2025-03-14,trafik,2025,42.98916666666667,24,True
2025-03-15,trafik,2025,51.12375,24,True
2025-03-16,trafik,2025,50.30916666666667,24,True
2025-03-17,trafik,2025,55.529583333333335,24,True
2025-03-18,trafik,2025,34.63791666666666,24,True
2025-03-19,trafik,2025,19.370434782608694,23,True
2025-03-20,trafik,2025,11.955416666666666,24,True
2025-03-21,trafik,2025,5.246521739130435,23,True
2025-03-22,trafik,2025,15.421666666666667,24,True
2025-03-23,trafik,2025,24.230833333333333,24,True
2025-03-24,trafik,2025,35.48833333333334,24,True
2025-03-25,trafik,2025,46.83583333333333,24,True
2025-03-26,trafik,2025,45.03375,24,True
2025-03-27,trafik,2025,74.00458333333333,24,True
2025-03-28,trafik,2025,58.975,24,True
2025-03-29,trafik,2025,39.10166666666667,24,True
2025-03-30,trafik,2025,16.69333333333333,24,True
2025-03-31,trafik,2025,25.2175,24,True
2025-04-01,trafik,2025,41.533750000000005,24,True
2025-04-02,trafik,2025,25.424166666666665,24,True
2025-04-03,trafik,2025,10.745,24,True
2025-04-04,trafik,2025,11.289130434782608,23,True
2025-04-05,trafik,2025,18.260833333333334,24,True
2025-04-06,trafik,2025,10.038333333333332,24,True
2025-04-07,trafik,2025,14.152083333333332,24,True
2025-04-08,trafik,2025,14.5725,24,True
2025-04-09,trafik,2025,14.649583333333334,24,True
2025-04-10,trafik,2025,5.974347826086956,23,True
2025-04-11,trafik,2025,16.17304347826087,23,True
2025-04-12,trafik,2025,8.918750000000001,24,True
2025-04-13,trafik,2025,7.735416666666667,24,True
2025-04-14,trafik,2025,10.652916666666666,24,True
2025-04-15,trafik,2025,12.610416666666666,24,True
2025-04-16,trafik,2025,71.94666666666666,18,True
2025-04-17,trafik,2025,34.0625,24,True
2025-04-18,trafik,2025,28.372083333333332,24,True
2025-04-19,trafik,2025,32.09583333333334,24,True
2025-04-20,trafik,2025,22.860833333333332,24,True
2025-04-21,trafik,2025,25.65625,24,True
2025-04-22,trafik,2025,25.87125,24,True
2025-04-23,trafik,2025,25.88272727272727,22,True
2025-04-24,trafik,2025,31.97458333333333,24,True
2025-04-25,trafik,2025,24.2825,24,True
2025-04-26,trafik,2025,13.139166666666666,24,True
2025-04-27,trafik,2025,13.865833333333333,24,True
2025-04-28,trafik,2025,25.24416666666667,24,True
2025-04-29,trafik,2025,21.864583333333332,24,True
2025-04-30,trafik,2025,18.251428571428573,21,True
2025-05-01,trafik,2025,,17,False
2025-05-02,trafik,2025,9.314583333333333,24,True
2025-05-03,trafik,2025,12.900869565217393,23,True
2025-05-04,trafik,2025,11.85375,24,True
2025-05-05,trafik,2025,23.848333333333333,24,True
2025-05-06,trafik,2025,20.6125,24,True
2025-05-07,trafik,2025,30.0175,24,True
2025-05-08,trafik,2025,23.630416666666665,24,True
2025-05-09,trafik,2025,26.280416666666667,24,True
2025-05-10,trafik,2025,43.69916666666666,24,True
2025-05-11,trafik,2025,37.92166666666667,24,True
2025-05-12,trafik,2025,39.114347826086956,23,True
2025-05-13,trafik,2025,27.799583333333334,24,True
2025-05-14,trafik,2025,24.119583333333335,24,True
2025-05-15,trafik,2025,17.05875,24,True
2025-05-16,trafik,2025,23.18263157894737,19,True
2025-05-17,trafik,2025,22.349166666666665,24,True
2025-05-18,trafik,2025,26.247083333333332,24,True
2025-05-19,trafik,2025,20.8665,20,True
2025-05-20,trafik,2025,26.237916666666667,24,True
2025-05-21,trafik,2025,19.8025,24,True
2025-05-22,trafik,2025,33.88,24,True
2025-05-23,trafik,2025,36.149166666666666,24,True
2025-05-24,trafik,2025,33.003750000000004,24,True
2025-05-25,trafik,2025,38.13791666666666,24,True
2025-05-26,trafik,2025,31.241666666666664,24,True
2025-05-27,trafik,2025,46.51684210526316,19,True
2025-05-28,trafik,2025,26.484583333333333,24,True
2025-05-29,trafik,2025,27.155,24,True
2025-05-30,trafik,2025,20.242916666666666,24,True
2025-05-31,trafik,2025,13.157083333333333,24,True
2025-06-01,trafik,2025,10.995,24,True
2025-06-02,trafik,2025,16.48,24,True
2025-06-03,trafik,2025,14.452083333333333,24,True
2025-06-04,trafik,2025,17.327272727272728,22,True
2025-06-05,trafik,2025,24.996666666666666,24,True
2025-06-06,trafik,2025,31.03625,24,True
2025-06-07,trafik,2025,28.397916666666664,24,True
2025-06-08,trafik,2025,15.927083333333334,24,True
2025-06-09,trafik,2025,18.576666666666664,24,True
2025-06-10,trafik,2025,23.778333333333332,24,True
2025-06-11,trafik,2025,20.319166666666668,24,True
2025-06-12,trafik,2025,24.924583333333334,24,True
2025-06-13,trafik,2025,27.083333333333332,24,True
2025-06-14,trafik,2025,20.389583333333334,24,True
2025-06-15,trafik,2025,22.982916666666668,24,True
2025-06-16,trafik,2025,16.026666666666667,24,True
2025-06-17,trafik,2025,16.889583333333334,24,True
2025-06-18,trafik,2025,19.16375,24,True
2025-06-19,trafik,2025,20.35875,24,True
2025-06-20,trafik,2025,25.526666666666667,24,True
2025-06-21,trafik,2025,30.911666666666665,24,True
2025-06-22,trafik,2025,18.125833333333333,24,True
2025-06-23,trafik,2025,8.81125,24,True
2025-06-24,trafik,2025,20.388333333333332,24,True
2025-06-25,trafik,2025,,11,False
2025-06-26,trafik,2025,,0,False
2025-06-27,trafik,2025,,0,False
2025-06-28,trafik,2025,,0,False
2025-06-29,trafik,2025,,0,False
2025-06-30,trafik,2025,,0,False
2025-07-01,trafik,2025,,0,False
2025-07-02,trafik,2025,,0,False
2025-07-03,trafik,2025,,0,False
2025-07-04,trafik,2025,,0,False
2025-07-05,trafik,2025,,0,False
2025-07-06,trafik,2025,,0,False
2025-07-07,trafik,2025,,0,False
2025-07-08,trafik,2025,,5,False
2025-07-09,trafik,2025,32.84791666666667,24,True
2025-07-10,trafik,2025,30.0325,24,True
2025-07-11,trafik,2025,29.91625,24,True
2025-07-12,trafik,2025,25.484583333333333,24,True
2025-07-13,trafik,2025,26.58583333333333,24,True
2025-07-14,trafik,2025,27.16875,24,True
2025-07-15,trafik,2025,27.151666666666667,24,True
2025-07-16,trafik,2025,28.507499999999997,24,True
2025-07-17,trafik,2025,29.412916666666664,24,True
2025-07-18,trafik,2025,33.855,24,True
2025-07-19,trafik,2025,30.61208333333333,24,True
2025-07-20,trafik,2025,26.841250000000002,24,True
2025-07-21,trafik,2025,29.08125,24,True
2025-07-22,trafik,2025,36.41833333333333,24,True
2025-07-23,trafik,2025,,0,False
2025-07-24,trafik,2025,,0,False
2025-07-25,trafik,2025,,0,False
2025-07-26,trafik,2025,,8,False
2025-07-27,trafik,2025,,16,False
2025-07-28,trafik,2025,,0,False
2025-07-29,trafik,2025,,0,False
2025-07-30,trafik,2025,,0,False
2025-07-31,trafik,2025,,0,False
2025-08-01,trafik,2025,,0,False
2025-08-02,trafik,2025,,0,False
2025-08-03,trafik,2025,,0,False
2025-08-04,trafik,2025,,0,False
2025-08-05,trafik,2025,,0,False
2025-08-06,trafik,2025,,0,False
2025-08-07,trafik,2025,,0,False
2025-08-08,trafik,2025,,0,False
2025-08-09,trafik,2025,,0,False
2025-08-10,trafik,2025,,0,False
2025-08-11,trafik,2025,,0,False
2025-08-12,trafik,2025,,0,False
2025-08-13,trafik,2025,,0,False
2025-08-14,trafik,2025,,0,False
2025-08-15,trafik,2025,,0,False
2025-08-16,trafik,2025,,0,False
2025-08-17,trafik,2025,,0,False
2025-08-18,trafik,2025,,0,False
2025-08-19,trafik,2025,,0,False
2025-08-20,trafik,2025,,0,False
2025-08-21,trafik,2025,,0,False
2025-08-22,trafik,2025,,0,False
2025-08-23,trafik,2025,,0,False
2025-08-24,trafik,2025,,0,False
2025-08-25,trafik,2025,,0,False
2025-08-26,trafik,2025,,0,False
2025-08-27,trafik,2025,,0,False
2025-08-28,trafik,2025,,0,False
2025-08-29,trafik,2025,,0,False
2025-08-30,trafik,2025,,0,False
2025-08-31,trafik,2025,,0,False
2025-09-01,trafik,2025,,0,False
2025-09-02,trafik,2025,,0,False
2025-09-03,trafik,2025,,0,False
2025-09-04,trafik,2025,,0,False
2025-09-05,trafik,2025,,0,False
2025-09-06,trafik,2025,,0,False
2025-09-07,trafik,2025,,0,False
2025-09-08,trafik,2025,,0,False
2025-09-09,trafik,2025,,0,False
2025-09-10,trafik,2025,,0,False
2025-09-11,trafik,2025,,0,False
2025-09-12,trafik,2025,,0,False
2025-09-13,trafik,2025,,0,False
2025-09-14,trafik,2025,,0,False
2025-09-15,trafik,2025,,0,False
2025-09-16,trafik,2025,,0,False
2025-09-17,trafik,2025,,0,False
2025-09-18,trafik,2025,,6,False
2025-09-19,trafik,2025,19.699583333333333,24,True
2025-09-20,trafik,2025,5.415833333333333,24,True
2025-09-21,trafik,2025,13.657083333333333,24,True
2025-09-22,trafik,2025,19.500416666666666,24,True
2025-09-23,trafik,2025,20.555416666666666,24,True
2025-09-24,trafik,2025,11.947916666666666,24,True
2025-09-25,trafik,2025,30.342916666666667,24,True
2025-09-26,trafik,2025,19.98875,24,True
2025-09-27,trafik,2025,26.455,24,True
2025-09-28,trafik,2025,15.159166666666666,24,True
2025-09-29,trafik,2025,13.927916666666667,24,True
2025-09-30,trafik,2025,10.46625,24,True
2025-10-01,trafik,2025,19.18166666666667,24,True
2025-10-02,trafik,2025,23.505416666666665,24,True
2025-10-03,trafik,2025,24.326666666666668,24,True
2025-10-04,trafik,2025,29.732499999999998,24,True
2025-10-05,trafik,2025,16.4725,24,True
2025-10-06,trafik,2025,24.34958333333333,24,True
2025-10-07,trafik,2025,17.598333333333333,24,True
2025-10-08,trafik,2025,18.490416666666665,24,True
2025-10-09,trafik,2025,17.570416666666667,24,True
2025-10-10,trafik,2025,17.016666666666666,24,True
2025-10-11,trafik,2025,20.989583333333332,24,True
2025-10-12,trafik,2025,18.69125,24,True
2025-10-13,trafik,2025,16.191666666666666,24,True
2025-10-14,trafik,2025,23.096666666666668,24,True
2025-10-15,trafik,2025,23.578333333333333,24,True
2025-10-16,trafik,2025,27.60875,24,True
2025-10-17,trafik,2025,27.385833333333334,24,True
2025-10-18,trafik,2025,28.1825,24,True
2025-10-19,trafik,2025,27.155416666666667,24,True
2025-10-20,trafik,2025,31.719583333333333,24,True
2025-10-21,trafik,2025,28.749583333333334,24,True
2025-10-22,trafik,2025,28.07375,24,True
2025-10-23,trafik,2025,26.641666666666666,24,True
2025-10-24,trafik,2025,30.851250000000004,24,True
2025-10-25,trafik,2025,21.954583333333332,24,True
2025-10-26,trafik,2025,22.302916666666665,24,True
2025-10-27,trafik,2025,28.0775,24,True
2025-10-28,trafik,2025,31.718333333333334,24,True
2025-10-29,trafik,2025,17.858333333333334,24,True
2025-10-30,trafik,2025,33.01708333333333,24,True
2025-10-31,trafik,2025,41.510416666666664,24,True
2025-11-01,trafik,2025,33.91291666666667,24,True
2025-11-02,trafik,2025,33.992916666666666,24,True
2025-11-03,trafik,2025,34.192083333333336,24,True
2025-11-04,trafik,2025,26.228333333333335,24,True
2025-11-05,trafik,2025,27.7375,24,True
2025-11-06,trafik,2025,29.057083333333335,24,True
2025-11-07,trafik,2025,14.811666666666667,24,True
2025-11-08,trafik,2025,10.417916666666667,24,True
2025-11-09,trafik,2025,19.943749999999998,24,True
2025-11-10,trafik,2025,34.450833333333335,24,True
2025-11-11,trafik,2025,37.74045454545455,22,True
2025-11-12,trafik,2025,38.975833333333334,24,True
2025-11-13,trafik,2025,24.588333333333335,24,True
2025-11-14,trafik,2025,22.7325,24,True
2025-11-15,trafik,2025,18.171666666666667,24,True
2025-11-16,trafik,2025,20.014583333333334,24,True
2025-11-17,trafik,2025,26.999583333333334,24,True
2025-11-18,trafik,2025,27.26125,24,True
2025-11-19,trafik,2025,39.8575,24,True
2025-11-20,trafik,2025,40.26291666666666,24,True
2025-11-21,trafik,2025,57.03458333333333,24,True
2025-11-22,trafik,2025,61.13125,24,True
2025-11-23,trafik,2025,47.11958333333333,24,True
2025-11-24,trafik,2025,50.54416666666666,24,True
2025-11-25,trafik,2025,23.545833333333334,24,True
2025-11-26,trafik,2025,3.7754166666666666,24,True
2025-11-27,trafik,2025,11.612083333333333,24,True
2025-11-28,trafik,2025,29.560833333333335,24,True
2025-11-29,trafik,2025,30.54625,24,True
2025-11-30,trafik,2025,4.325833333333333,24,True
2025-12-01,trafik,2025,14.946666666666667,24,True
2025-12-02,trafik,2025,19.395833333333332,24,True
2025-12-03,trafik,2025,28.20375,24,True
2025-12-04,trafik,2025,41.00666666666667,24,True
2025-12-05,trafik,2025,25.571250000000003,24,True
2025-12-06,trafik,2025,6.2058333333333335,24,True
2025-12-07,trafik,2025,4.964583333333333,24,True
2025-12-08,trafik,2025,13.22875,24,True
2025-12-09,trafik,2025,11.272083333333333,24,True
2025-12-10,trafik,2025,7.70625,24,True
2025-12-11,trafik,2025,6.836666666666667,24,True
2025-12-12,trafik,2025,12.145833333333334,24,True
2025-12-13,trafik,2025,35.754583333333336,24,True
2025-12-14,trafik,2025,28.618750000000002,24,True
2025-12-15,trafik,2025,26.423333333333332,24,True
2025-12-16,trafik,2025,9.892083333333334,24,True
2025-12-17,trafik,2025,12.012916666666667,24,True
2025-12-18,trafik,2025,35.43875,24,True
2025-12-19,trafik,2025,52.206250000000004,24,True
2025-12-20,trafik,2025,47.661249999999995,24,True
2025-12-21,trafik,2025,25.064166666666665,24,True
2025-12-22,trafik,2025,14.855416666666665,24,True
2025-12-23,trafik,2025,4.714166666666666,24,True
2025-12-24,trafik,2025,11.676666666666668,24,True
2025-12-25,trafik,2025,16.55333333333333,24,True
2025-12-26,trafik,2025,18.95,24,True
2025-12-27,trafik,2025,5.475833333333333,24,True
2025-12-28,trafik,2025,2.9104166666666664,24,True
2025-12-29,trafik,2025,10.235,24,True
2025-12-30,trafik,2025,20.605416666666667,24,True
2025-12-31,trafik,2025,18.83875,24,True
